S_No,CustomerID,AccountNumber,CustomerName,Age,Gender,City,Branch,AccountType,AccountBalance,TransactionID,TransactionDate,TransactionType,TransactionAmount,Channel,TransactionStatus,CreditScore,Occupation,AnnualIncome,LoanStatus,Email,PhoneNumber,Outlier
1,CUST11850,4334251023,Joshua Herring,21.0,Male,Bangalore,Connaught Place Branch,Salary,136361.11,TXN101850,2022-02-16,Loan EMI,80257.06,UPI,Failed,686.0,Retired,2956995.42,No,matthewsbailey@example.org,450-949-7236x6946,False
2,CUST10008,7567496105,Brian Cox DVM,53.0,Male,Mumbai,Koramangala Branch,Salary,51333.85,TXN100008,2024-06-09,Withdrawal,90772.06,UPI,Failed,569.0,Retired,2321592.27,Yes,bjones@example.net,671-882-2782,False
3,CUST11964,9699630656,Derrick Davis MD,58.0,Male,Ahmedabad,Connaught Place Branch,Fixed Deposit,289853.45,TXN101964,2022-11-01,Withdrawal,39514.38,UPI,Success,589.0,Salaried,823444.51,Yes,russellmichael@example.com,(428)622-6195x490,False
4,CUST10238,6588252632,Michael Brown,45.0,Male,Jaipur,Koramangala Branch,NRI,300845.34,TXN100238,2022-10-08,Bill Payment,166139.01,Mobile App,Success,420.0,Business Owner,474935.78,Yes,thomas17@example.net,445-658-8450x61593,False
5,CUST10718,2105718202,Nicole Perez,61.0,Female,Jaipur,MG Road Branch,NRI,113521.91,TXN100718,2022-08-12,Deposit,101412.24,Mobile App,Success,542.0,Self-Employed,1078498.78,No,lreid@example.com,+1-668-443-6453x804,False
6,CUST10055,1521521078,Elizabeth Vasquez,58.0,Other,Delhi,Andheri Branch,Salary,273173.7,TXN100055,2025-02-05,Bill Payment,18687.18,Mobile App,Success,420.0,Unemployed,2521608.05,No,youngamanda@example.com,258.769.2617x964,False
7,CUST11941,2498667456,Melissa Harris,29.0,Male,Ahmedabad,Andheri Branch,Savings,27346.97,TXN101941,2024-07-08,Loan EMI,100926.72,ATM,Success,781.0,Business Owner,2514372.62,Yes,rodriguezbrent@example.com,+1-539-555-3308x923,False
8,CUST11500,5483279043,Jonathan Wright,36.0,Other,Jaipur,Koramangala Branch,Salary,462493.08,TXN101500,2023-04-07,POS Purchase,18158.06,POS,Success,874.0,Salaried,2197343.85,No,louis04@example.org,+1-531-569-7920x6754,False
9,CUST10888,3680788282,Daniel Singh,65.0,Other,Chennai,Koramangala Branch,Fixed Deposit,95819.41,TXN100888,2024-08-20,Bill Payment,77710.01,UPI,Success,684.0,Business Owner,1195362.61,No,elizabeth52@example.org,+1-786-300-3044x3619,False
10,CUST10594,8487886592,Ashley Donaldson,53.0,Female,Chennai,Salt Lake Branch,NRI,465882.92,TXN100594,2022-10-07,Bill Payment,99586.15,UPI,Pending,845.0,Unemployed,505371.02,Yes,david80@example.net,5617558108,False
11,CUST10922,8343972092,Anthony Washington,64.0,Female,Bangalore,Koramangala Branch,Savings,333977.49,TXN100922,2023-01-21,Withdrawal,137950.56,Mobile App,Pending,345.0,Retired,2530868.57,No,bjones@example.net,824-889-4204x6648,False
12,CUST10719,8219909864,Arthur Cooper,22.0,Other,Pune,Koramangala Branch,Current,7470.77,TXN100719,2025-05-28,Loan EMI,72089.37,Branch,Failed,683.0,Student,2836066.72,No,harveylisa@example.org,+1-970-715-9591x94575,False
13,CUST10833,2128989501,Alex Suarez,68.0,Female,Pune,MG Road Branch,NRI,58745.23,TXN100833,2023-04-11,Bill Payment,166024.09,Mobile App,Success,602.0,Self-Employed,2638924.21,No,michealhardy@example.net,(631)244-1706x46255,False
14,CUST11245,1309327341,Lori Howard,54.0,Other,Kolkata,Banjara Hills Branch,Fixed Deposit,132167.69,TXN101245,2025-03-12,ATM Withdrawal,18310.23,UPI,Success,516.0,Retired,1064965.57,No,jose79@example.com,4367640163,False
15,CUST10197,4308571144,Danielle Reed,45.0,Female,Ahmedabad,Koramangala Branch,Savings,40662.55,TXN100197,2025-11-06,Transfer,100926.72,UPI,Success,520.0,Business Owner,572722.82,Yes,jhernandez@example.net,7025877217,False
16,CUST10580,1622009556,Kelsey Williams,31.0,Other,Bangalore,MG Road Branch,Salary,361608.54,TXN100580,2025-03-24,Deposit,135679.65,Internet Banking,Success,737.0,Student,2548731.26,Yes,hhopkins@example.com,943-894-3535x37513,False
17,CUST11362,1935461091,Cody Lynch,21.0,Male,Chennai,Salt Lake Branch,Current,395606.12,TXN101362,2024-04-05,Bill Payment,47892.58,Mobile App,Success,303.0,Retired,1628178.1099999999,Yes,higginskelly@example.org,001-344-231-8343x6953,False
18,CUST11188,2274617096,Kelli Lee,74.0,Other,Kolkata,Kothrud Branch,Salary,259629.05,TXN101188,2023-05-11,Transfer,100926.72,Internet Banking,Success,361.0,Student,2606825.98,No,twilliams@example.net,(644)947-4890,False
19,CUST11589,2741435254,William Riley,70.0,Male,Lucknow,Anna Nagar Branch,Fixed Deposit,65040.79,TXN101589,2025-04-13,Loan EMI,161314.82,UPI,Failed,311.0,Self-Employed,1276923.09,No,charper@example.net,(246)210-5110,False
20,CUST11051,8745056645,Cathy Wyatt,36.0,Other,Delhi,MG Road Branch,Fixed Deposit,495906.52,TXN101051,2025-04-08,Loan EMI,33161.93,POS,Success,730.0,Retired,1782238.49,No,lynchmartin@example.org,+1-747-504-7476x4845,False
21,CUST10849,9251741685,Wendy Perez,24.0,Other,Hyderabad,Anna Nagar Branch,Salary,499716.64,TXN100849,2024-06-25,Loan EMI,8202.53,POS,Success,580.0,Salaried,1559304.84,Yes,markbates@example.com,+1-838-728-0405x6129,False
22,CUST10701,1990305666,David Rice,56.0,Other,Kolkata,MG Road Branch,Current,409770.54,TXN100701,2023-08-17,Loan EMI,50313.8,UPI,Success,461.0,Student,363114.8,Yes,douglasbrandt@example.org,716-288-0925,False
23,CUST11546,4472143771,Nicole Patterson,59.0,Female,Chennai,Salt Lake Branch,Fixed Deposit,356210.66,TXN101546,2025-05-05,Deposit,174621.61,Mobile App,Success,435.0,Self-Employed,1520985.76,Yes,hhunter@example.org,933-306-4098x0587,False
24,CUST11777,9058653836,Kathryn Sullivan MD,54.0,Female,Bangalore,MG Road Branch,NRI,246244.99,TXN101777,2022-07-28,Withdrawal,12709.68,Branch,Success,497.0,Business Owner,1628178.1099999999,Yes,coopermegan@example.net,+1-487-377-7014x97268,False
25,CUST11181,2972928272,Joanne Lopez,31.0,Male,Hyderabad,Kothrud Branch,Current,249064.83,TXN101181,2025-02-20,POS Purchase,65653.27,UPI,Failed,586.0,Salaried,316470.68,No,hsmith@example.org,582-308-4931x539,False
26,CUST10745,2642431326,Benjamin Clements,49.0,Other,Pune,Banjara Hills Branch,NRI,355862.26,TXN100745,2024-07-15,Withdrawal,100926.72,Mobile App,Success,537.0,Student,1203991.64,Yes,katelynturner@example.org,+1-413-300-0413,False
27,CUST10952,4274273579,Laura Grimes,28.0,Female,Bangalore,MG Road Branch,Current,41044.76,TXN100952,2025-06-11,Transfer,161919.59,Mobile App,Success,716.0,Self-Employed,839769.85,Yes,mcooper@example.com,371-561-9827x348,False
28,CUST10889,2469431527,Gregory Wiggins,45.0,Other,Hyderabad,Connaught Place Branch,Fixed Deposit,137228.77,TXN100889,2022-06-20,Bill Payment,183759.28,Mobile App,Success,626.0,Retired,2703084.56,Yes,monicaduncan@example.org,5299295014,False
29,CUST10431,4969546654,Benjamin Mccarty,50.0,Other,Ahmedabad,Banjara Hills Branch,NRI,246244.99,TXN100431,2025-10-11,Deposit,36210.67,ATM,Pending,734.0,Self-Employed,1615615.36,No,jamie48@example.org,805.980.2566x212,False
30,CUST10857,7045485090,Cynthia Palmer,45.0,Female,Delhi,Banjara Hills Branch,Current,246244.99,TXN100857,2023-12-29,Withdrawal,141467.23,ATM,Success,488.0,Business Owner,1294069.1,Yes,david78@example.net,(261)433-7184x449,False
31,CUST11984,4780074961,Mario Francis,66.0,Female,Delhi,Banjara Hills Branch,Current,491405.71,TXN101984,2025-10-08,ATM Withdrawal,54047.89,Branch,Success,386.0,Retired,1871201.26,No,nicholas33@example.net,001-923-249-5245,False
32,CUST11184,2835684811,Erin Montes,65.0,Male,Kolkata,Connaught Place Branch,Fixed Deposit,21886.26,TXN101184,2025-03-12,Withdrawal,39961.93,Mobile App,Success,740.0,Retired,1044643.79,Yes,brianwhite@example.com,609.876.6919,False
33,CUST10946,6116450998,Micheal Powell,37.0,Male,Kolkata,Salt Lake Branch,Salary,246244.99,TXN100946,2024-05-18,ATM Withdrawal,131839.27,POS,Failed,442.0,Unemployed,990793.6,No,ryanthompson@example.org,+1-375-789-1704x542,False
34,CUST11084,3676538990,Kimberly Haney,74.0,Other,Jaipur,Anna Nagar Branch,Savings,456509.6,TXN101084,2025-05-11,Bill Payment,100926.72,Internet Banking,Success,641.0,Retired,822651.33,Yes,wellsadam@example.com,836-202-3442x2521,False
35,CUST11553,7495614564,Aaron Williamson,34.0,Female,Ahmedabad,Koramangala Branch,Savings,457064.61,TXN101553,2023-04-20,Loan EMI,154441.63,UPI,Failed,605.0,Salaried,339221.91,Yes,piercedevin@example.com,716-727-9636x512,False
36,CUST10061,5201928545,Jacqueline Hernandez,66.0,Other,Mumbai,Kothrud Branch,Current,345470.59,TXN100061,2022-03-01,Deposit,64908.71,Mobile App,Success,683.0,Student,1628178.1099999999,No,fjones@example.org,(215)628-0988x51656,False
37,CUST11302,5778342509,Angela Brown,47.0,Male,Hyderabad,Kothrud Branch,NRI,471580.57,TXN101302,2023-12-05,Withdrawal,79763.67,POS,Success,846.0,Student,2992138.27,No,lucasivan@example.net,+1-756-716-2256x4718,False
38,CUST10747,7414180352,David Wells,45.0,Female,Kolkata,Andheri Branch,Savings,157328.71,TXN100747,2025-03-03,POS Purchase,81336.53,Mobile App,Success,514.0,Retired,2414883.0,No,xmullins@example.org,(399)557-0607x17481,False
39,CUST10455,4390092441,Diana Lyons,35.0,Male,Ahmedabad,Kothrud Branch,Fixed Deposit,462881.1,TXN100455,2023-11-13,ATM Withdrawal,84502.08,Mobile App,Success,567.0,Retired,339146.62,No,miguelmontgomery@example.net,986.830.5050x5739,False
40,CUST10610,9207034721,Maria Sanders,22.0,Female,Pune,MG Road Branch,Current,297572.6,TXN100610,2025-11-27,Withdrawal,57966.79,Branch,Success,494.0,Unemployed,2471420.49,No,joshua09@example.org,001-479-477-2781x050,False
41,CUST11264,6433662484,Brian Perez,31.0,Other,Mumbai,MG Road Branch,Salary,112155.3,TXN101264,2024-07-12,ATM Withdrawal,115910.14,POS,Success,705.0,Retired,2518906.06,Yes,michaelholmes@example.org,423.594.5645,False
42,CUST10260,2260892281,Robert James,66.0,Other,Jaipur,Kothrud Branch,NRI,410962.64,TXN100260,2025-08-22,Deposit,100926.72,ATM,Success,549.0,Salaried,2095271.38,No,weeksmatthew@example.com,(713)590-6048x05892,False
43,CUST11343,5163217597,Kevin Allen,29.0,Other,Delhi,Salt Lake Branch,Current,171083.81,TXN101343,2022-12-08,Deposit,184769.75,Mobile App,Success,474.0,Self-Employed,2699150.23,Yes,ariana12@example.com,597-777-2659x76408,False
44,CUST11679,6710852405,Megan Singh,53.0,Other,Bangalore,Anna Nagar Branch,Current,293066.81,TXN101679,2023-12-23,Loan EMI,79326.52,Mobile App,Success,751.0,Salaried,1997618.41,No,martharay@example.net,418.567.1708x049,False
45,CUST10489,4953305212,Keith Bauer,62.0,Female,Ahmedabad,Connaught Place Branch,NRI,310301.64,TXN100489,2025-06-20,ATM Withdrawal,88456.66,ATM,Failed,714.0,Self-Employed,2660777.84,Yes,joysanders@example.net,+1-881-627-8686,False
46,CUST11459,9587096470,Olivia Hayes,32.0,Other,Jaipur,Koramangala Branch,Current,404920.15,TXN101459,2025-11-29,Withdrawal,156572.86,UPI,Success,377.0,Student,2215335.67,Yes,crystal46@example.com,001-732-355-4411x818,False
47,CUST11672,8023085096,Gregory Archer,51.0,Male,Kolkata,Koramangala Branch,Fixed Deposit,446535.38,TXN101672,2023-06-10,Loan EMI,100926.72,Mobile App,Failed,525.0,Salaried,2981498.3,Yes,scottlindsey@example.com,001-777-219-8883x7434,False
48,CUST10971,5946283846,Jaime Bender,53.0,Other,Hyderabad,Connaught Place Branch,Savings,246244.99,TXN100971,2022-12-01,Loan EMI,7540.33,UPI,Success,367.0,Self-Employed,1484673.85,Yes,znolan@example.net,454-501-8227x200,False
49,CUST11197,5307870216,Darrell Stein,40.0,Male,Chennai,Connaught Place Branch,Fixed Deposit,18031.6,TXN101197,2025-06-06,ATM Withdrawal,194462.17,ATM,Success,855.0,Student,1936553.84,Yes,alvarezstephanie@example.com,001-844-370-8231x714,False
50,CUST10300,6845287382,Andrew Livingston,53.0,Other,Hyderabad,Banjara Hills Branch,Savings,202939.26,TXN100300,2023-12-21,Loan EMI,135933.19,POS,Success,889.0,Unemployed,2000023.21,Yes,jessica94@example.org,(201)951-5325x94795,False
51,CUST10280,6282009986,Lisa Rodriguez,42.0,Male,Mumbai,MG Road Branch,Current,258969.23,TXN100280,2024-10-29,ATM Withdrawal,83988.01,Internet Banking,Success,481.0,Student,2719583.42,Yes,webbhaley@example.net,969-954-8995x2997,False
52,CUST11274,6357565508,Timothy Valencia,33.0,Other,Delhi,Kothrud Branch,NRI,383557.59,TXN101274,2022-06-06,Loan EMI,37302.06,Internet Banking,Success,348.0,Salaried,1663110.18,Yes,alexander69@example.com,811.526.6497x19670,False
53,CUST11871,8210261862,Michael Mckee,27.0,Female,Bangalore,Anna Nagar Branch,Savings,374831.77,TXN101871,2023-01-13,Loan EMI,36496.71,ATM,Failed,564.0,Student,2886004.59,No,greenekaren@example.org,001-662-446-9476x29368,False
54,CUST10271,6138636031,Alexander Miller,64.0,Other,Mumbai,Anna Nagar Branch,Savings,424041.57,TXN100271,2025-07-17,Deposit,162537.85,POS,Success,517.0,Salaried,1722042.9,No,manderson@example.com,001-252-667-7223x306,False
55,CUST10675,8369405044,Micheal Washington,43.0,Other,Mumbai,Connaught Place Branch,Salary,245061.69,TXN100675,2022-12-17,Loan EMI,40754.92,UPI,Success,594.0,Unemployed,158854.58,Yes,bwalker@example.net,317-389-9698x609,False
56,CUST10003,1438989805,Kimberly Dudley,42.0,Male,Kolkata,Banjara Hills Branch,NRI,128583.04,TXN100003,2022-03-30,ATM Withdrawal,91912.0,Mobile App,Pending,687.0,Salaried,1723315.8,No,smiller@example.net,+1-659-931-0341x316,False
57,CUST11355,3650098209,Linda Ingram,31.0,Other,Delhi,Salt Lake Branch,Salary,154482.17,TXN101355,2023-04-06,Withdrawal,94091.44,Mobile App,Success,607.0,Unemployed,1737995.39,Yes,madisonchristensen@example.net,001-753-411-1235x90426,False
58,CUST10448,3722697824,William Jones,72.0,Female,Hyderabad,Koramangala Branch,Current,124505.55,TXN100448,2025-05-16,Withdrawal,81202.89,Mobile App,Success,328.0,Self-Employed,2421577.57,No,riddledavid@example.net,(836)845-8750,False
59,CUST10862,2453176190,Carolyn Walker,41.0,Male,Bangalore,Kothrud Branch,Current,395997.25,TXN100862,2022-03-27,Transfer,100926.72,Branch,Success,401.0,Student,409217.4,No,mark21@example.com,+1-350-458-7146x92182,False
60,CUST10111,5577353273,Jill Powers,43.0,Other,Ahmedabad,Salt Lake Branch,Fixed Deposit,410786.4,TXN100111,2022-06-01,Withdrawal,194477.33,UPI,Success,777.0,Unemployed,1624476.03,Yes,sanchezbradley@example.com,783.702.8439,False
61,CUST11603,8432307583,Stephen Zavala,45.0,Female,Kolkata,Salt Lake Branch,Current,179638.26,TXN101603,2024-10-30,Transfer,100926.72,Internet Banking,Success,388.0,Student,594777.58,No,zspencer@example.org,001-723-507-0659x480,False
62,CUST10722,7902450578,Ronald Nash,60.0,Other,Jaipur,Kothrud Branch,Salary,130937.27,TXN100722,2025-03-24,Transfer,182218.35,ATM,Success,670.0,Self-Employed,1449090.35,Yes,jeremy79@example.net,466.527.0511x5794,False
63,CUST11632,4752519255,Ana Douglas,62.0,Other,Mumbai,Connaught Place Branch,Current,126124.81,TXN101632,2023-12-07,POS Purchase,131758.18,POS,Failed,689.0,Retired,744771.56,No,lgonzalez@example.org,430-565-8744x8883,False
64,CUST10807,4532858338,Alice Robinson,30.0,Male,Bangalore,Connaught Place Branch,Salary,248398.73,TXN100807,2023-10-18,Loan EMI,106103.38,Mobile App,Success,515.0,Retired,2064878.62,No,garybernard@example.net,836.508.4937x83063,False
65,CUST11034,2040357878,Philip Chapman,61.0,Male,Delhi,Salt Lake Branch,NRI,337341.04,TXN101034,2022-12-16,POS Purchase,114305.51,UPI,Success,614.0,Student,998122.17,Yes,barbara81@example.net,(883)818-0036,False
66,CUST10954,8354809424,Antonio Atkins,46.0,Male,Pune,Salt Lake Branch,Savings,268338.63,TXN100954,2023-07-11,Withdrawal,176367.17,Branch,Success,836.0,Business Owner,1628178.1099999999,No,bwilliams@example.com,698.434.4883,False
67,CUST11555,2886273393,Brandy Allen MD,24.0,Other,Pune,Connaught Place Branch,Savings,64036.1,TXN101555,2022-07-01,Transfer,111864.16,UPI,Success,467.0,Self-Employed,795921.56,No,aaronstrong@example.net,224-337-5391x692,False
68,CUST11637,6699383130,Michelle Dawson,52.0,Female,Mumbai,Andheri Branch,Savings,432515.85,TXN101637,2022-09-16,Loan EMI,89489.65,Branch,Success,483.0,Retired,2842274.74,No,esnow@example.com,+1-361-314-6036,False
69,CUST10880,8096305764,Arthur Gonzalez,37.0,Other,Pune,MG Road Branch,Current,104674.96,TXN100880,2025-02-03,Withdrawal,131947.31,POS,Success,753.0,Salaried,2127813.39,No,bjones@example.net,591-906-0183x6472,False
70,CUST10029,2333241445,Daniel Murphy,69.0,Male,Delhi,MG Road Branch,Savings,118645.48,TXN100029,2024-08-31,POS Purchase,169955.05,Mobile App,Success,889.0,Self-Employed,2197285.86,No,aramirez@example.com,270-580-5310,False
71,CUST11643,2152862731,Paul Patterson,42.0,Female,Jaipur,Connaught Place Branch,Current,496389.88,TXN101643,2023-03-12,Bill Payment,169830.6,UPI,Success,323.0,Retired,624199.0,No,kelly17@example.net,001-356-927-5280x016,False
72,CUST10624,9473321348,Carl Hunter,56.0,Other,Kolkata,Andheri Branch,Current,188508.53,TXN100624,2025-01-30,Bill Payment,107772.51,Branch,Success,535.0,Student,1628178.1099999999,No,psmith@example.net,(760)346-4197x8575,False
73,CUST11701,8119211908,Thomas Kelly,59.0,Male,Chennai,Andheri Branch,Salary,301942.39,TXN101701,2023-05-12,Bill Payment,59591.1,Mobile App,Failed,448.0,Retired,650757.06,Yes,wvelazquez@example.net,544.533.1997x115,False
74,CUST10900,7154070708,Kimberly Black,72.0,Male,Ahmedabad,MG Road Branch,Salary,480526.91,TXN100900,2022-05-18,Transfer,141219.52,POS,Success,540.0,Student,2838513.27,Yes,seth29@example.org,(201)951-5325x94795,False
75,CUST12064,6845481008,Lindsay Davis,22.0,Female,Hyderabad,Salt Lake Branch,NRI,62466.59,TXN102064,2022-08-11,Loan EMI,143469.97,Branch,Success,783.0,Salaried,2521104.85,Yes,jane27@example.org,5299331326,False
76,CUST10201,3130846652,Roger Lee,42.0,Other,Pune,Andheri Branch,Salary,103431.63,TXN100201,2023-01-19,Transfer,56006.92,Internet Banking,Success,551.0,Unemployed,991049.71,No,daniel60@example.net,+1-991-477-9827x08086,False
77,CUST11838,4154243917,Claudia Watson,37.0,Male,Mumbai,Andheri Branch,NRI,118494.46,TXN101838,2022-06-27,POS Purchase,66117.29,Branch,Pending,896.0,Unemployed,1524244.44,Yes,karagood@example.net,539-888-4427x8952,False
78,CUST11584,5084093531,Daniel Pierce,65.0,Other,Jaipur,Connaught Place Branch,Salary,132083.99,TXN101584,2025-09-12,Transfer,82194.32,ATM,Success,739.0,Self-Employed,2055954.27,Yes,taylor88@example.com,9702946577,False
79,CUST11737,9993908985,Jose Ramos,57.0,Other,Bangalore,MG Road Branch,Fixed Deposit,335223.22,TXN101737,2023-05-19,Withdrawal,146717.25,Branch,Success,314.0,Salaried,2690946.25,Yes,ngreene@example.net,524.455.3815x18272,False
80,CUST11835,2059151220,Anthony Graham,56.0,Male,Pune,Andheri Branch,Salary,476063.28,TXN101835,2024-04-02,Loan EMI,739.28,Internet Banking,Success,885.0,Student,2798283.4,Yes,gcarroll@example.org,(748)662-7553x7793,False
81,CUST11140,1999219424,Vincent Adams,48.0,Other,Pune,MG Road Branch,Salary,246244.99,TXN101140,2023-05-25,Deposit,183674.21,ATM,Success,396.0,Student,1097484.54,Yes,christopher90@example.com,001-859-565-9992x01237,False
82,CUST11879,9303909734,Tonya Reed,19.0,Other,Lucknow,Banjara Hills Branch,Current,355862.58,TXN101879,2024-07-28,Withdrawal,11040.2,Internet Banking,Success,631.0,Salaried,1289319.21,Yes,clarkjonathan@example.org,+1-639-906-2798x9582,False
83,CUST10641,8478761088,Kristy Reeves,25.0,Female,Ahmedabad,MG Road Branch,NRI,73649.26,TXN100641,2024-08-20,Withdrawal,128061.27,ATM,Success,597.0,Salaried,2818910.05,No,shirley29@example.net,577-642-2294x6430,False
84,CUST11709,1202855165,Walter White,59.0,Male,Hyderabad,MG Road Branch,NRI,389339.92,TXN101709,2023-02-26,Transfer,81646.98,UPI,Success,597.0,Business Owner,1932486.15,Yes,salaskara@example.com,+1-317-304-8364,False
85,CUST10468,8889757029,Marissa Miller,27.0,Male,Mumbai,Kothrud Branch,Fixed Deposit,224298.04,TXN100468,2023-07-06,POS Purchase,131618.36,ATM,Pending,763.0,Student,2850142.43,Yes,melissa01@example.org,445.982.6034x08487,False
86,CUST10789,7868720188,Timothy Bauer,38.0,Female,Mumbai,Banjara Hills Branch,NRI,265491.66,TXN100789,2024-03-14,Withdrawal,171818.36,Branch,Success,593.0,Student,597358.24,Yes,elizabeth33@example.com,(920)410-9121,False
87,CUST11260,1160169467,Mr. Joshua Davis,18.0,Male,Delhi,Koramangala Branch,NRI,213582.84,TXN101260,2023-09-16,Bill Payment,185783.63,Internet Banking,Success,597.0,Retired,305631.89,Yes,umccoy@example.com,325-770-6802x6933,False
88,CUST11470,5290941764,Gina Chang,26.0,Male,Pune,MG Road Branch,Fixed Deposit,198632.24,TXN101470,2024-08-07,POS Purchase,155103.79,Branch,Success,899.0,Salaried,518641.14,No,fgarcia@example.org,603.805.6870x9412,False
89,CUST10670,3879771081,Heidi Hall,47.0,Female,Bangalore,Kothrud Branch,Savings,166927.32,TXN100670,2025-04-24,Loan EMI,105552.55,ATM,Success,619.0,Unemployed,1443962.6,Yes,nicholasgarcia@example.org,+1-893-928-9634x0646,False
90,CUST12011,6448757068,Barry Collins,23.0,Other,Chennai,Salt Lake Branch,Current,331248.23,TXN102011,2023-04-12,Loan EMI,44411.75,UPI,Success,677.0,Student,841745.94,No,vdavila@example.net,873.396.1034x0573,False
91,CUST10052,4248149900,Stephanie Lucas,45.0,Other,Ahmedabad,Koramangala Branch,Current,498457.46,TXN100052,2024-06-11,ATM Withdrawal,162858.28,Mobile App,Success,718.0,Business Owner,1065016.03,Yes,kristina09@example.com,001-621-445-6232x8588,False
92,CUST10341,9931278947,Joseph Watson,67.0,Female,Delhi,Kothrud Branch,Salary,87908.12,TXN100341,2024-03-04,Bill Payment,94795.69,Internet Banking,Success,333.0,Student,2328935.73,Yes,kjenkins@example.org,328.833.8988,False
93,CUST10263,5036200310,Thomas Davis,65.0,Other,Delhi,MG Road Branch,Fixed Deposit,246244.99,TXN100263,2022-03-19,Deposit,100926.72,Internet Banking,Success,871.0,Salaried,1628178.1099999999,Yes,whenderson@example.org,559-704-2597x92703,False
94,CUST10653,1400524723,Jessica Murphy,19.0,Female,Chennai,Andheri Branch,Savings,307140.32,TXN100653,2025-01-18,Deposit,114380.18,Mobile App,Success,433.0,Student,1958219.98,No,angela40@example.org,001-615-657-3257x37553,False
95,CUST10301,6517352486,Luis Hill,38.0,Other,Jaipur,Kothrud Branch,Fixed Deposit,444264.39,TXN100301,2024-02-20,POS Purchase,57340.39,UPI,Pending,471.0,Unemployed,2451993.86,No,alexis19@example.org,001-227-752-4372,False
96,CUST10846,8530448447,Jody Scott,67.0,Male,Ahmedabad,Anna Nagar Branch,Salary,172661.37,TXN100846,2025-01-07,ATM Withdrawal,161040.88,Internet Banking,Success,613.0,Salaried,2755388.24,Yes,richardharper@example.net,+1-669-496-4899x718,False
97,CUST10309,2773408660,Deborah Graves,72.0,Male,Delhi,Andheri Branch,Salary,50729.96,TXN100309,2024-07-21,POS Purchase,90580.81,UPI,Success,492.0,Business Owner,205276.88,Yes,gandrews@example.net,001-777-766-1830x67198,False
98,CUST10647,9585846518,Christopher Hunter MD,44.0,Female,Delhi,Banjara Hills Branch,NRI,210053.84,TXN100647,2023-11-19,Deposit,185273.45,Branch,Success,481.0,Retired,1845441.66,No,joseph83@example.com,988-447-1270x587,False
99,CUST11497,9624355690,Rachel Koch,52.0,Other,Mumbai,MG Road Branch,Current,291254.04,TXN101497,2025-04-28,Deposit,197687.9,Branch,Success,542.0,Unemployed,232115.6,No,boyddavid@example.net,435.598.4742,False
100,CUST11339,7481739217,Hannah Riggs,66.0,Female,Kolkata,Banjara Hills Branch,Savings,427117.7,TXN101339,2023-05-01,Loan EMI,166294.96,ATM,Success,764.0,Self-Employed,2560696.16,Yes,kimberly47@example.org,(931)510-5833x096,False
101,CUST11963,5462227155,Scott Carter,45.0,Other,Bangalore,MG Road Branch,Fixed Deposit,324338.14,TXN101963,2022-07-20,Loan EMI,100926.72,Branch,Success,697.0,Salaried,2658460.07,Yes,masonernest@example.net,+1-983-988-2015x149,False
102,CUST10432,9523846861,Jasmine Berger,25.0,Female,Mumbai,Andheri Branch,Fixed Deposit,246244.99,TXN100432,2025-12-14,Transfer,111448.57,Mobile App,Success,805.0,Salaried,1246626.18,No,davidharris@example.com,001-272-499-4938x743,False
103,CUST11895,7342883429,Jessica Zimmerman,68.0,Male,Chennai,Connaught Place Branch,Savings,186156.71,TXN101895,2025-11-09,POS Purchase,96232.22,POS,Success,725.0,Salaried,1207853.47,No,omarsh@example.net,840-588-3318x3801,False
104,CUST11063,3584703554,Elizabeth Fernandez,67.0,Female,Chennai,Salt Lake Branch,NRI,246244.99,TXN101063,2023-06-23,Deposit,194060.88,Internet Banking,Success,597.0,Salaried,2821138.81,No,droach@example.org,398-344-5143x67286,False
105,CUST10376,6348227727,Abigail Booker,58.0,Other,Mumbai,Koramangala Branch,NRI,21651.01,TXN100376,2023-12-05,POS Purchase,155716.5,Branch,Success,780.0,Retired,1628178.1099999999,No,unguyen@example.net,001-823-304-5018,False
106,CUST11832,1192054222,Brittany Moreno,45.0,Other,Delhi,Salt Lake Branch,Salary,325442.37,TXN101832,2024-03-31,Transfer,100926.72,Branch,Success,385.0,Student,255464.17,Yes,brian14@example.net,001-740-523-2358,False
107,CUST11627,7936109089,Andrea Robinson,45.0,Female,Bangalore,Anna Nagar Branch,Savings,333390.4,TXN101627,2024-10-18,Bill Payment,193840.83,UPI,Success,359.0,Business Owner,653866.16,No,philip83@example.org,523.366.7041x710,False
108,CUST11966,4474036000,Lauren Davis,36.0,Other,Ahmedabad,Andheri Branch,Salary,295088.94,TXN101966,2022-04-20,Withdrawal,27973.84,Internet Banking,Success,793.0,Student,363284.24,No,brooke67@example.net,323.695.9360,False
109,CUST10464,8506844200,Autumn Robertson,45.0,Female,Hyderabad,Koramangala Branch,NRI,153070.21,TXN100464,2022-12-04,Transfer,147387.0,Branch,Success,454.0,Retired,2581145.93,No,brittney26@example.org,3139674926,False
110,CUST10279,9020002737,Heather Johnson,28.0,Male,Pune,Andheri Branch,NRI,409328.86,TXN100279,2023-01-08,POS Purchase,131946.77,ATM,Success,650.0,Student,1850120.08,Yes,marcus61@example.com,+1-814-572-1458,False
111,CUST11038,9854204279,Ashley Dudley,62.0,Female,Chennai,Koramangala Branch,Savings,496528.64,TXN101038,2023-08-20,Withdrawal,40967.74,Internet Banking,Success,663.0,Self-Employed,2511297.89,No,ericwagner@example.org,439.921.8835,False
112,CUST10872,5185478299,Linda Martin,67.0,Other,Kolkata,MG Road Branch,NRI,2176.63,TXN100872,2022-11-09,Transfer,171904.54,ATM,Failed,597.0,Student,721850.5,Yes,adriennebush@example.net,740.615.3641,False
113,CUST11086,8806269776,Carlos Ortiz,48.0,Other,Jaipur,Anna Nagar Branch,Current,398395.89,TXN101086,2024-07-05,Loan EMI,63498.18,Mobile App,Pending,572.0,Self-Employed,2136808.87,Yes,tmorrison@example.net,+1-302-845-5985,False
114,CUST10013,8763140509,Stephanie Martin,30.0,Male,Mumbai,Salt Lake Branch,Salary,208907.2,TXN100013,2024-08-14,Loan EMI,145828.72,UPI,Success,400.0,Salaried,1297470.65,No,gallowayjoseph@example.com,(201)951-5325x94795,False
115,CUST11480,5141916782,April Salazar,60.0,Other,Ahmedabad,Banjara Hills Branch,Fixed Deposit,43951.23,TXN101480,2022-04-17,Bill Payment,98063.89,Internet Banking,Success,375.0,Student,2973151.13,No,bjones@example.net,629-741-2853x70064,False
116,CUST10205,5073211715,Jesse Jensen,71.0,Female,Jaipur,Koramangala Branch,Current,242670.39,TXN100205,2022-07-04,Deposit,46563.04,Internet Banking,Success,789.0,Salaried,1095441.88,Yes,juliahoffman@example.org,540.766.6580x04397,False
117,CUST11586,3147883369,Glenn Glenn,24.0,Female,Jaipur,Connaught Place Branch,Fixed Deposit,39634.17,TXN101586,2023-05-17,Deposit,99445.7,Internet Banking,Success,688.0,Salaried,1493861.51,Yes,brewershelly@example.org,366-488-0316x64795,False
118,CUST12016,7147104595,Tricia Johnson,65.0,Other,Bangalore,Andheri Branch,Current,309917.84,TXN102016,2022-05-25,ATM Withdrawal,32648.81,POS,Success,660.0,Retired,1475948.1,No,grahamcindy@example.com,881-244-0004x075,False
119,CUST10780,6689253494,Madison Thomas,58.0,Male,Lucknow,Anna Nagar Branch,Salary,364611.68,TXN100780,2024-12-24,ATM Withdrawal,79273.1,Internet Banking,Success,396.0,Self-Employed,2221344.1,No,christopherreyes@example.com,500.840.2369,False
120,CUST10919,9059268380,Julia Arnold,22.0,Female,Pune,MG Road Branch,Salary,384074.06,TXN100919,2022-09-03,Transfer,28410.52,Branch,Failed,509.0,Salaried,2770308.12,Yes,nelsonscott@example.com,(201)951-5325x94795,False
121,CUST11678,6927836224,Savannah Davis,19.0,Other,Bangalore,Banjara Hills Branch,NRI,7441.55,TXN101678,2022-03-02,Deposit,183695.28,ATM,Success,751.0,Salaried,2692033.62,No,bjones@example.net,001-719-349-9913x6505,False
122,CUST10591,1206000737,Kari Sandoval,38.0,Other,Delhi,Banjara Hills Branch,NRI,273594.21,TXN100591,2024-04-04,Bill Payment,118482.41,ATM,Success,825.0,Unemployed,593150.16,Yes,nataliepittman@example.com,(201)951-5325x94795,False
123,CUST11316,6855212153,Megan Allison,45.0,Male,Hyderabad,Kothrud Branch,Fixed Deposit,150164.44,TXN101316,2024-08-23,Withdrawal,152948.92,UPI,Success,444.0,Business Owner,1399327.16,No,bjones@example.net,(820)608-4842,False
124,CUST10173,5668556448,Darrell Adams,73.0,Male,Bangalore,Connaught Place Branch,NRI,343012.46,TXN100173,2025-12-26,POS Purchase,126572.49,Internet Banking,Success,511.0,Self-Employed,2445505.41,No,hernandezheather@example.org,858-969-3806,False
125,CUST11992,7216057509,Timothy Beck,52.0,Male,Pune,MG Road Branch,NRI,156716.47,TXN101992,2024-10-13,Loan EMI,17726.3,Branch,Success,347.0,Business Owner,1634750.22,No,zclark@example.org,808.446.0172,False
126,CUST10515,2073673810,Veronica Lewis,28.0,Female,Hyderabad,Anna Nagar Branch,Savings,9075.74,TXN100515,2024-06-03,Loan EMI,4853.5,UPI,Failed,556.0,Self-Employed,457345.86,Yes,mirandacisneros@example.net,(544)621-2146x14768,False
127,CUST11189,9757085241,Jeremy Benjamin,45.0,Female,Delhi,Connaught Place Branch,Salary,444952.85,TXN101189,2025-01-14,POS Purchase,100926.72,ATM,Pending,625.0,Self-Employed,1240481.48,No,xcline@example.org,(201)951-5325x94795,False
128,CUST10685,4883349761,Katherine Padilla,75.0,Female,Hyderabad,Koramangala Branch,Current,279773.34,TXN100685,2025-10-22,Transfer,160885.83,Internet Banking,Success,504.0,Business Owner,536718.64,Yes,valerielewis@example.com,284-753-9862x8950,False
129,CUST10879,3276061103,Dr. William Walker MD,33.0,Male,Bangalore,Connaught Place Branch,NRI,178524.53,TXN100879,2024-08-06,POS Purchase,172494.61,Branch,Success,614.0,Self-Employed,1269564.25,No,sball@example.net,(320)425-8254x31832,False
130,CUST11268,6384338030,Shawn Waters,47.0,Female,Mumbai,Anna Nagar Branch,Fixed Deposit,390573.17,TXN101268,2024-01-18,Loan EMI,100926.72,Branch,Success,597.0,Retired,1888389.29,No,sandra66@example.net,535-838-9629x85324,False
131,CUST10743,1086561545,Jennifer Colon,65.0,Other,Lucknow,Andheri Branch,Savings,246244.99,TXN100743,2024-03-12,Withdrawal,166302.77,ATM,Success,735.0,Student,2268927.57,No,mooneyamy@example.net,(201)951-5325x94795,False
132,CUST11364,9305688531,Toni Lamb,65.0,Other,Jaipur,Kothrud Branch,NRI,17588.36,TXN101364,2022-01-19,POS Purchase,159041.58,ATM,Success,384.0,Retired,1361983.6,No,klewis@example.net,462-491-0873,False
133,CUST11059,1960933155,James Miller,18.0,Other,Jaipur,Salt Lake Branch,NRI,192289.86,TXN101059,2024-03-08,Deposit,100926.72,Mobile App,Success,696.0,Retired,725867.22,Yes,yramos@example.org,001-669-814-3362,False
134,CUST10025,1118543408,Victoria Larson,74.0,Female,Delhi,Koramangala Branch,Savings,49743.29,TXN100025,2024-06-08,Transfer,145722.58,ATM,Success,823.0,Salaried,1247806.99,Yes,usalazar@example.net,(387)627-7434x87347,False
135,CUST10740,8741304368,Tracey Lopez,23.0,Other,Kolkata,Banjara Hills Branch,NRI,27049.71,TXN100740,2022-04-11,POS Purchase,42132.16,POS,Success,460.0,Retired,1277249.92,Yes,ppatrick@example.org,001-768-973-0451,False
136,CUST11609,6129221394,Jeremy Salas,67.0,Female,Delhi,Andheri Branch,NRI,246244.99,TXN101609,2022-01-16,Loan EMI,185899.71,ATM,Success,597.0,Student,1736094.95,Yes,igardner@example.com,+1-552-472-8760,False
137,CUST11892,7063016807,Christopher Cobb,75.0,Male,Hyderabad,Salt Lake Branch,Fixed Deposit,128034.91,TXN101892,2022-03-14,Bill Payment,75814.69,POS,Success,760.0,Business Owner,344877.62,No,emartin@example.org,(469)923-2572x7346,False
138,CUST10658,9018163876,Kimberly Blevins,25.0,Male,Chennai,Banjara Hills Branch,Current,105979.36,TXN100658,2025-11-17,Withdrawal,53554.73,Branch,Success,394.0,Business Owner,1628178.1099999999,No,monica33@example.org,926-543-3502x7160,False
139,CUST11645,4581759746,Melissa Vega,25.0,Male,Delhi,Koramangala Branch,NRI,181643.55,TXN101645,2022-07-11,POS Purchase,186109.16,ATM,Success,300.0,Salaried,458601.43,No,brownsean@example.com,+1-512-294-5761,False
140,CUST11930,7281138166,Alan Collins,35.0,Male,Bangalore,Andheri Branch,Current,389683.95,TXN101930,2025-09-26,Deposit,142617.76,UPI,Success,483.0,Business Owner,548749.18,Yes,williamsbrenda@example.net,281-450-4390x356,False
141,CUST11997,4548649570,Anthony Thompson,70.0,Other,Jaipur,Kothrud Branch,NRI,431553.87,TXN101997,2025-06-02,Withdrawal,193678.69,ATM,Success,561.0,Retired,2227205.16,No,eric38@example.net,954.440.7110,False
142,CUST11153,3633988037,Jeanne Robinson,42.0,Male,Mumbai,Anna Nagar Branch,Current,136869.96,TXN101153,2022-07-24,Deposit,74533.23,POS,Success,557.0,Retired,2421113.55,No,alex95@example.org,523.846.1762x313,False
143,CUST10413,3436327339,Eric Garrett,75.0,Female,Delhi,Koramangala Branch,Current,239542.77,TXN100413,2023-08-14,Loan EMI,169110.47,Internet Banking,Success,766.0,Self-Employed,1913096.16,Yes,johnsonryan@example.org,001-754-531-7350,False
144,CUST10805,7877763708,Donald Skinner,49.0,Other,Delhi,Banjara Hills Branch,NRI,239056.23,TXN100805,2023-08-05,ATM Withdrawal,59962.47,POS,Success,581.0,Student,1749603.3,No,cainana@example.net,001-684-284-1604x615,False
145,CUST10508,9355465756,Kathryn Edwards,58.0,Female,Ahmedabad,Koramangala Branch,Current,329449.9,TXN100508,2023-10-21,Transfer,42164.25,POS,Success,597.0,Unemployed,2778434.68,No,iswanson@example.net,+1-615-468-1820x96790,False
146,CUST11126,8824192025,Jamie Clark,43.0,Other,Jaipur,Kothrud Branch,Current,322253.59,TXN101126,2023-02-11,Bill Payment,118083.92,UPI,Success,724.0,Student,1868512.89,No,tdougherty@example.org,938-267-6259x23868,False
147,CUST11824,9357902254,Allison Benson,63.0,Male,Delhi,Salt Lake Branch,Fixed Deposit,469182.04,TXN101824,2022-08-01,Deposit,162059.06,UPI,Success,500.0,Self-Employed,365342.68,Yes,andrea67@example.org,864.942.6244x70498,False
148,CUST11882,9338164904,Dylan Clark,67.0,Other,Mumbai,Anna Nagar Branch,Current,410259.25,TXN101882,2023-12-09,Deposit,69891.84,UPI,Success,617.0,Retired,2888844.3,Yes,kaitlynelliott@example.com,001-414-922-0072,False
149,CUST11397,6294288263,Justin Reyes,53.0,Male,Delhi,MG Road Branch,Salary,3623.37,TXN101397,2022-08-31,Loan EMI,55263.65,Branch,Success,459.0,Student,1590858.38,No,angelacooper@example.com,635-909-5288x959,False
150,CUST10524,9718859146,Caitlin Morris,25.0,Male,Hyderabad,Kothrud Branch,Current,313823.96,TXN100524,2024-01-08,Deposit,195063.09,Internet Banking,Success,478.0,Self-Employed,2673339.35,Yes,davissamuel@example.net,001-592-509-8196x02752,False
151,CUST11886,5627167864,Jon Edwards,45.0,Other,Bangalore,Salt Lake Branch,Savings,456016.47,TXN101886,2024-10-31,Deposit,149045.32,POS,Success,597.0,Salaried,2761912.85,No,bjones@example.net,001-276-596-5959x6560,False
152,CUST10466,7261030270,Anna Watkins,25.0,Other,Delhi,Anna Nagar Branch,Salary,42256.83,TXN100466,2023-08-05,Withdrawal,166998.98,UPI,Success,579.0,Retired,2689049.39,Yes,pwashington@example.net,(949)321-5182x60688,False
153,CUST11828,4351461655,Belinda Ford,52.0,Female,Ahmedabad,Anna Nagar Branch,Salary,187910.93,TXN101828,2022-10-03,Withdrawal,5628.86,Mobile App,Success,834.0,Self-Employed,715229.87,No,merrittthomas@example.org,943.674.3256,False
154,CUST10638,7016988123,Jennifer Meyer,72.0,Other,Delhi,Kothrud Branch,Salary,253802.02,TXN100638,2025-07-03,Transfer,74767.93,UPI,Success,760.0,Business Owner,2650614.57,Yes,eatkins@example.com,781-898-0770x460,False
155,CUST10285,1430693397,Richard Strickland,50.0,Female,Kolkata,MG Road Branch,Current,191497.36,TXN100285,2025-07-26,Deposit,160883.65,Internet Banking,Success,745.0,Salaried,332629.3,Yes,wallaceangel@example.com,(201)951-5325x94795,False
156,CUST10387,7916193949,Ashlee Perry,29.0,Other,Ahmedabad,Anna Nagar Branch,Current,268019.24,TXN100387,2024-06-02,Withdrawal,122812.56,Mobile App,Failed,565.0,Salaried,249353.55,Yes,ntorres@example.net,3057452280,False
157,CUST11639,4869913062,Derek Johnson,29.0,Male,Bangalore,Koramangala Branch,Fixed Deposit,228041.89,TXN101639,2025-11-13,Loan EMI,139861.99,UPI,Success,593.0,Business Owner,2921527.37,No,natalie45@example.com,495-966-0030x11962,False
158,CUST11139,5587668727,Nicole Sanchez,19.0,Other,Mumbai,Anna Nagar Branch,Salary,32295.79,TXN101139,2022-08-20,POS Purchase,179217.14,UPI,Success,467.0,Self-Employed,2186994.1,Yes,kellysanchez@example.org,001-562-308-0598,False
159,CUST11616,1251625882,Alexander Peters MD,40.0,Male,Chennai,Koramangala Branch,Current,236849.87,TXN101616,2024-03-27,POS Purchase,122775.43,UPI,Success,707.0,Business Owner,917656.76,No,millersherry@example.org,339.880.1387,False
160,CUST11544,7466193325,Adrian Sanchez,53.0,Other,Ahmedabad,Salt Lake Branch,Current,260187.43,TXN101544,2022-11-15,Deposit,137065.31,Branch,Success,543.0,Retired,1287572.14,Yes,kimberlyestrada@example.net,001-332-452-8267,False
161,CUST10211,1968870456,Brittany Stevens,45.0,Male,Chennai,Koramangala Branch,Savings,155952.04,TXN100211,2022-08-03,Deposit,68394.55,Branch,Success,376.0,Retired,2834227.31,Yes,benjamin10@example.org,281-893-4667x665,False
162,CUST11247,5937799938,Ann Hansen,22.0,Male,Lucknow,Connaught Place Branch,Fixed Deposit,452498.16,TXN101247,2025-06-24,Bill Payment,92578.34,POS,Success,715.0,Salaried,1764224.88,No,dawn33@example.org,216-951-8548x3966,False
163,CUST10233,7236521132,Brandon Nunez,31.0,Male,Lucknow,Andheri Branch,Fixed Deposit,391531.51,TXN100233,2022-06-30,Withdrawal,122915.22,UPI,Success,739.0,Student,1242451.8,Yes,bjones@example.net,(539)542-3733x343,False
164,CUST10180,3047869247,Becky Johnson,26.0,Other,Bangalore,Kothrud Branch,Savings,-928.4,TXN100180,2023-12-05,Loan EMI,100926.72,Branch,Success,789.0,Salaried,802498.57,Yes,tracy72@example.com,(201)951-5325x94795,False
165,CUST11757,6223689079,Amber Baker,38.0,Female,Delhi,MG Road Branch,Current,372415.75,TXN101757,2023-03-18,Transfer,60843.72,ATM,Success,564.0,Student,1599709.61,No,mark65@example.net,001-876-957-8680x05512,False
166,CUST11671,1988336985,Jennifer Ali,34.0,Other,Bangalore,Kothrud Branch,Fixed Deposit,209472.26,TXN101671,2023-05-12,Loan EMI,83525.96,Internet Banking,Success,325.0,Retired,2398278.52,Yes,jonathan73@example.net,287.780.5289,False
167,CUST10072,3518496186,Maria Jones,70.0,Male,Kolkata,Andheri Branch,NRI,-3568.05,TXN100072,2022-10-24,Withdrawal,108066.08,Internet Banking,Success,326.0,Self-Employed,192351.93,Yes,grantpaul@example.com,(201)951-5325x94795,False
168,CUST12069,6093412953,Karen Powell,29.0,Female,Lucknow,Connaught Place Branch,Savings,104436.85,TXN102069,2024-03-07,ATM Withdrawal,190409.45,ATM,Success,680.0,Student,1628178.1099999999,Yes,lori50@example.net,+1-958-610-5801x08867,False
169,CUST11602,6510424579,Amy Wolfe,64.0,Male,Delhi,Koramangala Branch,NRI,246244.99,TXN101602,2024-01-06,Bill Payment,78115.83,ATM,Success,526.0,Salaried,237282.7,Yes,johnhuang@example.net,+1-701-824-8447x936,False
170,CUST11566,8016712477,Tammie Campbell,40.0,Other,Delhi,Andheri Branch,Fixed Deposit,341081.1,TXN101566,2024-02-09,Loan EMI,176165.69,Mobile App,Success,346.0,Salaried,766545.89,No,yangjulie@example.net,001-897-299-2715,False
171,CUST10542,5705283453,Stephen Lyons,62.0,Male,Bangalore,Andheri Branch,Salary,440690.7,TXN100542,2025-01-06,Transfer,133348.06,Mobile App,Success,522.0,Student,1628178.1099999999,Yes,gmyers@example.org,001-947-632-3549x4012,False
172,CUST10548,4789389791,Kelly Roberts,69.0,Other,Delhi,Andheri Branch,Savings,204918.41,TXN100548,2022-08-09,Loan EMI,65461.94,POS,Success,512.0,Retired,1275932.18,No,kevinroberts@example.com,6702349107,False
173,CUST11823,7996030678,Joy Taylor,71.0,Female,Jaipur,Andheri Branch,Fixed Deposit,411302.85,TXN101823,2024-11-17,Withdrawal,194863.17,ATM,Success,725.0,Self-Employed,2706241.26,No,frostandrew@example.net,671-312-4617x5780,False
174,CUST11341,6167253991,Annette Simpson,31.0,Other,Jaipur,Anna Nagar Branch,NRI,244175.92,TXN101341,2025-01-28,Bill Payment,88665.33,UPI,Success,824.0,Self-Employed,2237049.56,Yes,ikane@example.net,883.463.6885x01627,False
175,CUST11057,6775517373,Matthew Sellers,58.0,Male,Bangalore,MG Road Branch,NRI,238374.18,TXN101057,2024-05-22,Deposit,134418.72,UPI,Failed,494.0,Retired,1044029.85,No,ronaldjohnson@example.com,882.481.5278x73048,False
176,CUST10766,6185945187,Brian Miller,45.0,Other,Jaipur,Koramangala Branch,Savings,254202.59,TXN100766,2023-03-08,Transfer,100926.72,ATM,Success,418.0,Student,2026246.72,Yes,vramos@example.com,+1-960-884-3768x550,False
177,CUST10141,9851745648,Pam Lowe,55.0,Other,Delhi,Salt Lake Branch,NRI,245288.5,TXN100141,2023-12-07,ATM Withdrawal,134284.94,POS,Success,726.0,Student,575270.18,No,bjones@example.net,+1-266-371-1684x5775,False
178,CUST10342,9269680715,Billy Fuentes,44.0,Male,Bangalore,Connaught Place Branch,Savings,84424.49,TXN100342,2024-06-18,Loan EMI,123431.02,UPI,Success,768.0,Self-Employed,1368533.7,Yes,mendozalarry@example.com,(201)951-5325x94795,False
179,CUST11421,7701274877,Lawrence Velasquez,62.0,Male,Lucknow,Connaught Place Branch,Current,92337.79,TXN101421,2022-11-29,Transfer,169967.89,Branch,Failed,736.0,Self-Employed,170641.02,Yes,robin19@example.com,001-773-409-1218,False
180,CUST10422,5956495207,Stephen Anderson,37.0,Other,Ahmedabad,Anna Nagar Branch,Salary,205664.17,TXN100422,2024-10-04,ATM Withdrawal,128974.93,Mobile App,Success,583.0,Student,2983848.92,Yes,jamesgray@example.com,696-430-9938x42530,False
181,CUST11675,6225875616,Sean Barnes,33.0,Female,Jaipur,Banjara Hills Branch,Savings,39329.7,TXN101675,2025-09-02,Bill Payment,175825.61,UPI,Success,711.0,Self-Employed,1837554.93,Yes,patrick04@example.net,3373647476,False
182,CUST10420,3568114320,William Cox,27.0,Male,Hyderabad,Kothrud Branch,NRI,493252.37,TXN100420,2022-05-16,POS Purchase,151235.01,Mobile App,Success,579.0,Student,648445.08,No,howardangela@example.org,473-795-0033x4234,False
183,CUST10830,9089926693,Jaclyn Williams MD,66.0,Other,Kolkata,Salt Lake Branch,Salary,328906.92,TXN100830,2025-04-01,ATM Withdrawal,186928.15,Mobile App,Success,694.0,Unemployed,286852.53,Yes,kristenbennett@example.org,+1-907-706-3369,False
184,CUST11120,7049834372,Robert Hall,24.0,Male,Chennai,Kothrud Branch,Current,162730.34,TXN101120,2022-04-08,Loan EMI,174052.32,ATM,Pending,582.0,Student,1005674.22,No,jesse81@example.org,9508147642,False
185,CUST11011,7381902936,John Richards,32.0,Other,Jaipur,Andheri Branch,Savings,130176.28,TXN101011,2024-01-30,POS Purchase,50999.5,Mobile App,Success,828.0,Business Owner,2277248.35,Yes,benjaminsmith@example.com,496-746-1293x900,False
186,CUST10368,2014275094,Samuel Williams,60.0,Other,Mumbai,Kothrud Branch,Savings,294042.38,TXN100368,2024-08-06,Transfer,111039.79,Branch,Success,715.0,Salaried,1855038.67,No,jburke@example.org,(529)610-8677x133,False
187,CUST10242,5694190173,Bonnie Roberson,70.0,Female,Delhi,Anna Nagar Branch,Fixed Deposit,197126.36,TXN100242,2024-07-23,Transfer,167149.88,UPI,Failed,731.0,Unemployed,2675453.08,Yes,johnsonmichael@example.com,878.648.7282x9979,False
188,CUST10207,3516922421,Ryan Smith,39.0,Female,Kolkata,Andheri Branch,Current,364837.77,TXN100207,2024-06-13,Loan EMI,127871.23,Branch,Success,478.0,Unemployed,2910917.25,No,jmckinney@example.org,(759)309-4798,False
189,CUST11692,2338534633,Brittany Hernandez,39.0,Male,Mumbai,Andheri Branch,Fixed Deposit,296295.65,TXN101692,2025-11-01,ATM Withdrawal,134483.51,Internet Banking,Success,803.0,Retired,2596646.61,No,susanpeterson@example.com,(201)951-5325x94795,False
190,CUST11935,9657843979,Michael Richards DVM,64.0,Other,Delhi,Connaught Place Branch,Fixed Deposit,79990.92,TXN101935,2024-04-24,Withdrawal,177270.58,Branch,Success,323.0,Self-Employed,565399.48,No,thomaslori@example.net,654.407.0084x15912,False
191,CUST11458,1082797040,Carol Baker,36.0,Female,Lucknow,Salt Lake Branch,Fixed Deposit,8525.95,TXN101458,2024-02-19,POS Purchase,35967.46,POS,Success,851.0,Student,691075.12,No,marcomoore@example.com,619-878-9259,False
192,CUST11982,8541487759,Holly Garcia,34.0,Male,Ahmedabad,MG Road Branch,Savings,167508.06,TXN101982,2024-10-06,Deposit,129112.48,Branch,Success,696.0,Unemployed,2194120.71,Yes,fuentesleonard@example.com,733.285.1576x4670,False
193,CUST11125,3514980816,Paul Jennings,52.0,Other,Mumbai,Koramangala Branch,NRI,-3471.42,TXN101125,2023-05-26,ATM Withdrawal,199497.13,Mobile App,Success,597.0,Salaried,878236.81,Yes,czavala@example.org,+1-284-907-6642,False
194,CUST11624,6264311022,Adam Spencer,56.0,Female,Mumbai,MG Road Branch,Savings,24358.09,TXN101624,2022-02-14,Withdrawal,141761.2,UPI,Success,401.0,Student,566740.95,No,blevinskimberly@example.org,934-885-7133x9962,False
195,CUST11211,5060953322,Robin Donovan,21.0,Female,Mumbai,Koramangala Branch,Salary,241073.72,TXN101211,2023-07-25,ATM Withdrawal,42323.93,Internet Banking,Failed,837.0,Unemployed,462662.78,No,lbennett@example.net,(742)477-3923,False
196,CUST11910,6968825555,Michelle Murray,38.0,Female,Delhi,Andheri Branch,Fixed Deposit,160701.74,TXN101910,2024-08-25,POS Purchase,53795.2,Mobile App,Success,574.0,Salaried,784079.72,No,wnelson@example.com,001-268-986-3124,False
197,CUST10597,6540785880,Kevin Myers,48.0,Female,Hyderabad,Connaught Place Branch,Savings,367702.99,TXN100597,2025-03-10,Bill Payment,43531.77,ATM,Failed,827.0,Salaried,2815931.0,No,kristen68@example.net,8446731497,False
198,CUST10369,6701174987,Johnny Anderson,59.0,Other,Chennai,Anna Nagar Branch,Current,407601.96,TXN100369,2025-04-04,Loan EMI,127244.76,Branch,Success,452.0,Student,1664079.09,No,carolcarney@example.com,001-736-926-2044x3973,False
199,CUST11303,3292242074,Ellen Acosta,34.0,Female,Kolkata,MG Road Branch,NRI,79165.97,TXN101303,2025-08-03,POS Purchase,161250.4,Mobile App,Success,475.0,Salaried,2531728.66,Yes,jeremymitchell@example.com,001-632-931-6778x1456,False
200,CUST11517,4126412264,Daniel Harris,26.0,Female,Hyderabad,MG Road Branch,Fixed Deposit,233987.63,TXN101517,2024-01-22,POS Purchase,33442.55,Branch,Success,680.0,Retired,2789110.61,No,john30@example.org,5912435294,False
201,CUST10605,1993974205,Shawna Silva,39.0,Female,Ahmedabad,MG Road Branch,NRI,210671.78,TXN100605,2022-04-16,Transfer,22055.49,ATM,Success,659.0,Unemployed,1341511.47,No,michael64@example.net,+1-631-392-1342,False
203,CUST10579,4964528773,Andrew Conrad,62.0,Other,Pune,Anna Nagar Branch,Current,158326.39,TXN100579,2025-04-03,Loan EMI,161024.1,UPI,Success,467.0,Retired,542048.73,No,rodriguezjason@example.com,889.353.6902x61139,False
204,CUST11582,5978957837,Justin Henry,74.0,Other,Delhi,Salt Lake Branch,Fixed Deposit,358437.99,TXN101582,2025-09-27,Withdrawal,67645.87,POS,Success,717.0,Self-Employed,2321384.56,No,jmccormick@example.org,8632228012,False
205,CUST10790,7013187705,Benjamin Townsend,18.0,Other,Kolkata,Kothrud Branch,Current,340092.65,TXN100790,2022-07-21,Bill Payment,116052.56,Branch,Pending,720.0,Self-Employed,1963788.09,Yes,beth76@example.com,889-543-7052,False
206,CUST11187,8751443073,Emily Sullivan,69.0,Other,Mumbai,Connaught Place Branch,Savings,12938.44,TXN101187,2023-11-12,Deposit,30788.13,POS,Success,712.0,Self-Employed,2101116.74,Yes,williamstracy@example.org,+1-721-375-0361x9202,False
207,CUST11780,8731886373,Bryan Anderson,38.0,Female,Mumbai,Andheri Branch,NRI,293461.16,TXN101780,2022-10-17,Bill Payment,187754.97,POS,Success,456.0,Salaried,1338381.73,Yes,burnstyler@example.net,547.579.3599x584,False
208,CUST10929,4544344265,Michael Neal,52.0,Other,Mumbai,Connaught Place Branch,Savings,3191.1,TXN100929,2023-08-29,Deposit,41457.13,UPI,Success,559.0,Student,2860386.07,No,wesleyjohns@example.com,(201)951-5325x94795,False
209,CUST10218,2869999754,Raymond Quinn,70.0,Other,Delhi,Koramangala Branch,Salary,454956.27,TXN100218,2022-05-18,Deposit,77650.43,Branch,Success,582.0,Retired,1455747.97,Yes,dennis88@example.org,(458)903-9282x7229,False
210,CUST10505,7041927717,Beth Lewis,23.0,Other,Jaipur,Connaught Place Branch,Current,246244.99,TXN100505,2022-12-11,Loan EMI,49070.04,Branch,Pending,868.0,Student,269107.43,No,robinsonisaiah@example.net,+1-291-777-5662,False
211,CUST11925,9795708411,Susan Lawson,23.0,Male,Chennai,Anna Nagar Branch,Salary,209186.86,TXN101925,2024-04-30,Deposit,169225.29,Branch,Success,564.0,Business Owner,2908637.16,Yes,laurenflynn@example.net,290.365.0614x7159,False
212,CUST11148,4466010948,Daniel Deleon,37.0,Other,Lucknow,Koramangala Branch,Current,18713.95,TXN101148,2024-02-10,Bill Payment,136497.56,ATM,Success,870.0,Retired,1389487.84,No,jillian19@example.com,(482)722-5018,False
213,CUST10817,4229417473,Jason Ferrell,67.0,Other,Pune,Koramangala Branch,Fixed Deposit,222900.74,TXN100817,2022-11-08,ATM Withdrawal,66119.37,Internet Banking,Success,647.0,Student,1653984.81,No,garciaveronica@example.net,323.633.5104x096,False
214,CUST11707,5299171297,Dr. Phillip Anderson,59.0,Female,Kolkata,Anna Nagar Branch,Salary,431011.32,TXN101707,2022-04-26,Transfer,54869.1,Mobile App,Success,481.0,Salaried,523156.63,No,jeanette39@example.org,804.859.6920,False
215,CUST10059,4735334423,Susan Hopkins,73.0,Female,Mumbai,Kothrud Branch,Savings,359834.13,TXN100059,2024-04-19,Loan EMI,130973.53,Internet Banking,Success,571.0,Business Owner,1926289.29,No,stephen00@example.com,(761)877-1159x2124,False
216,CUST10705,4484778286,Joseph Sanchez,52.0,Other,Pune,MG Road Branch,NRI,238497.54,TXN100705,2024-03-03,Loan EMI,75476.7,Internet Banking,Success,737.0,Retired,542645.73,No,ashleygould@example.net,+1-995-678-6543x62718,False
218,CUST11294,1875514632,Heather Hernandez,70.0,Female,Pune,Anna Nagar Branch,NRI,164792.36,TXN101294,2022-08-22,ATM Withdrawal,192696.84,Branch,Success,765.0,Salaried,856321.66,No,esmith@example.net,7659673374,False
219,CUST12054,6458483030,Denise Hopkins,47.0,Other,Hyderabad,Banjara Hills Branch,NRI,87982.91,TXN102054,2023-10-04,ATM Withdrawal,23552.73,Branch,Success,864.0,Self-Employed,2496439.48,No,phodge@example.com,001-996-365-2948x3051,False
220,CUST10639,3765386801,Kayla Banks,65.0,Male,Jaipur,MG Road Branch,Current,425795.19,TXN100639,2023-08-19,Bill Payment,31683.25,Branch,Failed,528.0,Student,2641352.82,Yes,gcobb@example.org,391-725-6523x734,False
221,CUST10763,1044833889,Tammy Mcdaniel,58.0,Female,Ahmedabad,Anna Nagar Branch,Current,150430.07,TXN100763,2025-10-26,ATM Withdrawal,188534.35,Internet Banking,Success,435.0,Business Owner,302005.62,No,billkeller@example.org,5156944633,False
222,CUST11540,3150287127,Julia Hoffman,36.0,Male,Pune,Banjara Hills Branch,Salary,279378.84,TXN101540,2024-04-28,POS Purchase,109774.44,Mobile App,Failed,456.0,Self-Employed,530525.04,Yes,tammy98@example.org,(613)800-8823,False
223,CUST10399,6188787377,Rachael Alvarez,21.0,Male,Mumbai,Andheri Branch,Fixed Deposit,246244.99,TXN100399,2022-11-24,ATM Withdrawal,100926.72,Mobile App,Success,591.0,Self-Employed,1388814.18,No,kathleenwagner@example.com,001-277-925-1996x63658,False
224,CUST10354,4421940259,Matthew Watkins,65.0,Male,Lucknow,Salt Lake Branch,Fixed Deposit,17973.56,TXN100354,2023-12-18,POS Purchase,161218.4,Internet Banking,Success,506.0,Unemployed,952636.1,Yes,bjones@example.net,6852076986,False
225,CUST10841,2811076569,Donald Morgan,58.0,Male,Hyderabad,Koramangala Branch,Salary,318334.04,TXN100841,2023-11-05,Bill Payment,133412.35,ATM,Pending,385.0,Salaried,438223.3,No,davissarah@example.net,001-842-888-6050x5376,False
226,CUST12051,2990279619,Troy Cook,45.0,Other,Pune,Andheri Branch,Fixed Deposit,463616.04,TXN102051,2023-11-09,ATM Withdrawal,132170.25,ATM,Failed,427.0,Business Owner,2462207.98,No,millerjuan@example.org,979.962.6389x6549,False
227,CUST11413,5436263695,Nicole West,45.0,Male,Bangalore,Andheri Branch,Fixed Deposit,416741.02,TXN101413,2023-01-11,Transfer,183368.23,Branch,Success,415.0,Student,605742.6,No,richard14@example.net,877-861-8687x0479,False
228,CUST10839,7177331154,Drew Werner,70.0,Other,Jaipur,Kothrud Branch,Current,30553.38,TXN100839,2023-12-01,Transfer,189900.11,Mobile App,Success,561.0,Salaried,1936660.26,No,hornerebecca@example.org,+1-336-659-5201x491,False
229,CUST10044,6122110529,Adam Russell,25.0,Other,Jaipur,Andheri Branch,Current,104274.24,TXN100044,2024-09-18,Transfer,144930.77,POS,Success,402.0,Self-Employed,994302.42,No,victoriadurham@example.com,527-948-4677,False
230,CUST11593,2139464266,Whitney Allen,64.0,Male,Mumbai,Salt Lake Branch,Fixed Deposit,298250.19,TXN101593,2022-03-19,Deposit,198795.4,POS,Success,710.0,Salaried,2929660.81,Yes,mirandaclarke@example.com,001-399-976-8160x8557,False
231,CUST12062,4811165458,Joel Figueroa,58.0,Male,Kolkata,Connaught Place Branch,Current,163838.83,TXN102062,2022-07-14,Withdrawal,17354.91,UPI,Success,868.0,Salaried,1719213.97,Yes,bjones@example.net,(201)951-5325x94795,False
232,CUST11428,7191696152,Corey Ford,55.0,Other,Delhi,Koramangala Branch,Fixed Deposit,300759.64,TXN101428,2022-09-17,Transfer,100926.72,ATM,Failed,457.0,Student,1579897.37,Yes,thomasmichael@example.com,220-458-0286x06048,False
233,CUST10100,9596653373,Angela Bradshaw,40.0,Male,Lucknow,Salt Lake Branch,Current,246244.99,TXN100100,2022-06-25,POS Purchase,194932.17,Mobile App,Pending,857.0,Retired,2391275.16,Yes,julie33@example.net,584-221-9933x083,False
234,CUST11335,2760332011,Joshua Baker,39.0,Male,Hyderabad,Andheri Branch,NRI,246244.99,TXN101335,2023-06-07,Transfer,13784.17,UPI,Success,378.0,Salaried,2695908.84,No,vanessajimenez@example.org,700-302-0860x1460,False
235,CUST10620,1103082975,Aaron Hernandez,45.0,Female,Delhi,Banjara Hills Branch,Salary,109071.62,TXN100620,2025-11-02,Bill Payment,100926.72,UPI,Success,415.0,Student,633243.33,Yes,kevinmiller@example.org,461.732.8507,False
236,CUST10824,9057108760,Crystal Graves,19.0,Female,Kolkata,MG Road Branch,Current,422944.48,TXN100824,2022-12-30,POS Purchase,1904.33,POS,Success,781.0,Salaried,324367.16,Yes,castroralph@example.net,001-220-382-8323,False
237,CUST10736,7378283909,Emily Robinson,68.0,Other,Pune,Banjara Hills Branch,NRI,237884.32,TXN100736,2022-07-17,Withdrawal,22517.87,ATM,Success,757.0,Business Owner,855079.34,No,bjones@example.net,(201)951-5325x94795,False
238,CUST10035,4949401194,Krista Bell MD,57.0,Other,Delhi,Salt Lake Branch,NRI,280017.95,TXN100035,2022-02-25,Deposit,128567.79,Internet Banking,Failed,486.0,Salaried,891445.49,No,john13@example.com,682-333-7498,False
239,CUST11307,3770465710,Henry Moore,19.0,Female,Pune,Koramangala Branch,Savings,276768.87,TXN101307,2025-03-03,Withdrawal,165102.33,POS,Success,601.0,Student,1429152.69,Yes,bjones@example.net,285-263-7114x2943,False
240,CUST10326,3455054143,Gabriela Randolph,24.0,Other,Ahmedabad,Banjara Hills Branch,Current,64896.14,TXN100326,2024-01-22,POS Purchase,50008.89,ATM,Success,394.0,Retired,1289425.01,Yes,pamela16@example.com,590.355.2818x325,False
241,CUST10230,4919693525,Heather Pena,61.0,Female,Mumbai,Connaught Place Branch,Salary,107780.6,TXN100230,2023-09-21,Bill Payment,157628.68,ATM,Success,899.0,Business Owner,1471717.79,Yes,christopherhill@example.com,(766)793-8011x848,False
242,CUST10424,9397332616,Kathleen Adams,21.0,Female,Hyderabad,Anna Nagar Branch,NRI,92876.49,TXN100424,2025-07-10,Withdrawal,100926.72,POS,Success,597.0,Business Owner,2636462.93,No,ylittle@example.net,+1-403-733-7363x4669,False
243,CUST10528,1278627610,Jacob Roach,50.0,Other,Jaipur,Banjara Hills Branch,Fixed Deposit,257040.64,TXN100528,2023-01-02,Transfer,142511.75,POS,Success,597.0,Student,914756.06,No,murphyjeffrey@example.net,001-824-847-3158x477,False
244,CUST10401,5767984371,Timothy White,32.0,Male,Bangalore,Salt Lake Branch,Current,246244.99,TXN100401,2023-03-28,Deposit,94224.5,Branch,Success,746.0,Self-Employed,1628178.1099999999,No,bjones@example.net,001-971-289-5690,False
245,CUST11550,7548955869,Bradley Brown,57.0,Other,Bangalore,Koramangala Branch,Salary,128020.8,TXN101550,2023-09-30,Transfer,196372.03,POS,Success,378.0,Student,332090.48,No,vanessarichmond@example.com,3383625676,False
246,CUST11924,9527935040,Kimberly Becker,43.0,Other,Lucknow,Andheri Branch,Salary,157687.88,TXN101924,2025-05-22,Loan EMI,170456.31,Mobile App,Success,477.0,Student,2956999.33,Yes,tcase@example.org,001-801-546-0669x6106,False
247,CUST11875,2293240518,Alexis Brown,46.0,Other,Ahmedabad,Connaught Place Branch,Salary,155639.94,TXN101875,2025-09-10,Deposit,100926.72,ATM,Success,554.0,Salaried,1291574.2,No,medwards@example.net,614-720-2484x3507,False
248,CUST11518,4566568576,William Ramirez MD,18.0,Male,Bangalore,Salt Lake Branch,Current,401449.38,TXN101518,2025-09-18,Transfer,126876.83,Branch,Failed,568.0,Student,2227446.24,No,redwards@example.com,001-762-489-7351x89622,False
249,CUST11957,4180309813,Sheryl Massey,65.0,Male,Lucknow,Kothrud Branch,NRI,441347.72,TXN101957,2025-05-02,Withdrawal,93335.14,UPI,Failed,636.0,Unemployed,1272749.75,Yes,robinsonjulie@example.com,803.524.8274,False
250,CUST11269,4214322605,Kevin Evans MD,29.0,Female,Kolkata,Connaught Place Branch,Savings,34512.16,TXN101269,2022-12-21,Withdrawal,100926.72,POS,Success,799.0,Self-Employed,819715.24,Yes,moorestephen@example.net,001-863-583-5434x685,False
251,CUST11314,5969504517,Johnny Pierce,67.0,Female,Jaipur,Connaught Place Branch,NRI,169985.05,TXN101314,2023-10-20,ATM Withdrawal,135037.6,POS,Success,485.0,Retired,2055491.15,Yes,mitchellmichael@example.com,001-497-325-1840x7033,False
252,CUST11799,1788923078,Erin Lawson,71.0,Male,Pune,Connaught Place Branch,Savings,38360.05,TXN101799,2023-11-02,POS Purchase,95106.23,UPI,Success,587.0,Self-Employed,509820.19,No,gentrylarry@example.com,(201)951-5325x94795,False
253,CUST10118,5512036684,Mary Duran,49.0,Other,Ahmedabad,Koramangala Branch,NRI,-870.41,TXN100118,2022-08-09,Bill Payment,26830.29,Branch,Success,712.0,Business Owner,278940.82,Yes,otaylor@example.org,920-938-7509,False
254,CUST11279,1713867006,Antonio Woods,73.0,Female,Lucknow,Salt Lake Branch,NRI,246244.99,TXN101279,2022-05-27,POS Purchase,153229.44,ATM,Success,758.0,Student,883529.17,Yes,tuckersheila@example.net,338-960-1571,False
255,CUST10603,8563007469,Joseph Harris,33.0,Other,Delhi,Andheri Branch,Current,136975.11,TXN100603,2022-08-24,Loan EMI,52742.97,UPI,Success,739.0,Self-Employed,1500594.56,Yes,april47@example.com,452.428.7056,False
256,CUST11483,6263450887,Anna Novak,22.0,Male,Ahmedabad,Salt Lake Branch,Salary,33489.25,TXN101483,2025-05-30,Deposit,100926.72,UPI,Success,870.0,Business Owner,406011.0,Yes,ann63@example.net,001-492-687-9872x87314,False
257,CUST10451,6376474657,Tara Sanders,45.0,Male,Bangalore,Anna Nagar Branch,Salary,161289.39,TXN100451,2025-04-11,ATM Withdrawal,78020.64,UPI,Success,733.0,Self-Employed,561192.04,Yes,adam27@example.org,716-486-4622,False
258,CUST11725,2356023528,Rachel Erickson,73.0,Other,Mumbai,Kothrud Branch,Savings,50741.32,TXN101725,2025-01-23,Loan EMI,81873.33,ATM,Pending,664.0,Retired,2252642.69,Yes,lisa10@example.org,7273607819,False
259,CUST11201,6730234888,Patrick Fowler,18.0,Male,Delhi,Banjara Hills Branch,Savings,31803.66,TXN101201,2023-03-12,Bill Payment,62655.07,Internet Banking,Failed,488.0,Business Owner,451438.41,No,michaeljohnson@example.com,223-275-9795x31926,False
260,CUST10392,8781527616,Stephanie Bishop,19.0,Male,Kolkata,MG Road Branch,Salary,392828.16,TXN100392,2022-03-29,Bill Payment,23681.51,UPI,Success,769.0,Unemployed,2630070.08,Yes,isabellagriffin@example.org,+1-299-775-6341,False
261,CUST11776,9766252977,Allison Obrien,21.0,Male,Jaipur,Anna Nagar Branch,Salary,432405.05,TXN101776,2023-01-23,Transfer,25470.7,POS,Pending,477.0,Business Owner,2756974.51,Yes,ryansmith@example.net,294-590-8170,False
262,CUST11191,9631738238,Jodi Nelson,20.0,Other,Kolkata,Banjara Hills Branch,Savings,16465.11,TXN101191,2025-07-12,ATM Withdrawal,100926.72,Mobile App,Success,404.0,Self-Employed,434230.14,Yes,pcaldwell@example.net,+1-716-607-7004x09304,False
263,CUST10934,3515395117,Marilyn Lozano,62.0,Other,Ahmedabad,Andheri Branch,Fixed Deposit,143161.69,TXN100934,2022-11-30,Deposit,58092.82,ATM,Success,597.0,Salaried,717500.78,No,john91@example.org,+1-878-484-8699,False
264,CUST11786,7511206670,Martin Clark,19.0,Other,Chennai,Koramangala Branch,NRI,9483.36,TXN101786,2023-01-08,Transfer,2608.1,ATM,Success,788.0,Student,1435792.28,No,wesleydominguez@example.org,001-257-550-9272x094,False
265,CUST10071,5158416864,Steven Cooper,45.0,Other,Mumbai,Connaught Place Branch,NRI,485402.12,TXN100071,2022-04-14,Loan EMI,66735.16,Internet Banking,Success,510.0,Salaried,2514980.84,Yes,wagnergerald@example.org,001-777-288-9255x466,False
266,CUST11121,1751536075,Barbara Kennedy,63.0,Male,Chennai,MG Road Branch,NRI,214723.53,TXN101121,2023-12-16,POS Purchase,171887.94,UPI,Success,736.0,Unemployed,1374032.01,No,manuel12@example.net,001-717-775-1239x59781,False
267,CUST10010,8438486479,Michael Brown,70.0,Male,Jaipur,Andheri Branch,Current,328174.17,TXN100010,2025-01-30,Withdrawal,53048.07,POS,Success,516.0,Retired,2302505.81,Yes,whiteheadmichele@example.org,334.373.8299x73763,False
268,CUST10739,6620010435,Michael Lewis,44.0,Male,Lucknow,Andheri Branch,NRI,99131.41,TXN100739,2025-07-04,Deposit,189578.16,POS,Success,432.0,Retired,1688336.83,Yes,bgregory@example.org,(201)951-5325x94795,False
269,CUST10128,4990452762,Jeffrey Colon,44.0,Other,Ahmedabad,Kothrud Branch,Current,376735.09,TXN100128,2023-08-12,Transfer,57118.8,Mobile App,Failed,391.0,Unemployed,1786280.06,Yes,kevinmorrison@example.net,575.726.5479,False
270,CUST12014,6764631927,Robert Benson,36.0,Female,Jaipur,Connaught Place Branch,NRI,396860.72,TXN102014,2024-07-27,ATM Withdrawal,7783.57,Mobile App,Success,788.0,Retired,1681695.53,Yes,trandouglas@example.net,(201)951-5325x94795,False
271,CUST11404,5061301320,Christopher Bennett,73.0,Other,Bangalore,Banjara Hills Branch,Current,361947.71,TXN101404,2024-04-01,Bill Payment,100926.72,Internet Banking,Success,428.0,Self-Employed,2695381.98,No,willie16@example.org,349.236.8063x58530,False
272,CUST10865,9795904190,Mark Romero,19.0,Male,Hyderabad,Salt Lake Branch,Current,172641.63,TXN100865,2025-01-06,Deposit,164758.04,UPI,Failed,820.0,Retired,2570279.28,No,dominguezscott@example.com,(438)267-6738,False
273,CUST10126,8809871735,Kristin Haney,67.0,Male,Hyderabad,MG Road Branch,Salary,477433.43,TXN100126,2022-06-11,Transfer,184805.73,UPI,Success,790.0,Self-Employed,1628178.1099999999,No,ashleyjackson@example.com,(824)644-7212,False
274,CUST10859,6947471083,Carolyn Lopez,19.0,Other,Lucknow,Banjara Hills Branch,Savings,477634.41,TXN100859,2023-01-22,ATM Withdrawal,124193.44,Internet Banking,Success,653.0,Salaried,2635476.72,Yes,flowersdanielle@example.com,001-782-913-4862,False
275,CUST12048,8679097786,Lauren Foster,19.0,Male,Bangalore,MG Road Branch,Savings,41821.5,TXN102048,2024-04-27,ATM Withdrawal,195884.63,Internet Banking,Success,453.0,Self-Employed,2910721.2,No,gweaver@example.com,(604)975-9835,False
276,CUST11437,1577539020,David Fields,37.0,Female,Delhi,Anna Nagar Branch,NRI,107207.35,TXN101437,2022-01-12,ATM Withdrawal,9403.04,Mobile App,Failed,447.0,Student,1534682.58,Yes,pacemarcus@example.com,+1-859-428-9748x74114,False
277,CUST11482,1830544602,Holly Owen,47.0,Male,Bangalore,Koramangala Branch,Current,404234.36,TXN101482,2023-09-28,Transfer,169333.4,ATM,Success,300.0,Business Owner,1556139.56,Yes,bhawkins@example.net,978.260.2039x22131,False
278,CUST10038,2335901990,Jamie Kerr,55.0,Male,Hyderabad,Salt Lake Branch,Fixed Deposit,470442.65,TXN100038,2023-02-11,Deposit,118439.97,UPI,Success,608.0,Unemployed,1861173.1,Yes,michelle64@example.net,+1-309-413-3412x328,False
279,CUST11633,2107477528,Kyle Smith,49.0,Other,Jaipur,Connaught Place Branch,Fixed Deposit,203430.94,TXN101633,2025-03-13,Deposit,176482.81,ATM,Failed,597.0,Self-Employed,267545.74,Yes,hlopez@example.com,+1-525-385-4551,False
280,CUST12019,8555735677,Holly Valenzuela,27.0,Other,Delhi,Connaught Place Branch,Salary,209270.67,TXN102019,2025-07-03,Deposit,64127.67,POS,Success,377.0,Salaried,1691388.64,Yes,shuff@example.net,001-937-910-5392x5906,False
281,CUST10329,3996893560,Kelly Burton,27.0,Male,Pune,Kothrud Branch,NRI,285503.7,TXN100329,2022-07-04,Withdrawal,86415.54,Branch,Success,644.0,Salaried,1506185.77,Yes,robert82@example.com,(767)704-3103x856,False
282,CUST11900,1673288747,Benjamin Mitchell,39.0,Male,Ahmedabad,Banjara Hills Branch,Fixed Deposit,23121.83,TXN101900,2022-12-06,Withdrawal,49999.85,Internet Banking,Success,593.0,Salaried,1210998.93,No,ntorres@example.org,470-287-0272,False
283,CUST10109,2941508568,Janet Kane DVM,75.0,Other,Ahmedabad,Anna Nagar Branch,Salary,332259.09,TXN100109,2025-12-24,Deposit,110021.93,ATM,Failed,461.0,Unemployed,2172256.8,Yes,qmiller@example.net,(251)228-6823,False
284,CUST11257,7231526825,Nicholas Dominguez,32.0,Other,Delhi,Salt Lake Branch,Salary,3673.98,TXN101257,2025-10-16,Loan EMI,131493.66,POS,Success,529.0,Salaried,1840964.78,No,gloria49@example.org,(951)714-9788,False
285,CUST10784,2748836777,Jennifer Rivera,19.0,Female,Delhi,Koramangala Branch,Salary,228532.82,TXN100784,2025-07-24,Transfer,19474.68,Internet Banking,Success,632.0,Self-Employed,331609.01,No,sanchezcindy@example.net,250-766-6267,False
286,CUST10373,1576717254,Tammy Fields,22.0,Other,Chennai,Andheri Branch,Fixed Deposit,327252.98,TXN100373,2022-10-06,Deposit,27487.19,Branch,Failed,735.0,Retired,662422.52,No,jbrown@example.org,920.274.2761,False
287,CUST11519,7758889508,Garrett Powell,35.0,Female,Lucknow,Kothrud Branch,NRI,100477.22,TXN101519,2024-12-06,Withdrawal,100926.72,UPI,Success,796.0,Unemployed,1786798.93,No,martinjohn@example.org,740.356.7712,False
288,CUST11258,8400014051,Cesar Watts,64.0,Other,Lucknow,Koramangala Branch,Savings,120834.5,TXN101258,2022-08-01,Deposit,199541.39,POS,Success,362.0,Unemployed,644010.7,No,alexis54@example.org,276.361.8308x580,False
289,CUST10480,5797223937,Debra Mayo,57.0,Other,Kolkata,Kothrud Branch,Fixed Deposit,5507.5,TXN100480,2023-08-13,ATM Withdrawal,38480.65,ATM,Success,819.0,Self-Employed,1824827.32,No,wmartin@example.net,(505)931-3402x66502,False
290,CUST11976,1963495703,Michelle Shelton,48.0,Male,Delhi,Andheri Branch,Fixed Deposit,16272.48,TXN101976,2022-04-24,POS Purchase,25228.37,Internet Banking,Success,774.0,Student,2283503.36,Yes,bprice@example.org,+1-962-589-5134x0399,False
291,CUST10604,1778197615,Willie Smith,72.0,Other,Delhi,Connaught Place Branch,Savings,61809.39,TXN100604,2022-03-20,Transfer,198080.24,Internet Banking,Success,504.0,Salaried,2613397.82,No,jamesdavis@example.com,610-697-9215x83503,False
292,CUST10189,5625980561,Angel Fry,45.0,Other,Kolkata,MG Road Branch,Fixed Deposit,428976.69,TXN100189,2022-12-08,Transfer,100926.72,Mobile App,Failed,597.0,Student,2261222.89,Yes,mluna@example.net,262-457-5326x03323,False
293,CUST10359,4340584292,Ronald Brown,23.0,Female,Delhi,MG Road Branch,Fixed Deposit,452002.68,TXN100359,2022-11-12,Withdrawal,68056.18,Branch,Success,836.0,Business Owner,2360269.65,Yes,meghanadams@example.com,+1-924-993-6312x3034,False
294,CUST11200,5107778253,Ronald Watson,60.0,Male,Lucknow,Koramangala Branch,Salary,288431.85,TXN101200,2024-02-07,Loan EMI,45044.41,Mobile App,Success,769.0,Student,2312473.93,Yes,jessicaeaton@example.org,+1-364-409-8910x3909,False
295,CUST10021,4311931853,William Wilson,58.0,Female,Delhi,Kothrud Branch,NRI,351362.06,TXN100021,2025-02-22,Deposit,22419.18,UPI,Failed,858.0,Salaried,2528595.81,Yes,jonathanfletcher@example.org,783.856.1595x14846,False
296,CUST11538,2805108759,Edward Rowland,33.0,Other,Bangalore,Andheri Branch,Fixed Deposit,246244.99,TXN101538,2025-08-09,Transfer,144528.19,Branch,Success,586.0,Self-Employed,1458852.86,No,michael03@example.net,001-734-427-1866x925,False
297,CUST10397,4977727965,Andrew Moore,63.0,Other,Lucknow,Koramangala Branch,Fixed Deposit,345219.28,TXN100397,2024-09-01,ATM Withdrawal,25422.14,Branch,Success,835.0,Student,1628178.1099999999,Yes,sandra19@example.com,715-694-0821,False
298,CUST11180,3482396015,James Levy,26.0,Female,Ahmedabad,MG Road Branch,NRI,4121.22,TXN101180,2022-04-12,Deposit,126442.05,Internet Banking,Failed,650.0,Student,934060.61,Yes,wthompson@example.com,+1-899-929-9833x587,False
299,CUST10673,1910816645,Jeffrey Short,43.0,Other,Pune,Banjara Hills Branch,Savings,217877.0,TXN100673,2024-01-28,Deposit,9874.42,Branch,Success,732.0,Self-Employed,987916.8,No,whernandez@example.net,340-364-1769x27438,False
300,CUST10351,1153931824,Kimberly Smith,67.0,Female,Kolkata,Banjara Hills Branch,Fixed Deposit,409233.69,TXN100351,2024-05-25,Loan EMI,110116.69,ATM,Success,424.0,Unemployed,2599312.63,No,ewingnicole@example.org,(875)467-7002x8427,False
301,CUST10759,7246947116,Eric Petersen,29.0,Female,Jaipur,Anna Nagar Branch,Savings,181614.6,TXN100759,2025-06-09,ATM Withdrawal,30680.69,UPI,Success,434.0,Salaried,1345781.86,Yes,mramirez@example.com,+1-439-324-3588x53798,False
302,CUST11049,3667942069,Marvin Johnson,51.0,Female,Hyderabad,MG Road Branch,Savings,117260.56,TXN101049,2025-02-09,Deposit,158772.58,Branch,Success,650.0,Business Owner,826663.17,Yes,welchjames@example.com,001-810-934-4442x990,False
303,CUST11179,3523872583,Savannah Estrada,45.0,Male,Hyderabad,Banjara Hills Branch,Salary,457705.15,TXN101179,2022-08-04,Loan EMI,110732.74,UPI,Success,797.0,Salaried,1059037.27,Yes,denniswilliams@example.com,(498)262-2699,False
304,CUST11406,5320850642,Jason Williams,68.0,Male,Jaipur,Andheri Branch,Fixed Deposit,96007.47,TXN101406,2024-05-06,ATM Withdrawal,16807.41,ATM,Success,760.0,Student,2861902.49,Yes,julielewis@example.com,+1-443-594-6896x33181,False
305,CUST11402,9111764189,Debbie Tanner,36.0,Other,Hyderabad,Banjara Hills Branch,Fixed Deposit,334218.07,TXN101402,2024-02-25,Deposit,32441.43,Internet Banking,Success,703.0,Student,1655020.33,Yes,jamesbenson@example.com,+1-569-985-0450x566,False
306,CUST11174,7141358741,Bryan Brown,53.0,Male,Hyderabad,Andheri Branch,Fixed Deposit,264819.4,TXN101174,2025-03-08,POS Purchase,124384.92,Internet Banking,Success,770.0,Salaried,1654670.28,No,virginiafisher@example.net,244-335-9624x587,False
307,CUST11456,5981037863,Samuel Livingston,25.0,Other,Delhi,Salt Lake Branch,Salary,482716.63,TXN101456,2023-02-22,Loan EMI,160866.35,Branch,Success,597.0,Retired,1355232.63,No,timothy96@example.com,001-414-880-3007x35658,False
308,CUST11089,7609589161,Kristin Davis,35.0,Female,Delhi,Andheri Branch,Fixed Deposit,351581.33,TXN101089,2024-11-10,Transfer,196631.63,UPI,Success,647.0,Unemployed,1628178.1099999999,No,armstrongtravis@example.net,001-521-864-0069,False
309,CUST11226,7754637197,Shannon Green,71.0,Other,Hyderabad,Anna Nagar Branch,Salary,88609.21,TXN101226,2024-03-28,POS Purchase,28561.95,Branch,Success,706.0,Business Owner,2556082.57,Yes,afitzpatrick@example.org,738.968.6083,False
310,CUST12039,4626584633,Wendy Barry DVM,69.0,Female,Kolkata,Kothrud Branch,Salary,139083.65,TXN102039,2025-11-26,POS Purchase,138713.23,POS,Success,475.0,Self-Employed,1484142.86,Yes,gcruz@example.org,(713)595-5745x86180,False
311,CUST10708,3820033816,Angelica Smith,22.0,Female,Jaipur,Connaught Place Branch,Fixed Deposit,351153.87,TXN100708,2024-01-02,Loan EMI,44096.44,UPI,Success,675.0,Retired,984147.73,Yes,bjones@example.net,923.941.5959,False
312,CUST10191,6669078244,Christine Jennings,70.0,Male,Lucknow,Banjara Hills Branch,Savings,248530.68,TXN100191,2022-04-18,Withdrawal,44675.85,POS,Pending,710.0,Salaried,2649425.03,No,turnerdorothy@example.net,549.592.6189x14117,False
313,CUST10716,9443413910,Tammy Lopez,48.0,Other,Jaipur,Connaught Place Branch,Fixed Deposit,24585.34,TXN100716,2022-06-12,Transfer,179414.0,POS,Success,365.0,Student,662441.14,No,smithlatasha@example.org,901.465.8373,False
314,CUST11442,5593301898,Kevin Stafford,38.0,Female,Mumbai,Kothrud Branch,Savings,498992.73,TXN101442,2024-10-09,POS Purchase,100926.72,Internet Banking,Success,487.0,Salaried,1628178.1099999999,No,gilbertsamuel@example.com,001-362-472-0536x4991,False
315,CUST10338,2792433036,Julie Johnson,54.0,Male,Pune,Koramangala Branch,NRI,161288.79,TXN100338,2025-01-15,Withdrawal,41391.12,Internet Banking,Success,507.0,Self-Employed,1030645.43,Yes,moorekevin@example.net,+1-771-946-2730x1471,False
316,CUST10770,9256445847,Ann Moon,74.0,Other,Jaipur,Connaught Place Branch,NRI,374684.3,TXN100770,2022-09-24,ATM Withdrawal,66662.77,Mobile App,Pending,616.0,Self-Employed,2434245.43,No,gilbertangela@example.com,484-572-4264,False
317,CUST11330,3510378462,Jennifer Gibson,18.0,Male,Jaipur,Andheri Branch,NRI,492303.23,TXN101330,2023-09-22,Withdrawal,129281.35,ATM,Success,549.0,Unemployed,1365786.95,Yes,billy96@example.net,434.640.0952,False
318,CUST11073,9456432130,Scott Brennan,66.0,Other,Chennai,Koramangala Branch,Current,212130.34,TXN101073,2025-06-01,POS Purchase,57796.38,POS,Failed,462.0,Self-Employed,2692703.2,Yes,cynthia47@example.org,693.295.3096x90676,False
319,CUST10143,3777580509,Sara Smith,46.0,Female,Mumbai,Connaught Place Branch,Savings,130573.1,TXN100143,2025-10-11,POS Purchase,120604.26,Mobile App,Success,872.0,Self-Employed,1516273.49,No,scottsmith@example.com,724.424.1541,False
320,CUST10442,9674596936,Alan Barr,38.0,Male,Ahmedabad,Salt Lake Branch,NRI,254953.71,TXN100442,2024-05-12,Transfer,4129.43,Branch,Success,624.0,Student,1775507.59,No,oreyes@example.net,589.803.0914,False
321,CUST11392,1799821452,Elizabeth Jenkins,70.0,Male,Pune,MG Road Branch,Fixed Deposit,299244.74,TXN101392,2024-02-23,POS Purchase,70514.69,Branch,Success,783.0,Salaried,1258460.6,No,wilsonjill@example.com,+1-315-564-0994x14753,False
322,CUST11705,4474189836,Jessica Roberts,46.0,Male,Delhi,Anna Nagar Branch,Fixed Deposit,66333.57,TXN101705,2025-06-12,Deposit,148740.67,UPI,Success,534.0,Student,593516.41,Yes,ginahooper@example.net,001-283-568-7477x7407,False
323,CUST11313,9604212361,Lisa Silva,33.0,Female,Delhi,Andheri Branch,Savings,464911.73,TXN101313,2022-05-20,ATM Withdrawal,155837.58,Internet Banking,Failed,446.0,Unemployed,2914245.09,No,jonathanwiley@example.org,429-514-6502,False
324,CUST11741,4541852788,Michelle Beck,45.0,Male,Mumbai,MG Road Branch,Current,155744.56,TXN101741,2023-10-17,POS Purchase,53470.2,UPI,Success,479.0,Salaried,1957393.96,Yes,vgonzales@example.com,577.974.5925x412,False
325,CUST11623,3518437542,Ronald Martin,50.0,Male,Hyderabad,Banjara Hills Branch,Savings,88398.01,TXN101623,2022-04-03,Bill Payment,19089.17,POS,Success,890.0,Self-Employed,1982512.82,Yes,larmstrong@example.net,4047794123,False
326,CUST11821,3628914109,Lauren West,22.0,Female,Bangalore,MG Road Branch,NRI,231388.24,TXN101821,2023-09-27,Withdrawal,100926.72,ATM,Pending,532.0,Student,1304787.46,Yes,johnathan63@example.net,267-702-0715x37842,False
327,CUST10186,2727768349,Jennifer Pitts,58.0,Other,Jaipur,Andheri Branch,Salary,37216.52,TXN100186,2022-06-11,POS Purchase,184188.93,Internet Banking,Success,700.0,Retired,1957738.6,Yes,derrickgonzalez@example.com,001-772-252-1752,False
328,CUST11331,1528353758,Victoria James,36.0,Female,Chennai,Andheri Branch,Salary,102149.6,TXN101331,2024-08-02,Withdrawal,80122.16,ATM,Failed,843.0,Student,736078.5,No,james79@example.org,001-722-619-1439x070,False
329,CUST11090,7930564616,Monica Anderson,45.0,Other,Delhi,Koramangala Branch,NRI,454795.81,TXN101090,2022-06-19,Loan EMI,138651.39,ATM,Success,597.0,Salaried,272193.56,No,kristenpetty@example.com,+1-348-564-7082,False
330,CUST10161,6982610835,Kenneth Underwood,25.0,Other,Bangalore,Andheri Branch,NRI,8592.63,TXN100161,2024-08-03,ATM Withdrawal,41969.2,ATM,Success,370.0,Student,2067986.31,Yes,ycrawford@example.net,(625)932-4472x09993,False
331,CUST10362,3207873733,Bryan Roman,31.0,Other,Delhi,Banjara Hills Branch,Salary,66486.2,TXN100362,2025-12-13,Loan EMI,56689.38,Internet Banking,Success,618.0,Retired,2692892.85,No,marisa63@example.com,221.923.4764,False
332,CUST10577,7760158051,Mitchell Brown,45.0,Other,Ahmedabad,Koramangala Branch,Fixed Deposit,24700.36,TXN100577,2023-11-14,Withdrawal,165585.54,Internet Banking,Success,530.0,Unemployed,2246817.89,Yes,theresa05@example.net,001-509-535-1187x181,False
333,CUST11641,4325040272,Richard Jacobs,30.0,Female,Delhi,MG Road Branch,NRI,347851.97,TXN101641,2023-07-07,Transfer,12853.06,Branch,Success,755.0,Salaried,1276958.83,No,russellsamantha@example.com,6816136403,False
334,CUST11762,5640785576,Brad Adams,56.0,Female,Kolkata,Connaught Place Branch,Salary,39574.77,TXN101762,2023-10-12,Loan EMI,94263.35,Internet Banking,Success,512.0,Salaried,1922672.28,Yes,pmccullough@example.com,001-265-499-0527,False
335,CUST10264,9207624837,Nicholas Miller,44.0,Female,Ahmedabad,Salt Lake Branch,Fixed Deposit,154784.14,TXN100264,2024-03-08,ATM Withdrawal,23705.24,Mobile App,Success,364.0,Unemployed,1818982.84,Yes,sanchezchristine@example.org,605-914-7705x3833,False
336,CUST11409,9846070530,Sarah Griffin,29.0,Male,Delhi,Kothrud Branch,Savings,48740.51,TXN101409,2022-06-03,Loan EMI,100926.72,ATM,Success,801.0,Student,1879229.76,No,bcobb@example.org,(201)951-5325x94795,False
337,CUST11383,9560180877,William Jackson,43.0,Female,Chennai,Banjara Hills Branch,Savings,407362.13,TXN101383,2022-03-31,Withdrawal,18267.05,ATM,Success,585.0,Salaried,2436119.61,Yes,wilsonjamie@example.org,516.375.3216x3361,False
338,CUST11138,9591409068,Christopher Howard,54.0,Male,Hyderabad,Salt Lake Branch,NRI,346827.35,TXN101138,2023-04-12,POS Purchase,8265.53,Branch,Success,564.0,Student,1516642.26,No,moorenicholas@example.net,650-519-3545x03698,False
339,CUST10148,3869963931,David Little,66.0,Male,Pune,Andheri Branch,Current,29323.81,TXN100148,2022-11-06,Deposit,43783.0,Branch,Success,794.0,Unemployed,1540384.99,Yes,ricetiffany@example.com,626-596-5827x10910,False
340,CUST11648,3773373043,Nathan Smith,48.0,Female,Ahmedabad,Banjara Hills Branch,Salary,250371.35,TXN101648,2023-02-08,Deposit,124911.86,Mobile App,Success,712.0,Retired,2804481.16,No,wilsonrobert@example.org,764-646-1198x3097,False
341,CUST11986,5076150500,Joseph Powers,48.0,Female,Chennai,Koramangala Branch,Current,108592.38,TXN101986,2025-01-27,POS Purchase,74629.37,Branch,Success,763.0,Unemployed,582248.79,No,jenniferwatts@example.net,(697)947-6237x0385,False
343,CUST11386,9318435886,Spencer Jones,70.0,Male,Bangalore,Anna Nagar Branch,Fixed Deposit,372506.96,TXN101386,2025-04-22,Loan EMI,93353.62,UPI,Success,346.0,Unemployed,449142.52,No,marilyn62@example.org,001-723-660-1863x994,False
344,CUST11739,7181395301,Timothy Martinez,40.0,Other,Mumbai,Anna Nagar Branch,NRI,210027.33,TXN101739,2022-05-14,Transfer,83334.86,ATM,Success,889.0,Business Owner,443692.93,No,nluna@example.com,348-776-1504x8849,False
345,CUST11190,5498689792,Carol Medina,39.0,Male,Ahmedabad,Kothrud Branch,Salary,350867.4,TXN101190,2024-03-16,Transfer,89824.68,ATM,Success,672.0,Student,604448.92,Yes,christian56@example.org,309-718-5805x581,False
346,CUST11660,7041814852,Christina Martinez,20.0,Other,Lucknow,Salt Lake Branch,NRI,426620.67,TXN101660,2023-02-03,Transfer,155806.79,Branch,Success,675.0,Self-Employed,610209.11,No,amandarichardson@example.net,001-712-357-8047x37198,False
347,CUST10749,7116816064,Jill Shaw,28.0,Other,Jaipur,Kothrud Branch,Current,373241.68,TXN100749,2025-01-25,Bill Payment,79911.16,ATM,Success,601.0,Unemployed,2777615.12,No,khill@example.com,+1-604-491-8727,False
348,CUST10364,4510886562,Ellen Mullen,63.0,Other,Jaipur,Anna Nagar Branch,Fixed Deposit,281733.6,TXN100364,2022-07-10,Loan EMI,100926.72,UPI,Success,766.0,Business Owner,2100762.23,No,rebecca18@example.org,760.864.4134x327,False
349,CUST11278,4506643107,Yvonne Adkins,30.0,Female,Hyderabad,Koramangala Branch,Fixed Deposit,437990.59,TXN101278,2022-02-07,Transfer,100465.56,POS,Success,894.0,Business Owner,183469.17,No,waltercarrie@example.org,721-534-8548x4203,False
350,CUST10396,6003663209,Michael Powell,33.0,Other,Chennai,Andheri Branch,Savings,394481.41,TXN100396,2025-07-18,POS Purchase,75257.4,Internet Banking,Success,798.0,Salaried,168096.3,Yes,lwiggins@example.com,+1-367-576-2282x7728,False
351,CUST12072,1897072740,John Clark,26.0,Female,Pune,Connaught Place Branch,Current,496419.25,TXN102072,2022-09-23,Withdrawal,106581.4,ATM,Success,463.0,Retired,808001.81,Yes,usanchez@example.org,921-894-0504x72609,False
352,CUST10526,2959379885,Anna Snyder,41.0,Female,Delhi,Salt Lake Branch,Savings,54839.13,TXN100526,2022-09-25,Loan EMI,100926.72,POS,Success,683.0,Business Owner,1858715.11,Yes,roberta36@example.org,606.217.1366x5722,False
353,CUST11853,2099189815,Bernard Walton,41.0,Female,Hyderabad,Andheri Branch,NRI,400091.43,TXN101853,2023-10-26,Withdrawal,194886.59,Branch,Success,597.0,Self-Employed,1190716.04,Yes,fosterlisa@example.com,726.541.8793x978,False
354,CUST11596,9853574323,Jeremy Garza,48.0,Other,Mumbai,Kothrud Branch,NRI,45343.11,TXN101596,2025-01-18,Bill Payment,11799.2,ATM,Success,401.0,Unemployed,2668715.06,No,valenzuelachristopher@example.org,001-585-418-4668x985,False
355,CUST11754,5853540975,Robert Rivera,21.0,Other,Bangalore,Banjara Hills Branch,Fixed Deposit,211055.45,TXN101754,2022-12-20,Loan EMI,75309.59,ATM,Success,373.0,Unemployed,1322125.5,Yes,ppowell@example.org,894.602.6908,False
356,CUST10886,8204262854,Jeremy Summers,27.0,Other,Bangalore,Banjara Hills Branch,Salary,354261.13,TXN100886,2022-06-20,Transfer,120582.37,Branch,Success,727.0,Self-Employed,1190865.54,No,ksmith@example.org,912.705.3978x713,False
357,CUST10427,2469072661,Felicia Leonard,63.0,Female,Chennai,Anna Nagar Branch,Current,60000.81,TXN100427,2025-11-22,Withdrawal,100926.72,ATM,Success,433.0,Salaried,1360694.46,Yes,kevin43@example.net,+1-928-440-4456x690,False
358,CUST11308,9673710819,Paul Chavez,25.0,Other,Ahmedabad,Andheri Branch,Fixed Deposit,438484.37,TXN101308,2022-03-13,Deposit,100926.72,Internet Banking,Success,425.0,Salaried,1628178.1099999999,No,kendra39@example.net,001-823-813-2465,False
359,CUST10393,1309381429,Nathan Hobbs,65.0,Male,Ahmedabad,MG Road Branch,Fixed Deposit,453125.33,TXN100393,2025-06-20,Deposit,48574.38,UPI,Success,476.0,Unemployed,292380.29,No,jason88@example.com,752.600.8943x46810,False
360,CUST11193,5397157474,Jacob Hoover,63.0,Other,Kolkata,Connaught Place Branch,Salary,407874.18,TXN101193,2023-07-03,ATM Withdrawal,188102.33,UPI,Success,300.0,Salaried,2050554.99,Yes,rcohen@example.net,001-307-888-0265x295,False
361,CUST10187,2024939794,Donald Juarez,33.0,Male,Pune,Anna Nagar Branch,Fixed Deposit,304209.88,TXN100187,2022-04-23,Transfer,133232.61,UPI,Success,422.0,Salaried,2167516.73,Yes,barbaramoore@example.org,(296)566-6760,False
362,CUST10503,5906830717,Charles Sanchez,75.0,Female,Hyderabad,Salt Lake Branch,Savings,21198.45,TXN100503,2023-05-06,Loan EMI,119421.07,Internet Banking,Success,816.0,Student,2855667.61,No,carrolllisa@example.org,001-227-228-4765x70412,False
363,CUST11815,6591839941,Margaret Chen,18.0,Female,Chennai,Kothrud Branch,Savings,122069.45,TXN101815,2025-04-29,Bill Payment,126738.03,Mobile App,Success,804.0,Unemployed,1831121.56,Yes,katherinecampbell@example.net,001-970-632-0434,False
364,CUST11699,2853224097,James Gray,19.0,Male,Lucknow,Banjara Hills Branch,Savings,215092.43,TXN101699,2024-10-08,Deposit,62187.39,Mobile App,Success,852.0,Self-Employed,2765403.1,Yes,patelamber@example.com,758-571-2075x3136,False
365,CUST10202,3057422183,Carrie Ochoa,23.0,Female,Pune,Andheri Branch,Fixed Deposit,95726.19,TXN100202,2024-12-12,Withdrawal,126169.34,POS,Success,691.0,Unemployed,1173469.51,No,hughescaroline@example.com,666.793.4654x72269,False
366,CUST10611,5172725742,Bonnie Barnes,45.0,Female,Jaipur,Salt Lake Branch,NRI,388582.95,TXN100611,2024-03-31,POS Purchase,54335.26,Internet Banking,Success,885.0,Self-Employed,1837521.35,Yes,browndana@example.org,818-843-9055x29580,False
367,CUST12029,3031483143,Shelly Wright,30.0,Male,Lucknow,Salt Lake Branch,Current,445709.36,TXN102029,2024-05-25,POS Purchase,83231.35,Internet Banking,Success,597.0,Self-Employed,480527.43,Yes,yjohnson@example.net,(755)315-1797,False
368,CUST11734,3670449118,Mariah Nolan,59.0,Other,Pune,Koramangala Branch,Salary,440374.29,TXN101734,2025-04-01,POS Purchase,100926.72,UPI,Success,332.0,Retired,2958023.74,Yes,ojames@example.org,+1-323-756-5403x079,False
369,CUST11583,4212367816,Deanna Padilla,27.0,Female,Bangalore,Salt Lake Branch,Fixed Deposit,461508.37,TXN101583,2022-11-05,Transfer,20696.39,Branch,Success,768.0,Unemployed,2138850.11,No,wesley52@example.net,776-409-6064x724,False
370,CUST10564,8443359717,Hunter Brennan,28.0,Other,Kolkata,Andheri Branch,Current,246244.99,TXN100564,2023-01-08,POS Purchase,189699.24,Branch,Success,517.0,Self-Employed,722681.42,Yes,tammyjones@example.net,389.984.6908,False
371,CUST10378,3082029167,Stephen Alvarez MD,26.0,Other,Mumbai,Koramangala Branch,Salary,61932.08,TXN100378,2023-07-30,Transfer,171578.78,Mobile App,Success,478.0,Retired,2256056.62,No,bdavis@example.com,+1-326-661-0857x327,False
372,CUST10375,5201480686,Laura Butler,54.0,Female,Kolkata,Anna Nagar Branch,NRI,238174.12,TXN100375,2025-11-15,Deposit,100926.72,UPI,Success,586.0,Student,1623306.22,Yes,sancheztyler@example.org,904-616-5915x20177,False
373,CUST11479,7554945913,Corey David,54.0,Female,Ahmedabad,Andheri Branch,Salary,424034.93,TXN101479,2022-01-14,Transfer,49619.37,ATM,Success,423.0,Unemployed,615595.37,Yes,brettthomas@example.net,001-634-546-0606,False
374,CUST11611,8111548844,Matthew Trevino,36.0,Female,Jaipur,Salt Lake Branch,Fixed Deposit,140357.71,TXN101611,2025-07-11,Withdrawal,110143.0,Internet Banking,Success,822.0,Unemployed,1733076.77,Yes,tporter@example.org,5452358597,False
375,CUST11511,4944696348,Corey Clark,57.0,Other,Delhi,Connaught Place Branch,NRI,433070.43,TXN101511,2025-08-27,Withdrawal,9394.48,Internet Banking,Success,322.0,Retired,417674.09,Yes,dcampbell@example.net,708.330.6978,False
376,CUST10037,4239406957,Glen Sheppard,33.0,Other,Delhi,Andheri Branch,Current,58741.59,TXN100037,2025-10-03,Deposit,112815.72,Internet Banking,Success,562.0,Business Owner,628199.06,Yes,shelley71@example.org,(871)590-2294x1318,False
377,CUST11464,5304339914,James Andrews,55.0,Other,Mumbai,Salt Lake Branch,Savings,81602.7,TXN101464,2024-08-25,Bill Payment,78413.03,Mobile App,Success,843.0,Self-Employed,2545914.97,Yes,perezmargaret@example.org,(845)264-9674x1991,False
378,CUST10562,7128366328,Jason Payne,62.0,Female,Jaipur,Salt Lake Branch,NRI,150529.33,TXN100562,2024-04-22,Loan EMI,175286.27,UPI,Failed,411.0,Unemployed,1781943.33,No,petersonfaith@example.net,+1-387-933-9785x5982,False
379,CUST11349,1150959137,Richard Davis DDS,56.0,Female,Bangalore,Salt Lake Branch,Fixed Deposit,359328.06,TXN101349,2022-05-24,POS Purchase,72110.17,Branch,Pending,897.0,Salaried,178432.73,No,kevin95@example.com,+1-774-306-8735x44534,False
380,CUST10518,6933306132,Nathan Mcneil,24.0,Other,Pune,Connaught Place Branch,NRI,392674.78,TXN100518,2025-07-01,Deposit,90709.58,Branch,Success,403.0,Business Owner,2005126.06,Yes,cynthiafowler@example.net,503-736-8296,False
381,CUST11588,5205684275,Kelly Smith,36.0,Female,Bangalore,Koramangala Branch,Fixed Deposit,195414.59,TXN101588,2023-10-25,ATM Withdrawal,100926.72,Internet Banking,Success,468.0,Student,2550976.74,No,ruizheather@example.net,+1-667-515-2077x10740,False
382,CUST11816,9479096235,Daniel Torres,25.0,Other,Kolkata,Banjara Hills Branch,NRI,166723.05,TXN101816,2022-03-27,POS Purchase,142587.94,Branch,Failed,681.0,Unemployed,2334762.18,Yes,williamsmichael@example.org,3465010413,False
383,CUST11905,9725510256,Alan Jackson,45.0,Female,Pune,Anna Nagar Branch,Salary,392933.07,TXN101905,2025-05-22,Loan EMI,49744.85,POS,Success,692.0,Salaried,219845.74,No,christopher53@example.net,3402531984,False
384,CUST11163,9070278706,Jared Haynes,62.0,Other,Ahmedabad,Connaught Place Branch,Fixed Deposit,350811.29,TXN101163,2025-02-05,Deposit,3163.14,UPI,Success,628.0,Self-Employed,1984400.76,Yes,kelleyderek@example.net,(966)879-4190,False
385,CUST11009,5308098714,Jerry Perez,47.0,Male,Chennai,MG Road Branch,Fixed Deposit,259762.41,TXN101009,2023-02-22,Bill Payment,22127.78,ATM,Success,586.0,Self-Employed,1364534.02,Yes,natalie40@example.net,001-682-323-0958x62973,False
386,CUST11317,2981028339,Sheila Harris,40.0,Other,Hyderabad,Kothrud Branch,Current,126278.52,TXN101317,2025-05-20,Withdrawal,7377.57,Internet Banking,Success,847.0,Salaried,783399.78,Yes,rodneyhayes@example.net,(608)628-9671x3605,False
387,CUST11523,9328142690,Tommy Monroe,37.0,Male,Delhi,Banjara Hills Branch,Fixed Deposit,356141.88,TXN101523,2024-10-29,ATM Withdrawal,98364.45,POS,Success,838.0,Self-Employed,1628178.1099999999,Yes,gentryanthony@example.org,(269)614-1939x6061,False
388,CUST11418,8531385585,Brandon Harris,72.0,Male,Delhi,MG Road Branch,NRI,165.93,TXN101418,2022-07-31,POS Purchase,191968.11,Internet Banking,Success,469.0,Self-Employed,2349194.61,No,charles30@example.org,(785)434-6581x539,False
389,CUST10152,4947728706,Jorge Brown PhD,32.0,Male,Lucknow,Kothrud Branch,Salary,18513.8,TXN100152,2022-06-02,ATM Withdrawal,185120.68,POS,Success,333.0,Self-Employed,2796984.13,No,bjones@example.net,001-913-780-0030,False
390,CUST11052,8115778131,Erika Davis,71.0,Other,Lucknow,Kothrud Branch,Savings,444021.45,TXN101052,2023-08-29,Withdrawal,100926.72,ATM,Success,882.0,Self-Employed,568755.78,Yes,amandaedwards@example.com,224-255-3129,False
391,CUST12026,9552524933,Kathryn Hamilton,18.0,Other,Delhi,Connaught Place Branch,Fixed Deposit,112943.55,TXN102026,2025-08-11,Loan EMI,158870.06,Mobile App,Success,392.0,Self-Employed,2422068.22,Yes,owenselizabeth@example.com,+1-313-580-5732,False
392,CUST12044,5818215753,Becky Rice,40.0,Other,Hyderabad,MG Road Branch,NRI,47236.5,TXN102044,2023-07-06,Transfer,159860.65,ATM,Success,857.0,Salaried,2164190.81,Yes,kburch@example.net,3663747720,False
393,CUST11991,2220687464,Mario Evans,40.0,Other,Bangalore,Kothrud Branch,Salary,14871.44,TXN101991,2025-10-24,Loan EMI,73309.27,Internet Banking,Success,535.0,Student,2399831.98,No,rwilliams@example.net,+1-423-609-2587,False
394,CUST10876,8064319924,Diana Huffman,36.0,Other,Lucknow,Salt Lake Branch,Fixed Deposit,454671.75,TXN100876,2023-05-02,ATM Withdrawal,98137.94,ATM,Success,765.0,Student,2770365.59,Yes,trevormorgan@example.com,001-648-359-6559x4282,False
395,CUST10147,7402059279,Charles Hill,28.0,Other,Kolkata,Andheri Branch,Current,358758.33,TXN100147,2024-09-27,Withdrawal,183384.03,POS,Pending,360.0,Retired,246397.71,Yes,wrightcarolyn@example.net,+1-540-943-8983x640,False
396,CUST10380,8603671758,Kevin Mack,33.0,Other,Ahmedabad,Andheri Branch,Current,286767.48,TXN100380,2023-12-08,Deposit,128470.11,Mobile App,Success,775.0,Student,1507261.04,No,wilsondorothy@example.org,(960)616-4597,False
397,CUST10741,6900769445,Kimberly Brooks,44.0,Male,Jaipur,Connaught Place Branch,Savings,13217.86,TXN100741,2022-02-11,Loan EMI,188074.02,Mobile App,Success,796.0,Student,597294.69,No,jessica82@example.com,001-856-729-6575x4278,False
398,CUST11068,3744752409,Antonio Taylor,74.0,Female,Lucknow,Andheri Branch,Savings,312274.14,TXN101068,2023-06-19,POS Purchase,186120.58,Branch,Success,859.0,Business Owner,2243461.72,No,jenniferclark@example.org,587-536-6271x35896,False
399,CUST10883,5578534275,Daniel Ramos,57.0,Female,Lucknow,Kothrud Branch,Fixed Deposit,166003.49,TXN100883,2022-12-25,Transfer,60682.93,POS,Success,597.0,Self-Employed,1628178.1099999999,No,sararios@example.org,8524229993,False
400,CUST10947,7669668433,Jacqueline Bass,31.0,Female,Lucknow,Andheri Branch,Savings,360919.31,TXN100947,2023-08-20,ATM Withdrawal,49443.07,POS,Success,645.0,Self-Employed,2678728.8,No,floreskimberly@example.org,2923257090,False
401,CUST10507,1195355435,Dakota Hickman,65.0,Other,Delhi,Anna Nagar Branch,Salary,40306.13,TXN100507,2025-12-01,Deposit,166108.1,UPI,Success,586.0,Student,750923.0,No,josephdavila@example.net,7976005140,False
402,CUST11529,5601160289,Jeffery Lamb,42.0,Female,Hyderabad,Banjara Hills Branch,Savings,72722.66,TXN101529,2023-06-10,Loan EMI,60542.19,Mobile App,Success,783.0,Student,164074.09,Yes,jesus18@example.org,(676)831-0108x965,False
403,CUST11993,5633585918,Alexis Duffy,35.0,Other,Lucknow,MG Road Branch,NRI,24447.59,TXN101993,2023-11-23,POS Purchase,80183.51,ATM,Success,597.0,Student,878151.62,No,dcollins@example.net,274-391-1634x3031,False
404,CUST10706,9175690539,Tina Berg,40.0,Male,Kolkata,Salt Lake Branch,Savings,115275.96,TXN100706,2022-07-08,POS Purchase,2059.43,Branch,Success,849.0,Retired,280472.2,Yes,nwilliams@example.com,+1-826-486-2703,False
405,CUST11680,7552325341,Nicole Gould,20.0,Male,Kolkata,MG Road Branch,Savings,357791.66,TXN101680,2023-01-12,Transfer,53990.45,UPI,Success,835.0,Student,1749357.7,No,andre19@example.com,729-433-2134,False
406,CUST10695,5896431504,Kenneth Austin Jr.,45.0,Other,Hyderabad,Salt Lake Branch,Savings,457660.81,TXN100695,2025-08-14,Bill Payment,75335.72,Branch,Success,484.0,Retired,2169225.52,No,sharris@example.org,503-652-6356x0229,False
407,CUST10112,5150074940,Shawn Odom,45.0,Other,Chennai,Anna Nagar Branch,NRI,72272.81,TXN100112,2022-12-04,Withdrawal,64566.02,UPI,Success,831.0,Business Owner,2560911.06,No,roberthill@example.net,001-726-887-0568,False
408,CUST10162,8015124886,Juan Brown,33.0,Female,Delhi,Salt Lake Branch,Fixed Deposit,32352.39,TXN100162,2025-05-09,Bill Payment,116469.69,POS,Success,728.0,Retired,1628178.1099999999,No,patrick63@example.net,638.406.5787x59856,False
409,CUST10345,9978374906,Jonathan Chandler,50.0,Male,Delhi,Andheri Branch,Fixed Deposit,203847.45,TXN100345,2024-07-12,Deposit,35816.77,POS,Failed,506.0,Student,407012.03,No,williamjones@example.net,001-408-933-4280x13875,False
410,CUST11299,5889243948,Alejandro Clayton,46.0,Male,Hyderabad,Andheri Branch,Salary,159705.9,TXN101299,2025-05-18,Transfer,134248.94,UPI,Success,755.0,Unemployed,998905.34,Yes,slong@example.net,+1-617-321-7429x220,False
411,CUST11800,6218241400,Claudia Howard,67.0,Other,Lucknow,Andheri Branch,Fixed Deposit,246244.99,TXN101800,2025-02-07,Deposit,113566.74,POS,Success,746.0,Unemployed,2128349.84,Yes,paigeyoung@example.org,+1-940-322-4626,False
413,CUST11016,7651049165,Amy Perez,63.0,Other,Bangalore,Connaught Place Branch,Current,182292.88,TXN101016,2022-03-16,Transfer,2388.98,POS,Success,587.0,Unemployed,1827584.77,No,stacey22@example.net,+1-446-565-2752x332,False
414,CUST10669,1969934690,Jim Rodriguez,34.0,Female,Mumbai,Banjara Hills Branch,NRI,416948.76,TXN100669,2023-05-12,ATM Withdrawal,129444.5,Internet Banking,Success,376.0,Student,321760.75,Yes,david54@example.com,(481)282-6832x30358,False
415,CUST10475,1803982387,Angie Torres,29.0,Male,Delhi,Koramangala Branch,Savings,214068.45,TXN100475,2022-02-06,Deposit,79017.02,Mobile App,Success,788.0,Student,2121647.76,No,megan11@example.net,212.890.1487,False
416,CUST10142,7605351600,Judy Beck,33.0,Male,Hyderabad,Andheri Branch,Fixed Deposit,246244.99,TXN100142,2025-02-25,Bill Payment,193558.85,POS,Success,697.0,Self-Employed,876737.59,No,melissa86@example.org,(201)951-5325x94795,False
417,CUST10896,5673919509,Paula Johnson,55.0,Female,Lucknow,Anna Nagar Branch,NRI,127530.84,TXN100896,2023-10-16,Bill Payment,71654.6,Branch,Success,607.0,Student,1043402.82,Yes,bconrad@example.org,(292)973-8740x299,False
418,CUST10864,5743011845,Melissa Hall,53.0,Female,Lucknow,Salt Lake Branch,Salary,246295.38,TXN100864,2023-08-12,Loan EMI,136826.28,Mobile App,Success,342.0,Student,2848322.59,No,mproctor@example.net,(201)951-5325x94795,False
419,CUST11151,4364158150,Cody Woods,72.0,Other,Delhi,Salt Lake Branch,Salary,348802.2,TXN101151,2022-04-21,Deposit,79328.25,ATM,Success,597.0,Self-Employed,2787254.03,Yes,deborah03@example.net,401-493-3538,False
420,CUST11781,4451828371,Larry Garza,19.0,Female,Delhi,Salt Lake Branch,Fixed Deposit,343460.97,TXN101781,2022-07-11,Deposit,11821.74,UPI,Success,435.0,Self-Employed,1628178.1099999999,Yes,thompsonduane@example.org,493-806-4691,False
421,CUST12073,4494779858,Billy Kelly,49.0,Other,Delhi,Andheri Branch,Salary,374212.18,TXN102073,2023-03-02,Deposit,7117.24,Internet Banking,Success,354.0,Salaried,1698172.11,No,ahayes@example.com,9986591981,False
422,CUST11178,4367505004,Mrs. Jaclyn Crosby MD,24.0,Other,Jaipur,Andheri Branch,Salary,41410.54,TXN101178,2025-12-30,POS Purchase,80592.45,Internet Banking,Success,481.0,Student,551602.83,No,yolandayu@example.org,(606)967-9986x49125,False
423,CUST10563,4497082739,James Jones,35.0,Other,Bangalore,Salt Lake Branch,Salary,-1757.75,TXN100563,2022-12-11,Loan EMI,98370.07,Mobile App,Success,727.0,Retired,1338000.62,No,martinezzachary@example.org,673-609-8503,False
424,CUST11233,5947729590,Randall Jackson,45.0,Other,Delhi,Andheri Branch,Savings,151140.33,TXN101233,2023-10-17,Bill Payment,132530.49,Internet Banking,Success,327.0,Retired,1008203.17,Yes,pjohnson@example.com,001-986-594-2767x4831,False
425,CUST10340,2175945569,Thomas Kelly,67.0,Male,Mumbai,Andheri Branch,Current,8230.1,TXN100340,2025-06-07,POS Purchase,53409.18,POS,Success,537.0,Self-Employed,2109026.97,No,kelly18@example.org,001-721-492-8554x45189,False
426,CUST10221,9147687657,Christopher Guzman,19.0,Female,Hyderabad,Koramangala Branch,Salary,420637.52,TXN100221,2025-11-26,ATM Withdrawal,19688.57,Internet Banking,Success,753.0,Student,917846.95,No,guerrerorobert@example.com,001-417-477-3926x0302,False
427,CUST11157,2330421736,Raymond Miller,25.0,Other,Jaipur,Connaught Place Branch,NRI,158770.93,TXN101157,2023-06-03,Transfer,159393.34,ATM,Success,739.0,Business Owner,1020683.79,No,rjackson@example.com,(753)586-9479x02548,False
428,CUST10416,6564374392,Leah Rodriguez,75.0,Female,Lucknow,Andheri Branch,NRI,362914.61,TXN100416,2024-06-24,Transfer,137844.94,UPI,Success,341.0,Self-Employed,2082323.76,Yes,larsoncarlos@example.org,001-428-545-6797,False
429,CUST11209,3966670959,Amber Lopez,42.0,Other,Jaipur,MG Road Branch,Savings,246244.99,TXN101209,2023-11-27,Withdrawal,95776.1,UPI,Success,521.0,Salaried,1710343.36,No,victoriabenson@example.com,001-818-943-0192x2095,False
430,CUST11733,6832597803,Zachary Bonilla,45.0,Male,Jaipur,Koramangala Branch,Salary,113045.86,TXN101733,2023-10-05,Bill Payment,43564.73,Mobile App,Success,308.0,Student,1853775.05,No,murraypaige@example.com,4525699015,False
431,CUST10711,5145057803,Stacey Jones MD,21.0,Female,Lucknow,Salt Lake Branch,Fixed Deposit,246244.99,TXN100711,2024-02-23,Bill Payment,88831.75,Internet Banking,Success,488.0,Unemployed,1378592.15,Yes,erica21@example.net,854.415.9709,False
432,CUST11524,6175562484,Richard Davis,51.0,Other,Delhi,Kothrud Branch,Savings,161563.03,TXN101524,2025-01-24,Loan EMI,58060.11,Branch,Success,597.0,Unemployed,369549.67,Yes,bjones@example.net,(556)692-4768,False
433,CUST10659,8769646224,Jeremy Ross,45.0,Other,Pune,Connaught Place Branch,Salary,82344.56,TXN100659,2025-11-08,Loan EMI,177468.61,ATM,Pending,405.0,Retired,2410486.71,No,kellilawrence@example.org,928-798-1231,False
434,CUST10095,8636984580,Jerry Pierce,50.0,Other,Pune,Andheri Branch,Current,399635.91,TXN100095,2022-10-11,Loan EMI,100926.72,UPI,Success,680.0,Retired,2812736.63,Yes,andersoncolin@example.com,985-923-9868x00025,False
435,CUST12080,7167194592,Kathy Heath,74.0,Other,Jaipur,Salt Lake Branch,Savings,198652.57,TXN102080,2024-07-26,Withdrawal,198093.88,Branch,Success,395.0,Student,2512188.82,No,kimberlybuchanan@example.org,863.809.7739x836,False
436,CUST10738,8657187506,Stephanie Turner,21.0,Other,Kolkata,Koramangala Branch,Salary,202670.69,TXN100738,2024-06-24,Bill Payment,79765.97,Mobile App,Success,524.0,Business Owner,1963358.65,Yes,stephen31@example.net,001-207-920-1137x9844,False
437,CUST11826,9223632105,Ryan Hopkins,62.0,Male,Delhi,Banjara Hills Branch,Salary,136482.84,TXN101826,2022-06-06,Deposit,104178.34,UPI,Success,650.0,Salaried,759413.13,No,qsandoval@example.net,+1-403-604-3817x79989,False
438,CUST11124,5725182037,Amy Davis,39.0,Other,Lucknow,MG Road Branch,Savings,396527.21,TXN101124,2022-04-14,Bill Payment,117723.43,UPI,Success,558.0,Salaried,205996.39,No,kurt38@example.org,001-427-741-4857x26029,False
439,CUST10299,6583604299,Patrick Horne,53.0,Other,Chennai,Salt Lake Branch,Savings,246244.99,TXN100299,2022-05-03,Withdrawal,162772.92,Branch,Success,597.0,Student,2272090.68,No,suttonamber@example.net,790-658-0778x7956,False
440,CUST10514,7423444503,Grant Munoz,51.0,Male,Bangalore,MG Road Branch,Salary,458787.7,TXN100514,2024-12-26,Bill Payment,63282.58,Branch,Success,383.0,Retired,2451867.8,Yes,bjones@example.net,208.727.2359x096,False
441,CUST10654,1801248380,Tasha Taylor,59.0,Male,Hyderabad,Connaught Place Branch,NRI,419430.68,TXN100654,2024-02-14,Loan EMI,52132.92,Mobile App,Success,447.0,Unemployed,215951.34,Yes,zsimmons@example.com,7809850960,False
442,CUST11668,6746324509,Michael Lopez,31.0,Male,Ahmedabad,Anna Nagar Branch,Fixed Deposit,476951.04,TXN101668,2023-02-20,ATM Withdrawal,11451.16,UPI,Success,502.0,Self-Employed,1062764.51,No,justinwagner@example.com,001-339-216-6019,False
443,CUST11370,6122407316,Misty Walsh,37.0,Male,Bangalore,Banjara Hills Branch,Fixed Deposit,3785.41,TXN101370,2023-08-27,Deposit,31936.1,Mobile App,Pending,873.0,Self-Employed,1722232.34,No,robertsmith@example.net,001-617-936-9078,False
444,CUST11352,1797308582,Seth Daniel,19.0,Female,Kolkata,Koramangala Branch,Fixed Deposit,395135.33,TXN101352,2024-10-12,Deposit,113917.41,POS,Success,370.0,Student,2527568.58,No,michelle05@example.org,001-245-905-0928x46720,False
445,CUST10958,4633123805,Erik Leon,42.0,Female,Chennai,Connaught Place Branch,Savings,352087.8,TXN100958,2022-11-22,Deposit,123109.22,POS,Success,381.0,Retired,2806228.77,No,monica00@example.org,(201)951-5325x94795,False
446,CUST10972,3119490078,Kimberly Garrett,23.0,Other,Ahmedabad,Banjara Hills Branch,NRI,362600.56,TXN100972,2024-02-02,Loan EMI,93811.81,ATM,Success,861.0,Student,1092209.61,No,derekdougherty@example.org,(201)951-5325x94795,False
447,CUST11898,1921507208,Angel Sanchez,30.0,Female,Delhi,Connaught Place Branch,Savings,8886.0,TXN101898,2025-04-03,Deposit,58245.39,ATM,Success,614.0,Retired,2819989.45,Yes,cwebb@example.org,(795)890-3177,False
448,CUST11012,9860379131,Richard Harris,74.0,Male,Bangalore,Koramangala Branch,Salary,403903.63,TXN101012,2025-09-30,POS Purchase,171177.24,POS,Success,842.0,Self-Employed,1938430.11,Yes,zcook@example.com,(201)951-5325x94795,False
449,CUST11745,7557599634,Arthur Campbell,45.0,Other,Hyderabad,MG Road Branch,NRI,214502.16,TXN101745,2024-01-12,Loan EMI,57629.62,ATM,Success,875.0,Self-Employed,1243599.25,Yes,stacy34@example.org,700.754.5583x4559,False
450,CUST11534,7756142058,Allison Clark,49.0,Other,Delhi,Koramangala Branch,Savings,443576.93,TXN101534,2025-04-12,Loan EMI,125606.07,POS,Success,742.0,Salaried,630469.48,No,michaelmeadows@example.org,999-592-6653x6197,False
451,CUST12020,5065812598,Fred Espinoza,41.0,Male,Bangalore,Kothrud Branch,Salary,418041.12,TXN102020,2023-02-09,Transfer,80769.85,Mobile App,Success,760.0,Student,622247.21,No,tatedaniel@example.com,604.302.5600,False
452,CUST11171,1015676279,Todd Hampton,64.0,Male,Ahmedabad,Salt Lake Branch,Current,-3228.3,TXN101171,2023-07-26,Transfer,190501.75,POS,Success,376.0,Business Owner,205703.7,Yes,alvarezsharon@example.org,(840)470-3088x08172,False
453,CUST10575,8933313957,David Delgado,45.0,Female,Kolkata,Andheri Branch,NRI,330190.1,TXN100575,2025-04-24,Withdrawal,100926.72,Mobile App,Success,771.0,Business Owner,562397.24,No,martinezashley@example.com,527-870-7070x578,False
454,CUST10096,2224336336,Steven Taylor,66.0,Male,Hyderabad,Kothrud Branch,NRI,69411.07,TXN100096,2024-06-14,Deposit,189285.33,Internet Banking,Success,657.0,Salaried,1332456.18,No,francisco94@example.net,688-287-9470x55169,False
455,CUST11390,6374353620,Darrell Carter,49.0,Male,Jaipur,Connaught Place Branch,Fixed Deposit,166118.24,TXN101390,2023-04-10,Deposit,89509.37,Branch,Success,408.0,Salaried,668874.36,No,mccarthyhenry@example.org,+1-822-741-9830x6323,False
456,CUST10319,8229392805,Anthony Medina,67.0,Other,Delhi,Koramangala Branch,Salary,201951.29,TXN100319,2023-10-22,Deposit,19296.45,UPI,Success,432.0,Self-Employed,1628178.1099999999,Yes,kristenwashington@example.org,537-399-5635,False
457,CUST10469,8059397349,Kelly Andersen,38.0,Male,Mumbai,Salt Lake Branch,Savings,196423.54,TXN100469,2022-12-31,Withdrawal,193011.61,Branch,Success,513.0,Self-Employed,1257233.27,No,catherine83@example.net,503-703-2432,False
458,CUST10682,6785311561,Juan Carroll,25.0,Male,Delhi,Andheri Branch,Fixed Deposit,338866.15,TXN100682,2024-12-07,Transfer,124777.84,UPI,Success,798.0,Business Owner,334157.0,No,hlopez@example.net,(396)445-4655x3585,False
459,CUST11083,6880804196,Brian Fernandez,19.0,Other,Ahmedabad,Koramangala Branch,Fixed Deposit,474536.42,TXN101083,2025-02-18,Transfer,3175.7,ATM,Success,594.0,Business Owner,788989.12,Yes,vknight@example.net,(201)951-5325x94795,False
460,CUST10702,7442652840,Brian Hall,43.0,Other,Chennai,Anna Nagar Branch,NRI,232844.25,TXN100702,2023-06-23,ATM Withdrawal,6044.11,ATM,Success,505.0,Business Owner,2680879.89,Yes,dsmith@example.com,001-891-930-9810x79649,False
461,CUST10348,4859208130,James Garza,30.0,Male,Lucknow,Koramangala Branch,Savings,226614.54,TXN100348,2024-10-18,POS Purchase,161500.54,POS,Failed,543.0,Self-Employed,1828257.63,No,figueroapatricia@example.org,853-953-9613,False
462,CUST11261,2528026952,Cassidy Paul,26.0,Male,Bangalore,Kothrud Branch,Salary,428528.2,TXN101261,2023-12-31,POS Purchase,141410.41,Branch,Success,896.0,Business Owner,1939812.67,No,powellbrian@example.org,4286655052,False
463,CUST12008,7929726833,Taylor Robinson,42.0,Other,Lucknow,Koramangala Branch,Current,266112.72,TXN102008,2022-11-17,ATM Withdrawal,168147.7,ATM,Success,336.0,Business Owner,589228.96,Yes,simmonsrichard@example.net,575-924-8135,False
464,CUST10117,2343100352,Gary James,66.0,Male,Ahmedabad,Kothrud Branch,Fixed Deposit,438933.21,TXN100117,2024-10-15,Deposit,18055.32,Branch,Success,546.0,Self-Employed,1812530.72,Yes,victorpena@example.net,247-377-2522x87280,False
465,CUST11115,8988685991,Darrell West,51.0,Other,Mumbai,Banjara Hills Branch,Salary,126836.24,TXN101115,2022-11-21,Loan EMI,175723.51,UPI,Success,527.0,Unemployed,2174445.41,No,bjones@example.net,(248)208-5578,False
466,CUST10573,4744956408,Glenda Calderon,45.0,Other,Mumbai,Banjara Hills Branch,Fixed Deposit,454634.4,TXN100573,2024-02-21,ATM Withdrawal,128438.34,POS,Pending,747.0,Self-Employed,787119.88,Yes,yglenn@example.net,001-401-886-4876x9984,False
467,CUST11391,3349475467,Adrian Snow,61.0,Other,Jaipur,Banjara Hills Branch,Salary,230088.65,TXN101391,2024-10-22,Deposit,2995.36,UPI,Success,600.0,Self-Employed,2425447.28,Yes,bankskyle@example.com,(748)242-0243,False
468,CUST10472,4065041081,Paula Thomas,45.0,Other,Jaipur,Anna Nagar Branch,Salary,231450.68,TXN100472,2022-06-12,Loan EMI,95548.39,Internet Banking,Pending,607.0,Self-Employed,1640812.36,No,bjones@example.net,(611)328-4971x8594,False
469,CUST11277,1702440934,David Stephens,41.0,Female,Delhi,Andheri Branch,Savings,184718.64,TXN101277,2024-02-11,ATM Withdrawal,64134.52,ATM,Success,691.0,Self-Employed,2739999.14,Yes,moralestheresa@example.net,+1-391-800-4202x8866,False
470,CUST11916,8103197852,Justin Flores,38.0,Other,Hyderabad,Connaught Place Branch,Current,246244.99,TXN101916,2022-03-17,Bill Payment,105584.64,Mobile App,Failed,375.0,Student,453858.71,No,wflynn@example.org,001-539-718-8676x227,False
471,CUST10005,8173347748,Renee Morales,62.0,Other,Mumbai,Andheri Branch,NRI,363209.03,TXN100005,2022-12-01,Bill Payment,100926.72,UPI,Success,524.0,Unemployed,1074205.79,Yes,bjones@example.net,837-767-2423x88496,False
472,CUST10636,9565902229,David Hudson,24.0,Male,Delhi,Koramangala Branch,NRI,433104.51,TXN100636,2022-06-28,Bill Payment,18868.09,ATM,Success,597.0,Self-Employed,344261.24,No,xcohen@example.org,(201)951-5325x94795,False
473,CUST10596,1966662179,Raven Williams,22.0,Female,Delhi,Banjara Hills Branch,Savings,208474.75,TXN100596,2024-02-16,Withdrawal,74688.08,Mobile App,Success,555.0,Retired,2574714.59,Yes,kevin33@example.org,216-462-4111x860,False
474,CUST10047,2304963614,Jessica Fox,33.0,Male,Jaipur,Salt Lake Branch,NRI,296044.06,TXN100047,2025-06-20,Withdrawal,155149.92,Branch,Success,753.0,Business Owner,2601475.0,No,jsmith@example.com,+1-921-274-5961x5865,False
475,CUST10545,2880008770,Noah Chavez,48.0,Female,Delhi,Andheri Branch,Savings,301529.22,TXN100545,2022-12-29,Transfer,24874.07,UPI,Success,379.0,Unemployed,2326228.78,No,veronica47@example.com,(270)454-5897x148,False
476,CUST10798,1552131297,Dr. Sarah Smith,56.0,Female,Pune,Koramangala Branch,Current,246244.99,TXN100798,2023-03-10,POS Purchase,60626.17,POS,Success,672.0,Unemployed,1599485.95,No,camerontownsend@example.com,(317)951-8878,False
477,CUST11160,4520360280,Anthony Luna,75.0,Female,Kolkata,MG Road Branch,NRI,25693.0,TXN101160,2022-05-18,POS Purchase,156818.43,Internet Banking,Success,561.0,Business Owner,2187060.83,Yes,danielsshannon@example.net,(664)367-2636x815,False
478,CUST10804,3531350085,Alexander Mitchell,56.0,Female,Hyderabad,MG Road Branch,NRI,212026.6,TXN100804,2022-08-17,ATM Withdrawal,177309.17,UPI,Success,767.0,Salaried,867481.17,No,jenniferkane@example.net,+1-591-351-1455x129,False
479,CUST10621,1964316616,Joshua Long,36.0,Female,Mumbai,Banjara Hills Branch,Savings,177049.22,TXN100621,2022-06-23,Deposit,120921.05,Internet Banking,Success,642.0,Retired,666891.64,No,bjones@example.net,001-831-362-5265x469,False
480,CUST11485,8881985746,Michael White,34.0,Female,Lucknow,Salt Lake Branch,Salary,120682.56,TXN101485,2025-09-26,Deposit,100926.72,Mobile App,Success,784.0,Salaried,294148.51,Yes,bjones@example.net,(702)620-1754,False
481,CUST11650,5736621817,Christopher Velazquez,23.0,Male,Kolkata,Salt Lake Branch,Fixed Deposit,490381.07,TXN101650,2024-11-25,Bill Payment,22608.91,POS,Success,694.0,Student,1165306.36,Yes,christophersantos@example.net,8828267990,False
482,CUST11597,1498242535,Howard Ray,74.0,Male,Mumbai,Koramangala Branch,Savings,498161.18,TXN101597,2023-09-14,Bill Payment,133817.93,Mobile App,Success,833.0,Retired,2438562.15,Yes,porterjason@example.net,934.480.0226x425,False
483,CUST10661,7055080408,Mrs. Maria Price DDS,56.0,Other,Jaipur,Banjara Hills Branch,Fixed Deposit,10119.67,TXN100661,2023-01-04,Loan EMI,64570.1,Internet Banking,Success,374.0,Self-Employed,2022320.64,No,jessica50@example.org,229.202.8227,False
485,CUST11927,1936523147,Deborah Miles,21.0,Other,Hyderabad,Anna Nagar Branch,Fixed Deposit,336515.86,TXN101927,2024-08-12,ATM Withdrawal,49040.16,Branch,Failed,671.0,Business Owner,2215222.11,Yes,donald07@example.net,(669)697-8420x0141,False
486,CUST11783,5099990661,James Anderson,19.0,Other,Bangalore,Koramangala Branch,Fixed Deposit,284332.28,TXN101783,2025-12-21,Deposit,149163.78,Mobile App,Success,535.0,Self-Employed,2036838.85,No,pbrooks@example.com,326-420-2948x74781,False
487,CUST10869,9769461425,Madison Anderson,67.0,Female,Delhi,Connaught Place Branch,Savings,316986.51,TXN100869,2022-08-25,Withdrawal,180448.32,Branch,Success,849.0,Business Owner,626995.2,No,kristine33@example.net,001-715-962-4152,False
488,CUST10667,8783691893,Sara Young,70.0,Other,Chennai,MG Road Branch,Salary,441076.27,TXN100667,2022-03-30,Deposit,9648.28,Branch,Success,637.0,Student,1896339.3,No,kmorris@example.com,653.796.7379x4871,False
489,CUST11556,5683533989,Michelle Walker,72.0,Other,Kolkata,Anna Nagar Branch,NRI,170214.54,TXN101556,2023-06-05,POS Purchase,49525.41,Branch,Success,324.0,Student,2744588.75,No,ylarsen@example.com,+1-668-374-0330x454,False
490,CUST10398,9751516468,Elizabeth Tucker PhD,29.0,Other,Ahmedabad,Anna Nagar Branch,Salary,170666.05,TXN100398,2022-01-10,POS Purchase,47166.02,Mobile App,Pending,397.0,Retired,1181418.72,Yes,kristenfisher@example.com,632-970-1851x0679,False
491,CUST11206,6393768156,Nicholas Tapia,47.0,Male,Lucknow,Andheri Branch,Savings,453202.11,TXN101206,2022-08-23,Deposit,160240.56,Internet Banking,Success,863.0,Salaried,665657.75,No,bjones@example.net,(201)951-5325x94795,False
492,CUST10195,4212203479,Mariah Robles,55.0,Male,Jaipur,Andheri Branch,Fixed Deposit,246244.99,TXN100195,2025-03-08,Deposit,87024.83,Internet Banking,Success,567.0,Business Owner,2789219.56,No,andersonjessica@example.org,769-279-7296,False
493,CUST10082,2173242669,Paul Lee,66.0,Other,Mumbai,Banjara Hills Branch,Fixed Deposit,50999.33,TXN100082,2025-10-20,ATM Withdrawal,118647.19,POS,Success,346.0,Student,1276500.68,Yes,michelle05@example.com,956-767-6527,False
494,CUST12007,1123361464,Scott Gibbs,58.0,Other,Jaipur,Andheri Branch,Salary,65452.46,TXN102007,2022-12-17,ATM Withdrawal,104686.15,POS,Success,898.0,Salaried,2747296.78,No,adam39@example.org,001-851-660-2695x77526,False
495,CUST11913,2036959244,Amanda Wilkerson,61.0,Male,Mumbai,MG Road Branch,NRI,299293.15,TXN101913,2025-08-11,Transfer,59099.77,Mobile App,Success,531.0,Student,256737.75,No,angelaking@example.com,547.482.7725,False
496,CUST10471,7341260172,Christian Riddle,54.0,Other,Pune,Anna Nagar Branch,Fixed Deposit,404552.15,TXN100471,2025-06-11,Withdrawal,86849.48,Branch,Success,825.0,Business Owner,2923824.6,Yes,mgray@example.org,341-781-8615,False
497,CUST11039,7816635169,Monica Brown,74.0,Other,Mumbai,Salt Lake Branch,Current,402386.02,TXN101039,2022-07-29,Deposit,18960.25,POS,Success,777.0,Unemployed,2654000.13,Yes,wnguyen@example.net,001-206-377-6106x592,False
499,CUST10453,6854031895,James Hill,63.0,Female,Hyderabad,MG Road Branch,NRI,12578.76,TXN100453,2025-09-18,Loan EMI,188172.61,Branch,Failed,545.0,Business Owner,1725274.52,No,anthony37@example.com,+1-610-904-0901x38069,False
500,CUST11731,5952735505,Patricia Ford,72.0,Female,Bangalore,Andheri Branch,Current,454941.91,TXN101731,2023-12-02,Deposit,87617.18,ATM,Success,488.0,Business Owner,1739306.68,Yes,bjones@example.net,304-949-2728x0903,False
501,CUST11117,6789753893,Melvin Smith,36.0,Female,Delhi,Connaught Place Branch,Salary,237183.61,TXN101117,2022-08-06,Withdrawal,167362.2,ATM,Success,302.0,Salaried,275752.26,Yes,wfleming@example.org,(891)339-5215x01642,False
502,CUST11467,1038461161,Marcia Sanders,53.0,Female,Lucknow,Kothrud Branch,Fixed Deposit,410573.63,TXN101467,2025-12-13,Deposit,50022.62,Branch,Success,759.0,Salaried,525798.63,No,kimberlypeterson@example.org,(202)421-6908x8754,False
503,CUST11345,6457711984,Tiffany Gomez,67.0,Male,Jaipur,Anna Nagar Branch,Savings,308799.0,TXN101345,2025-06-15,Transfer,19803.2,UPI,Failed,447.0,Business Owner,1700360.5,No,fbell@example.net,+1-771-214-8600,False
504,CUST10114,1348849508,Bob Cole,59.0,Other,Hyderabad,Connaught Place Branch,NRI,205376.33,TXN100114,2025-08-01,Deposit,99632.71,UPI,Success,609.0,Student,847902.05,No,christopher30@example.com,(299)501-3983x7354,False
505,CUST10454,8304093560,George Jordan,45.0,Other,Mumbai,Connaught Place Branch,Fixed Deposit,246244.99,TXN100454,2024-03-15,Transfer,60212.59,Internet Banking,Success,464.0,Student,1949355.2,No,evelyn55@example.org,(266)390-5510x762,False
506,CUST10717,3125703567,Nicholas Vargas,32.0,Other,Delhi,Andheri Branch,NRI,326268.97,TXN100717,2023-04-22,Deposit,130937.44,Internet Banking,Success,750.0,Retired,1054403.14,Yes,ramoswilliam@example.org,(534)428-9311,False
507,CUST12066,4033540260,Nicole Kennedy,54.0,Other,Bangalore,Koramangala Branch,NRI,132016.55,TXN102066,2022-11-13,ATM Withdrawal,100926.72,Branch,Success,611.0,Retired,1404735.52,No,matthew92@example.org,855.528.5870,False
508,CUST11380,5668116847,Jerome Salazar,68.0,Other,Pune,Koramangala Branch,NRI,367818.67,TXN101380,2023-12-31,Withdrawal,71415.6,POS,Success,317.0,Student,2030785.71,No,marissa74@example.net,+1-679-890-5221x711,False
509,CUST11096,6798582529,Albert Fields,47.0,Female,Hyderabad,Banjara Hills Branch,NRI,312005.94,TXN101096,2024-09-17,Withdrawal,75812.98,POS,Failed,597.0,Self-Employed,1913042.82,No,jonesjames@example.org,666-807-5699x944,False
510,CUST10588,2812540682,Sandra Phillips,53.0,Female,Hyderabad,Salt Lake Branch,Current,197029.98,TXN100588,2022-06-20,Transfer,135321.31,UPI,Success,508.0,Salaried,1944269.38,No,moransamantha@example.org,767.441.2415x131,False
511,CUST10331,2040735415,Lisa Martin,35.0,Female,Kolkata,Anna Nagar Branch,Savings,334232.51,TXN100331,2024-05-17,Transfer,69694.16,ATM,Success,324.0,Business Owner,632377.5,No,ian22@example.org,410.559.2745,False
512,CUST10159,3648572296,Anthony Evans,47.0,Male,Delhi,Koramangala Branch,Savings,474155.85,TXN100159,2023-11-12,Loan EMI,124057.43,ATM,Success,740.0,Unemployed,2926542.32,Yes,anthonysullivan@example.com,+1-283-517-1210,False
513,CUST10110,8703867299,Julie Ball,45.0,Other,Mumbai,Connaught Place Branch,Current,114551.77,TXN100110,2024-10-08,Deposit,72211.26,POS,Success,864.0,Self-Employed,1894052.83,Yes,opatel@example.org,352.343.1069x033,False
514,CUST11048,6233864644,Walter Howard,45.0,Female,Kolkata,MG Road Branch,Fixed Deposit,252083.29,TXN101048,2023-01-11,Bill Payment,114429.7,Branch,Success,796.0,Student,2324698.15,Yes,colton49@example.org,984.467.9087x018,False
515,CUST10758,9614048844,Sara Lawrence,37.0,Female,Mumbai,Banjara Hills Branch,Salary,248910.64,TXN100758,2022-01-27,POS Purchase,54641.91,UPI,Success,790.0,Student,275164.55,No,taylordavis@example.com,588-591-4444x98355,False
516,CUST11985,3388708199,Evan Gilmore,51.0,Female,Chennai,Anna Nagar Branch,Fixed Deposit,-4406.79,TXN101985,2024-11-19,Loan EMI,144799.94,Branch,Success,405.0,Business Owner,636067.6,No,jennifer82@example.com,388.803.2427,False
517,CUST10557,8703275529,Drew Wilson,19.0,Female,Pune,Anna Nagar Branch,Salary,295567.6,TXN100557,2022-11-09,POS Purchase,145343.31,ATM,Success,613.0,Student,957193.38,No,tsmith@example.org,+1-597-705-2774x0258,False
518,CUST11443,3406736117,Samantha Bailey,45.0,Female,Hyderabad,Koramangala Branch,Savings,383134.13,TXN101443,2022-12-11,Withdrawal,53770.21,Branch,Success,501.0,Retired,2498156.99,No,rrodgers@example.org,750.421.5538x30775,False
519,CUST10312,8805032417,Sandra Cole,71.0,Male,Mumbai,Connaught Place Branch,Fixed Deposit,384468.79,TXN100312,2024-06-26,Withdrawal,100926.72,Mobile App,Success,396.0,Retired,2048122.47,Yes,bjones@example.net,5613387829,False
520,CUST11042,9716199001,Lance Lambert,24.0,Female,Pune,Anna Nagar Branch,NRI,59593.04,TXN101042,2025-05-08,POS Purchase,184869.08,Internet Banking,Success,641.0,Student,1964975.29,No,gallagherjoanna@example.org,(201)951-5325x94795,False
521,CUST10020,5962610986,Jennifer Ramirez,36.0,Other,Bangalore,Banjara Hills Branch,Current,342186.05,TXN100020,2023-06-25,POS Purchase,97731.94,Branch,Success,733.0,Business Owner,1628178.1099999999,No,rasmussenjoshua@example.net,768.750.1429x40196,False
522,CUST11607,1601325463,Todd Melendez,27.0,Other,Delhi,Andheri Branch,Current,275813.53,TXN101607,2023-08-05,Deposit,107233.21,Branch,Success,459.0,Retired,698923.59,No,creynolds@example.com,+1-646-999-8428x828,False
523,CUST10358,3556329609,Victor Harmon,73.0,Female,Delhi,MG Road Branch,Salary,204004.13,TXN100358,2024-10-14,Withdrawal,74348.14,ATM,Success,609.0,Self-Employed,469859.13,Yes,oadams@example.net,+1-869-808-3572x324,False
524,CUST10361,8497100471,Megan Blackwell,19.0,Other,Hyderabad,Connaught Place Branch,Salary,96280.53,TXN100361,2023-08-10,Transfer,106478.55,Branch,Success,579.0,Self-Employed,598863.64,Yes,uhahn@example.org,919.381.8984,False
525,CUST11328,3475781259,Nicholas Delgado,74.0,Male,Lucknow,Andheri Branch,Savings,219873.92,TXN101328,2025-03-27,Deposit,74112.78,Internet Banking,Success,735.0,Student,1817823.18,Yes,xgonzalez@example.net,4075121024,False
526,CUST10906,4150014571,Kevin Jennings,65.0,Male,Jaipur,Koramangala Branch,Current,394308.2,TXN100906,2024-05-16,ATM Withdrawal,163726.38,Mobile App,Success,509.0,Self-Employed,993894.61,Yes,jreyes@example.net,616-561-2374x0779,False
527,CUST11043,6212809380,Jeffrey Montgomery,41.0,Other,Kolkata,Andheri Branch,Savings,33507.23,TXN101043,2025-05-21,Deposit,100926.72,POS,Success,888.0,Student,460239.99,No,asmith@example.net,+1-374-574-8599x464,False
529,CUST10752,2421785056,Douglas Grant,21.0,Other,Ahmedabad,Andheri Branch,Savings,171978.66,TXN100752,2025-02-19,Withdrawal,69024.24,Mobile App,Failed,581.0,Business Owner,2489150.13,No,fjones@example.com,+1-957-768-3210x21923,False
530,CUST10699,9959380382,Phillip Drake,19.0,Other,Mumbai,Connaught Place Branch,Savings,404054.47,TXN100699,2022-01-11,Transfer,154888.41,POS,Success,373.0,Business Owner,678117.42,No,ryanwood@example.net,(279)408-3350,False
531,CUST10223,1746196273,Samantha White,74.0,Male,Delhi,Connaught Place Branch,Savings,225506.58,TXN100223,2024-01-09,ATM Withdrawal,39862.0,ATM,Success,817.0,Student,1960917.96,Yes,gary57@example.net,001-813-466-2103,False
532,CUST12074,6186672572,Dr. James Diaz,75.0,Male,Bangalore,Kothrud Branch,Savings,129884.4,TXN102074,2023-01-27,Withdrawal,177383.5,Internet Banking,Success,850.0,Retired,750045.03,No,hbrewer@example.com,674.689.5571x31984,False
533,CUST11812,9343335952,Evan Perkins,47.0,Other,Kolkata,Salt Lake Branch,Salary,47450.51,TXN101812,2023-12-03,Transfer,129649.15,UPI,Success,616.0,Salaried,1271497.54,No,katherinejimenez@example.org,814-493-3108,False
534,CUST10871,7309122230,Trevor Burns,24.0,Male,Bangalore,MG Road Branch,Fixed Deposit,88161.56,TXN100871,2025-11-21,Loan EMI,13526.71,Branch,Success,748.0,Unemployed,556862.32,Yes,stephanie85@example.org,+1-357-344-3034x918,False
535,CUST11280,7001190085,Shawn Patton,58.0,Other,Bangalore,Andheri Branch,NRI,369245.86,TXN101280,2024-04-28,Withdrawal,53638.09,Branch,Failed,785.0,Business Owner,2415152.65,Yes,aguilarkyle@example.org,(347)302-8814,False
537,CUST10996,4198252819,Tyler Sullivan,71.0,Other,Ahmedabad,Kothrud Branch,Fixed Deposit,157718.07,TXN100996,2024-01-26,Withdrawal,179999.11,Mobile App,Success,303.0,Retired,1162951.16,No,nwhite@example.com,250.663.7311,False
538,CUST10314,5180180262,Ashley Crawford,33.0,Other,Pune,Banjara Hills Branch,Savings,79516.98,TXN100314,2023-07-20,POS Purchase,23973.94,Branch,Success,343.0,Retired,2382904.43,No,bryanharris@example.com,001-365-319-8253x0925,False
539,CUST10288,8171143901,Carolyn Collins,43.0,Other,Bangalore,MG Road Branch,Savings,459184.6,TXN100288,2025-01-30,Transfer,145241.44,POS,Failed,656.0,Business Owner,2895369.85,No,amber02@example.org,(201)951-5325x94795,False
540,CUST10756,3279276904,Alyssa Powers,74.0,Other,Bangalore,Andheri Branch,Salary,354230.58,TXN100756,2024-06-14,POS Purchase,88357.28,UPI,Success,423.0,Retired,2714322.08,No,peter93@example.net,(679)986-2398,False
541,CUST10979,4391060026,Jason Taylor,75.0,Female,Ahmedabad,Anna Nagar Branch,Salary,294651.93,TXN100979,2025-06-14,Loan EMI,105241.19,POS,Success,366.0,Student,1628178.1099999999,No,shelley85@example.com,+1-521-688-0879x91962,False
542,CUST11023,6494016462,Tracy Williams,34.0,Other,Bangalore,MG Road Branch,Current,199937.16,TXN101023,2024-02-09,Loan EMI,107112.77,Mobile App,Failed,418.0,Unemployed,511319.99,Yes,toni86@example.net,+1-301-670-7403x925,False
543,CUST10439,5872589903,Anne Conley,45.0,Female,Ahmedabad,Anna Nagar Branch,NRI,335887.41,TXN100439,2025-09-13,POS Purchase,137090.56,POS,Success,875.0,Self-Employed,1594052.39,No,jenniferwilliams@example.net,855-383-9386,False
544,CUST10916,4754807834,Roy Davis,30.0,Other,Hyderabad,Connaught Place Branch,NRI,246244.99,TXN100916,2024-01-10,Bill Payment,10920.79,UPI,Success,558.0,Self-Employed,1606633.24,No,lewismaria@example.net,001-435-592-3613x37605,False
546,CUST11309,9456485428,Beth Mendoza,26.0,Other,Lucknow,MG Road Branch,Fixed Deposit,239393.72,TXN101309,2025-09-24,Transfer,100926.72,POS,Failed,710.0,Business Owner,619778.86,Yes,dakota83@example.net,265.891.5382x0114,False
547,CUST11426,5812362806,Jonathan Martinez,69.0,Male,Chennai,MG Road Branch,NRI,294511.2,TXN101426,2025-09-13,ATM Withdrawal,100926.72,ATM,Success,440.0,Student,324090.6,Yes,chenvictor@example.net,(326)299-6208x3479,False
548,CUST10018,8370987661,Stephen Mckee,33.0,Other,Pune,Andheri Branch,Salary,225898.41,TXN100018,2022-05-29,Deposit,91684.19,POS,Pending,375.0,Retired,757489.79,No,davenportbrandi@example.org,(420)545-0533x15869,False
549,CUST10811,2176662219,Brianna Price,22.0,Male,Delhi,Banjara Hills Branch,Fixed Deposit,470454.55,TXN100811,2025-04-29,Bill Payment,190411.47,Mobile App,Success,699.0,Unemployed,2885235.36,No,mollyhodge@example.net,977.446.0406,False
550,CUST11272,6413591995,Michael Hampton,24.0,Other,Lucknow,Andheri Branch,Salary,20273.45,TXN101272,2024-01-07,ATM Withdrawal,108347.72,POS,Failed,751.0,Self-Employed,2397566.41,No,hahnjoshua@example.net,(878)508-2649x31214,False
551,CUST10282,2827463042,Barry Evans,34.0,Female,Bangalore,Anna Nagar Branch,Salary,297137.64,TXN100282,2025-01-18,Bill Payment,100926.72,Mobile App,Success,307.0,Retired,1639240.79,Yes,katie15@example.com,(499)902-3557x7027,False
552,CUST11192,5281143540,Donald Smith,47.0,Other,Pune,Anna Nagar Branch,NRI,493071.51,TXN101192,2022-02-09,Withdrawal,65740.37,ATM,Success,755.0,Unemployed,1258835.5,Yes,cassandrakramer@example.net,(421)280-3966,False
553,CUST10352,7558641561,James Gallagher,51.0,Male,Bangalore,MG Road Branch,Savings,283540.37,TXN100352,2025-07-12,POS Purchase,197438.49,Branch,Success,597.0,Student,1885207.13,No,rkeller@example.net,(201)951-5325x94795,False
555,CUST11433,1741369401,Michael Martinez,73.0,Female,Chennai,Anna Nagar Branch,NRI,87592.27,TXN101433,2025-09-21,ATM Withdrawal,81176.71,ATM,Success,865.0,Student,687803.39,No,ulamb@example.org,(534)272-8395x167,False
556,CUST10043,3971203213,Kimberly Gutierrez,37.0,Other,Lucknow,Banjara Hills Branch,Fixed Deposit,274503.84,TXN100043,2023-12-06,Bill Payment,199326.46,POS,Success,764.0,Business Owner,1023875.53,Yes,aprildean@example.com,+1-570-434-8247x7109,False
557,CUST10102,5485387618,Amanda Huff,52.0,Female,Delhi,Kothrud Branch,Fixed Deposit,314026.6,TXN100102,2022-10-04,Deposit,143223.21,Branch,Success,506.0,Salaried,2404661.26,Yes,vlopez@example.com,9044991547,False
558,CUST10276,2889350539,Christopher Rogers,45.0,Male,Jaipur,Koramangala Branch,Current,246244.99,TXN100276,2022-11-19,Transfer,120423.95,Mobile App,Success,724.0,Business Owner,2202728.63,No,fernandothomas@example.net,5642474212,False
559,CUST10287,2228388623,Megan Nelson,20.0,Other,Jaipur,Connaught Place Branch,NRI,80588.86,TXN100287,2022-03-15,Transfer,47889.36,Mobile App,Pending,597.0,Student,2372067.71,No,joshuasmith@example.net,+1-481-638-5854,False
560,CUST10447,9189797508,Eric Campbell,54.0,Other,Chennai,Connaught Place Branch,Salary,228555.78,TXN100447,2023-05-08,Withdrawal,149299.38,ATM,Success,720.0,Business Owner,2601529.96,Yes,ijones@example.net,832.930.0857x6665,False
561,CUST10689,7723528199,Alexander Stein,62.0,Female,Chennai,Anna Nagar Branch,NRI,335578.56,TXN100689,2022-04-19,ATM Withdrawal,41052.64,Internet Banking,Success,807.0,Self-Employed,787099.21,Yes,michele23@example.net,+1-972-483-5129x592,False
562,CUST10250,1805492785,Brandon Moore,72.0,Female,Bangalore,Kothrud Branch,Current,356977.9,TXN100250,2022-08-09,Loan EMI,82923.35,UPI,Success,426.0,Student,1453555.45,Yes,parksmatthew@example.net,7057281273,False
563,CUST10135,7529817193,Scott Rose,25.0,Other,Bangalore,Kothrud Branch,Savings,448939.12,TXN100135,2024-07-01,Loan EMI,100926.72,Internet Banking,Success,767.0,Retired,314549.83,No,candice96@example.net,355-479-2499,False
564,CUST10595,3646930819,Victoria Massey,71.0,Other,Chennai,Salt Lake Branch,NRI,373582.32,TXN100595,2023-05-16,ATM Withdrawal,132251.76,POS,Success,343.0,Retired,1428658.32,Yes,oheath@example.com,(255)363-8300,False
565,CUST10863,7535534994,James Bryant,66.0,Other,Bangalore,Koramangala Branch,Salary,63415.21,TXN100863,2023-02-10,Transfer,188852.24,Branch,Success,686.0,Salaried,1547826.23,No,grantamanda@example.net,736-299-8480x220,False
566,CUST11852,6336239601,Christina Berry,63.0,Male,Chennai,Salt Lake Branch,Salary,123173.24,TXN101852,2025-02-12,Transfer,100926.72,Branch,Success,648.0,Self-Employed,453906.37,Yes,daniel67@example.com,7789869858,False
567,CUST10411,3993944892,Savannah Ibarra,49.0,Other,Bangalore,MG Road Branch,Salary,246244.99,TXN100411,2025-10-29,POS Purchase,186347.71,Branch,Success,597.0,Unemployed,1987350.66,No,james08@example.net,987-906-0566x418,False
568,CUST11646,6548125017,Shelly Osborne,25.0,Female,Kolkata,MG Road Branch,NRI,438276.4,TXN101646,2023-03-20,POS Purchase,146762.99,POS,Success,336.0,Business Owner,877550.55,Yes,anita14@example.org,+1-835-952-8337x2875,False
569,CUST10977,7843798653,Angela Hunt,72.0,Male,Mumbai,Anna Nagar Branch,Savings,397078.12,TXN100977,2022-01-18,Withdrawal,108097.07,Branch,Failed,455.0,Salaried,155948.69,Yes,bjones@example.net,001-644-540-7663,False
570,CUST11685,2098275422,Jennifer Kelley,64.0,Female,Jaipur,Kothrud Branch,Current,177752.94,TXN101685,2023-09-15,Transfer,187951.87,Internet Banking,Success,367.0,Business Owner,1235329.09,No,michael52@example.org,620-336-0816,False
571,CUST11840,2303371327,Brian Perez,26.0,Female,Delhi,MG Road Branch,Salary,42077.45,TXN101840,2024-03-14,Transfer,100926.72,Internet Banking,Success,868.0,Retired,1064166.48,Yes,sarahramirez@example.org,(939)836-2761,False
572,CUST11848,7855383664,Daniel Hess,47.0,Other,Bangalore,Salt Lake Branch,Current,185005.5,TXN101848,2024-10-14,Bill Payment,117872.45,UPI,Success,754.0,Salaried,2059727.86,Yes,hshah@example.com,(879)203-2308x880,False
573,CUST10714,6932599814,Derek Gentry DVM,65.0,Male,Delhi,MG Road Branch,Salary,398792.41,TXN100714,2023-07-16,Deposit,100926.72,POS,Success,597.0,Student,260027.69,No,trujillorobin@example.net,402-513-1251,False
574,CUST11794,1937736487,Matthew Miller,45.0,Female,Bangalore,MG Road Branch,Fixed Deposit,448630.27,TXN101794,2024-11-19,Transfer,85447.43,UPI,Success,732.0,Student,2733946.56,No,joseph33@example.net,366.750.2859,False
575,CUST10325,7238025415,Julie Taylor,43.0,Male,Chennai,Koramangala Branch,NRI,3232.74,TXN100325,2022-10-04,Transfer,1363.44,Internet Banking,Success,622.0,Salaried,2348840.76,No,xlopez@example.net,501.365.8046x498,False
576,CUST11965,2460579054,Deborah Osborne,53.0,Female,Chennai,Andheri Branch,Current,38934.17,TXN101965,2022-10-11,Loan EMI,136691.17,Branch,Success,462.0,Student,827994.72,No,emilygarner@example.com,001-257-276-6138x8655,False
577,CUST10541,7254789317,Kendra Snyder,62.0,Other,Hyderabad,Salt Lake Branch,NRI,410831.95,TXN100541,2022-12-25,Bill Payment,49864.51,POS,Success,768.0,Student,2745874.32,Yes,bjones@example.net,(201)951-5325x94795,False
578,CUST10356,9742656117,Christina Reid,26.0,Female,Delhi,Kothrud Branch,NRI,246244.99,TXN100356,2024-08-05,Loan EMI,162842.62,UPI,Success,833.0,Business Owner,1760086.53,No,pittmanamanda@example.com,604-396-3919x195,False
579,CUST10494,8639993987,Alisha Martin,73.0,Female,Lucknow,Kothrud Branch,Fixed Deposit,498238.45,TXN100494,2025-11-12,Bill Payment,146356.81,Branch,Success,447.0,Retired,512303.34,No,lisamcdaniel@example.org,421-263-7618,False
580,CUST10360,5263701409,Jessica Lucas,31.0,Other,Chennai,Kothrud Branch,Fixed Deposit,355407.08,TXN100360,2024-12-05,Deposit,100926.72,Mobile App,Success,389.0,Business Owner,1480596.32,Yes,harrisjoseph@example.org,348-820-7001x594,False
581,CUST12061,3102269406,Sean Johnson,64.0,Other,Jaipur,Banjara Hills Branch,Current,116793.59,TXN102061,2025-10-02,Bill Payment,194099.14,POS,Success,807.0,Student,163485.81,No,bryce95@example.com,(630)206-3621x0516,False
582,CUST10225,2224363672,Jessica Mays,42.0,Male,Delhi,Connaught Place Branch,Current,321926.85,TXN100225,2025-10-19,Withdrawal,53853.26,Branch,Success,309.0,Student,2747819.0,Yes,yclarke@example.com,001-691-862-4731,False
583,CUST10821,5404162067,Misty Richardson,73.0,Other,Bangalore,Salt Lake Branch,Savings,220640.26,TXN100821,2024-03-28,Withdrawal,41166.17,Branch,Success,427.0,Salaried,2912344.78,Yes,bjones@example.net,427-860-2508,False
584,CUST11468,6335565073,Tanya Hall,38.0,Male,Hyderabad,MG Road Branch,Salary,174204.2,TXN101468,2025-12-01,Loan EMI,85011.61,POS,Success,845.0,Student,2400852.62,No,bjones@example.net,+1-891-506-5735x17454,False
585,CUST11071,5361375345,Greg Wright,66.0,Male,Pune,Andheri Branch,Savings,327749.82,TXN101071,2022-12-17,Withdrawal,44820.45,ATM,Success,463.0,Salaried,2977629.78,No,adrianagray@example.com,616-810-1975x358,False
586,CUST10700,8849378030,Trevor Weeks,50.0,Female,Kolkata,Andheri Branch,Savings,246244.99,TXN100700,2025-07-04,Bill Payment,174801.68,POS,Success,829.0,Business Owner,437602.06,No,steven06@example.com,(248)913-2357,False
587,CUST11628,8557706907,Stacy Mcguire,22.0,Male,Chennai,Andheri Branch,NRI,38702.97,TXN101628,2025-12-05,ATM Withdrawal,64264.38,POS,Success,375.0,Unemployed,1931100.6,Yes,uroberts@example.org,733-820-3449,False
588,CUST10004,3479708607,Holly Wood,63.0,Male,Chennai,Connaught Place Branch,Salary,492536.87,TXN100004,2023-04-22,Loan EMI,20245.24,ATM,Success,673.0,Self-Employed,1205015.76,Yes,elizabethmiles@example.net,+1-219-528-3276x4835,False
589,CUST10216,8164611781,Tina Jackson,69.0,Other,Pune,Connaught Place Branch,NRI,25796.79,TXN100216,2024-03-03,Loan EMI,104540.33,POS,Success,786.0,Retired,2662713.53,No,john36@example.com,(325)677-7547x812,False
590,CUST10099,1205082311,Edwin David,44.0,Other,Lucknow,Kothrud Branch,Savings,50983.24,TXN100099,2024-10-20,POS Purchase,107233.95,UPI,Success,547.0,Unemployed,559193.99,No,kellie37@example.com,258.644.1986x6524,False
591,CUST10688,2259899405,Gregory Holland,66.0,Female,Delhi,Salt Lake Branch,Savings,228717.95,TXN100688,2024-11-26,Bill Payment,167847.65,Mobile App,Success,409.0,Student,1843868.1,No,morgankaren@example.net,209-708-0512x080,False
592,CUST11585,5729910432,Angelica Stein DDS,64.0,Other,Delhi,Koramangala Branch,NRI,232546.4,TXN101585,2025-08-01,Withdrawal,123201.43,POS,Success,379.0,Student,1628178.1099999999,Yes,jashley@example.net,326-980-9282x6164,False
593,CUST11842,9933656070,Lindsey Johnson,66.0,Female,Bangalore,MG Road Branch,Current,109028.13,TXN101842,2023-06-26,POS Purchase,158259.46,UPI,Success,762.0,Business Owner,2750365.33,No,erin59@example.com,(201)951-5325x94795,False
594,CUST12004,2286381646,Calvin Lewis,33.0,Male,Bangalore,Kothrud Branch,Current,403255.27,TXN102004,2025-08-25,ATM Withdrawal,150103.64,Branch,Success,597.0,Unemployed,1998795.47,No,djackson@example.net,3743447939,False
595,CUST11873,8273697028,Troy Gibson,68.0,Female,Mumbai,Banjara Hills Branch,Current,430837.52,TXN101873,2022-02-10,Loan EMI,33803.7,Branch,Success,467.0,Unemployed,1628178.1099999999,Yes,hermandavid@example.com,+1-219-304-5624x4622,False
596,CUST11075,9873476605,Nina Combs,23.0,Female,Kolkata,Kothrud Branch,NRI,251305.13,TXN101075,2022-03-15,ATM Withdrawal,130983.83,Mobile App,Success,483.0,Self-Employed,2701308.76,No,kimberly03@example.com,998.981.8738,False
597,CUST11614,8877466409,Julia Rose,56.0,Female,Lucknow,MG Road Branch,Salary,176439.48,TXN101614,2022-11-10,POS Purchase,121566.99,POS,Success,686.0,Salaried,2224480.02,No,norman04@example.com,746.773.3229x12489,False
598,CUST10168,7858937483,Cynthia Haas,57.0,Female,Lucknow,Anna Nagar Branch,Salary,172752.39,TXN100168,2024-07-26,POS Purchase,34546.88,UPI,Success,604.0,Retired,1831979.84,Yes,daisymccarty@example.net,+1-957-804-3315x41006,False
599,CUST10735,4218845963,Jeremy Faulkner,18.0,Female,Mumbai,Kothrud Branch,NRI,303664.68,TXN100735,2025-12-25,Withdrawal,7810.61,UPI,Success,689.0,Unemployed,1814112.02,No,hharris@example.org,(613)539-4394x5703,False
600,CUST11829,1418527097,Robert Ponce,29.0,Other,Delhi,Connaught Place Branch,Fixed Deposit,766.05,TXN101829,2022-01-04,POS Purchase,96362.58,Branch,Failed,779.0,Student,281698.15,Yes,jason25@example.org,(201)951-5325x94795,False
601,CUST10493,3501256025,Damon Soto,70.0,Female,Ahmedabad,Anna Nagar Branch,Current,354378.41,TXN100493,2024-04-23,Deposit,18495.11,Branch,Failed,787.0,Self-Employed,1421567.65,No,omoore@example.net,(201)951-5325x94795,False
602,CUST10456,8463731970,Rebecca Bailey,47.0,Other,Delhi,MG Road Branch,Current,246244.99,TXN100456,2025-08-05,Withdrawal,665.01,Internet Banking,Success,597.0,Retired,384361.35,Yes,shatfield@example.org,001-664-993-2898x0271,False
603,CUST10467,5173107724,Lauren Reeves,51.0,Other,Delhi,Salt Lake Branch,Savings,119309.51,TXN100467,2024-10-17,ATM Withdrawal,18906.33,ATM,Success,424.0,Student,1214641.18,Yes,molinajared@example.net,229-420-8751,False
604,CUST11310,2622766681,Carla Patterson,45.0,Other,Mumbai,Banjara Hills Branch,Salary,303697.32,TXN101310,2024-06-12,Loan EMI,95563.47,Branch,Failed,482.0,Self-Employed,2825981.02,Yes,jack73@example.com,927-724-5533,False
605,CUST12021,6931227872,Brett Fleming,56.0,Female,Delhi,Banjara Hills Branch,Fixed Deposit,346902.98,TXN102021,2025-04-05,ATM Withdrawal,179599.89,ATM,Pending,648.0,Retired,1128290.16,No,jmarshall@example.com,001-807-612-7971x76350,False
606,CUST11881,2174170367,Michael Miller,27.0,Other,Hyderabad,Banjara Hills Branch,Fixed Deposit,246244.99,TXN101881,2022-06-11,POS Purchase,124148.93,ATM,Success,389.0,Self-Employed,1064114.42,Yes,laurie11@example.com,+1-622-506-5910x04436,False
607,CUST11037,8696984147,Justin Preston,73.0,Female,Jaipur,MG Road Branch,Current,364043.94,TXN101037,2024-01-25,Withdrawal,111240.26,POS,Success,582.0,Business Owner,2217659.8,Yes,nnunez@example.org,861.685.1862x6713,False
608,CUST10014,1469306919,Kathryn Farrell,30.0,Male,Delhi,Kothrud Branch,Current,208050.23,TXN100014,2023-07-25,Bill Payment,49998.8,Mobile App,Success,863.0,Salaried,294176.74,Yes,brianromero@example.org,291-336-1939,False
609,CUST10390,9826993893,Robert Peterson,59.0,Male,Kolkata,Banjara Hills Branch,Savings,419796.7,TXN100390,2023-08-17,ATM Withdrawal,40663.94,POS,Success,693.0,Unemployed,694359.01,No,christopherwatson@example.com,(732)286-3266x678,False
610,CUST10831,5207051997,Alice Weber,18.0,Male,Chennai,Connaught Place Branch,Current,195365.62,TXN100831,2022-01-24,POS Purchase,96181.24,ATM,Success,891.0,Student,1438496.72,Yes,davidbrown@example.org,664-481-8804,False
611,CUST11486,3524720103,Donald Jimenez,75.0,Male,Hyderabad,Banjara Hills Branch,Salary,54200.98,TXN101486,2023-07-20,Deposit,198892.48,Internet Banking,Success,859.0,Self-Employed,657901.55,Yes,donnahorton@example.org,966-627-5015x269,False
612,CUST11210,7481382776,Colton Roth,39.0,Female,Chennai,Anna Nagar Branch,NRI,64741.56,TXN101210,2024-09-03,Withdrawal,293.77,Internet Banking,Success,601.0,Retired,513263.36,Yes,rlewis@example.org,796.544.0282,False
613,CUST10703,1598240097,Cynthia Henry,53.0,Other,Kolkata,MG Road Branch,Current,244245.33,TXN100703,2025-02-28,POS Purchase,140633.01,Mobile App,Success,372.0,Student,1854720.74,Yes,michael77@example.org,885.632.4264x250,False
614,CUST10607,1479011764,Aaron Miller,60.0,Male,Jaipur,Andheri Branch,Salary,246244.99,TXN100607,2024-01-11,ATM Withdrawal,155772.72,POS,Success,543.0,Unemployed,936448.8,No,taylorlindsay@example.com,(201)951-5325x94795,False
615,CUST11960,8652917848,James Cortez,38.0,Female,Hyderabad,Koramangala Branch,Salary,50711.26,TXN101960,2022-03-30,Bill Payment,100926.72,Internet Banking,Success,438.0,Student,1974711.13,No,timothy81@example.net,(201)951-5325x94795,False
616,CUST10978,1140379416,Latoya Cooper,36.0,Female,Kolkata,Anna Nagar Branch,Savings,246244.99,TXN100978,2023-09-27,Transfer,20039.26,POS,Success,340.0,Retired,150607.38,Yes,deborah62@example.com,422.662.6114,False
617,CUST11150,7748296211,Donald Roberts,68.0,Female,Kolkata,Connaught Place Branch,Current,389536.05,TXN101150,2025-05-31,Deposit,85059.03,Internet Banking,Failed,678.0,Business Owner,2426950.39,No,brookefrench@example.net,001-266-727-0266x045,False
618,CUST10825,8133735342,Juan Morgan,41.0,Other,Pune,Andheri Branch,Fixed Deposit,82072.09,TXN100825,2024-11-28,Withdrawal,148406.24,UPI,Success,412.0,Self-Employed,235443.36,Yes,greenmartin@example.org,(406)973-2318,False
619,CUST12036,1329979441,Misty Reed,59.0,Other,Chennai,Banjara Hills Branch,Fixed Deposit,488159.64,TXN102036,2022-03-05,Withdrawal,151950.45,POS,Success,510.0,Salaried,1359897.81,No,randymoore@example.com,498-284-9591x260,False
620,CUST11045,1315686781,Larry Bates,46.0,Female,Kolkata,Banjara Hills Branch,Fixed Deposit,33756.04,TXN101045,2023-06-07,Deposit,139098.65,UPI,Success,832.0,Retired,1310656.6,Yes,uliu@example.org,602-262-7066,False
621,CUST10502,2225576343,Charles Castaneda,29.0,Female,Mumbai,Andheri Branch,Salary,475843.19,TXN100502,2025-10-21,Withdrawal,11829.8,ATM,Success,359.0,Business Owner,1261328.18,No,osanchez@example.org,001-421-226-0650x1917,False
623,CUST10730,5804140319,Peter Williams,35.0,Female,Ahmedabad,Connaught Place Branch,Current,140681.8,TXN100730,2023-06-16,POS Purchase,150706.09,Internet Banking,Success,444.0,Salaried,739502.87,Yes,sharpjennifer@example.com,712-721-8231,False
624,CUST12037,1097538346,Bob Bridges,40.0,Other,Lucknow,Koramangala Branch,Fixed Deposit,456568.67,TXN102037,2024-03-23,Bill Payment,137299.45,Internet Banking,Failed,440.0,Self-Employed,771870.12,No,rwood@example.com,716.265.7813x0499,False
625,CUST10937,3034345636,Ms. Kayla Williams,35.0,Female,Jaipur,Salt Lake Branch,Savings,27913.55,TXN100937,2023-06-23,ATM Withdrawal,100926.72,Branch,Success,597.0,Self-Employed,494881.0,Yes,garymartinez@example.org,9238200186,False
626,CUST11348,1152239580,Andrew Patton,45.0,Female,Jaipur,Salt Lake Branch,Savings,342208.85,TXN101348,2023-03-17,Deposit,100926.72,Internet Banking,Success,759.0,Unemployed,2010473.49,Yes,bjones@example.net,226-762-4975x374,False
627,CUST10732,4628148396,Melissa Mendoza,46.0,Female,Ahmedabad,Koramangala Branch,Savings,431573.89,TXN100732,2023-07-25,ATM Withdrawal,133759.68,ATM,Success,527.0,Unemployed,361898.44,Yes,bjones@example.net,(985)256-6084,False
628,CUST10026,2094024844,George Orozco,63.0,Female,Chennai,Connaught Place Branch,Salary,212805.19,TXN100026,2025-09-22,Transfer,124649.92,UPI,Success,607.0,Retired,1031461.29,No,taylorjesse@example.net,(201)951-5325x94795,False
629,CUST11562,2193506322,Terry Howard,69.0,Male,Delhi,Andheri Branch,Current,338424.93,TXN101562,2023-03-27,Transfer,122763.03,POS,Success,513.0,Unemployed,1628178.1099999999,No,mannbrittany@example.org,+1-761-642-2935,False
630,CUST11689,4434727725,Renee Lee,41.0,Other,Chennai,Andheri Branch,NRI,130915.66,TXN101689,2024-08-07,Withdrawal,146576.63,Mobile App,Success,597.0,Business Owner,640813.7,Yes,myersmelissa@example.com,828.461.7468x5902,False
631,CUST10652,3221688140,Ms. Amy Brown,45.0,Male,Mumbai,Andheri Branch,NRI,54778.23,TXN100652,2025-03-27,Loan EMI,78432.83,UPI,Failed,866.0,Self-Employed,2853795.87,Yes,joshua57@example.com,672-515-6229,False
632,CUST11076,7217305188,Heather Hunt,48.0,Male,Delhi,Andheri Branch,Savings,466621.7,TXN101076,2024-07-14,Transfer,76120.64,Mobile App,Pending,365.0,Unemployed,1939284.11,No,jasoncampbell@example.com,804.213.0909x153,False
633,CUST11270,4403348239,Allison Glover,20.0,Male,Jaipur,Koramangala Branch,Fixed Deposit,29391.19,TXN101270,2025-04-05,Loan EMI,148292.71,Mobile App,Success,466.0,Self-Employed,2036464.57,Yes,jcross@example.com,001-379-739-9816,False
634,CUST10116,9484167278,Kathleen Garcia,26.0,Female,Jaipur,Anna Nagar Branch,Salary,117077.62,TXN100116,2022-09-08,Transfer,89946.72,Internet Banking,Success,597.0,Student,2612866.97,No,ugill@example.org,(856)609-3204x899,False
635,CUST11728,3513618547,John Castillo,43.0,Other,Delhi,MG Road Branch,Savings,380622.95,TXN101728,2025-08-09,Loan EMI,2642.96,Mobile App,Success,805.0,Business Owner,687296.62,Yes,pughcarol@example.org,001-661-339-1237x7459,False
636,CUST11334,5729884241,Kelly Kennedy,36.0,Male,Pune,MG Road Branch,Current,418351.18,TXN101334,2023-05-07,Bill Payment,97257.5,Branch,Success,462.0,Retired,1844328.82,No,meyerspatrick@example.net,466.443.2031x72665,False
637,CUST10371,4640572126,Jonathan James,72.0,Female,Chennai,Banjara Hills Branch,NRI,483789.26,TXN100371,2022-01-02,ATM Withdrawal,112028.05,ATM,Success,588.0,Salaried,820437.34,No,ilambert@example.net,4923428757,False
638,CUST11778,2724761829,George Holland,30.0,Male,Mumbai,Banjara Hills Branch,Salary,178033.82,TXN101778,2022-04-21,Deposit,64179.52,Mobile App,Success,614.0,Business Owner,179248.8,No,btorres@example.com,735.395.6919x220,False
639,CUST11295,1466691861,Angela Flores,22.0,Male,Delhi,Andheri Branch,Current,449534.81,TXN101295,2025-05-31,Withdrawal,19874.91,POS,Success,597.0,Business Owner,2708477.78,No,operry@example.com,+1-981-849-8025x30843,False
640,CUST11635,3095307333,Michael Jenkins,35.0,Female,Kolkata,Connaught Place Branch,Current,241949.52,TXN101635,2024-01-19,ATM Withdrawal,78480.77,Branch,Success,720.0,Business Owner,1657464.31,No,tdiaz@example.com,(548)367-4163x71206,False
641,CUST10936,1436101202,Carlos Harris,26.0,Male,Lucknow,MG Road Branch,Fixed Deposit,245553.56,TXN100936,2025-12-02,Bill Payment,4156.49,POS,Failed,677.0,Unemployed,1698931.19,No,brittanymartin@example.org,(201)951-5325x94795,False
642,CUST10097,7451071432,Deborah Rios,33.0,Other,Mumbai,Banjara Hills Branch,Current,9234.71,TXN100097,2022-07-22,Loan EMI,100926.72,ATM,Success,440.0,Salaried,967606.28,No,jennifersilva@example.org,896.523.0913x07562,False
643,CUST11969,8914503235,John Stevens,38.0,Male,Ahmedabad,Salt Lake Branch,Savings,246244.99,TXN101969,2022-12-12,Loan EMI,29927.96,POS,Success,327.0,Business Owner,1250679.38,No,rileyheather@example.com,(201)951-5325x94795,False
644,CUST10587,3192968846,Brenda Clark,62.0,Male,Chennai,Connaught Place Branch,Savings,89977.19,TXN100587,2023-09-06,Loan EMI,166533.93,Internet Banking,Success,521.0,Retired,1173335.71,Yes,anthonyorr@example.net,+1-830-970-5349,False
645,CUST10861,3226892666,Allison Floyd,75.0,Male,Ahmedabad,Connaught Place Branch,NRI,73402.57,TXN100861,2025-06-09,Transfer,187566.76,UPI,Success,698.0,Student,2840431.64,Yes,hpowell@example.com,406.373.6820x5068,False
646,CUST10612,7550139546,Mckenzie Brown,37.0,Male,Hyderabad,Koramangala Branch,NRI,55147.21,TXN100612,2023-04-04,Deposit,106736.48,ATM,Success,451.0,Business Owner,2792656.68,No,jessicamiller@example.com,6497386204,False
647,CUST11950,2306360124,Michelle Dawson,40.0,Other,Chennai,Koramangala Branch,Fixed Deposit,497504.54,TXN101950,2022-12-24,Transfer,149243.1,UPI,Success,672.0,Student,2349026.65,Yes,mistywolf@example.com,985.315.0668x8155,False
648,CUST11730,1241730774,Sabrina Adams,48.0,Other,Delhi,Banjara Hills Branch,Salary,182643.62,TXN101730,2023-11-13,POS Purchase,45020.25,UPI,Success,540.0,Unemployed,1853450.56,Yes,djohnson@example.net,584.678.4830,False
650,CUST11634,8640503012,Tina Harrington,60.0,Male,Pune,Banjara Hills Branch,Current,348666.32,TXN101634,2024-03-15,Transfer,36838.62,Branch,Failed,525.0,Business Owner,331298.93,Yes,samanthastone@example.org,001-536-278-8387x36932,False
651,CUST10512,7443849558,Dustin Ortiz,28.0,Other,Bangalore,Andheri Branch,Savings,292023.11,TXN100512,2022-05-14,Withdrawal,51961.91,POS,Failed,835.0,Unemployed,2379420.22,Yes,scotthunt@example.net,351-668-7409x03802,False
652,CUST11865,9316431723,Michael Hebert,37.0,Other,Mumbai,Koramangala Branch,Current,146008.5,TXN101865,2024-08-15,Loan EMI,47682.86,Branch,Success,433.0,Business Owner,1863676.87,Yes,brendacollins@example.com,(917)450-4998,False
653,CUST10566,1040830454,Lisa Miller,35.0,Male,Lucknow,MG Road Branch,Savings,101589.52,TXN100566,2022-01-15,Bill Payment,120616.83,ATM,Failed,784.0,Business Owner,1872458.92,No,rpotts@example.net,6105783567,False
654,CUST11510,6536624391,Lori Guerrero MD,20.0,Male,Jaipur,Andheri Branch,Salary,116236.9,TXN101510,2022-12-02,Loan EMI,78986.88,Branch,Success,491.0,Business Owner,621213.02,No,iblake@example.org,(672)980-0727x2081,False
655,CUST10119,6131005449,Joseph Jenkins,53.0,Female,Mumbai,Salt Lake Branch,NRI,222428.96,TXN100119,2025-01-31,Transfer,165071.0,POS,Success,421.0,Self-Employed,2928986.02,No,morenojoshua@example.com,5866211823,False
656,CUST11496,2723504965,Debra Greer,39.0,Male,Delhi,Connaught Place Branch,Savings,195094.45,TXN101496,2023-05-04,Bill Payment,165855.55,ATM,Success,843.0,Unemployed,400030.57,No,bjones@example.net,731.817.2264x147,False
657,CUST11893,8571432415,Monica Nelson,75.0,Male,Mumbai,Salt Lake Branch,Salary,173933.33,TXN101893,2022-04-04,Transfer,133783.62,ATM,Success,512.0,Business Owner,859489.82,Yes,jamespowers@example.org,346-266-1051x496,False
658,CUST11085,2564328817,Christopher Pruitt,45.0,Female,Mumbai,Banjara Hills Branch,Salary,224106.75,TXN101085,2023-11-01,Loan EMI,100926.72,Mobile App,Success,477.0,Business Owner,1915231.65,Yes,karina20@example.net,747-372-6903x265,False
659,CUST10022,2845919895,Kristen Lee,20.0,Female,Kolkata,MG Road Branch,Salary,101088.65,TXN100022,2023-05-27,ATM Withdrawal,20603.58,POS,Failed,716.0,Retired,2286011.19,Yes,lbyrd@example.net,(201)951-5325x94795,False
660,CUST10501,6671208652,Paula Shepherd,55.0,Male,Ahmedabad,MG Road Branch,Salary,215693.8,TXN100501,2024-04-29,Deposit,171936.7,ATM,Success,393.0,Salaried,1628178.1099999999,Yes,jacquelineyoung@example.org,705.487.2105,False
661,CUST12003,8779860615,Ms. Margaret Nicholson,19.0,Other,Delhi,Banjara Hills Branch,NRI,122423.21,TXN102003,2022-03-03,Loan EMI,63248.76,Internet Banking,Success,597.0,Self-Employed,2163676.09,No,angela32@example.net,(201)951-5325x94795,False
663,CUST11166,6046713478,Laura Hayden,26.0,Male,Jaipur,Connaught Place Branch,NRI,222012.88,TXN101166,2024-12-03,Withdrawal,100926.72,Mobile App,Success,415.0,Student,2029663.29,No,wellssherry@example.net,001-328-491-9827,False
664,CUST11491,4717950116,Teresa Kerr,23.0,Male,Delhi,Andheri Branch,Fixed Deposit,186179.02,TXN101491,2022-07-17,Transfer,107445.92,POS,Success,348.0,Business Owner,614576.72,No,lisa16@example.org,+1-671-449-2075x741,False
665,CUST10165,4368413994,Kyle Smith,51.0,Female,Kolkata,Kothrud Branch,Savings,216273.8,TXN100165,2025-11-27,Bill Payment,63815.95,ATM,Success,417.0,Student,2570163.02,Yes,nsmith@example.org,(352)750-0292,False
666,CUST11560,7597132211,Cynthia Morse,36.0,Other,Bangalore,Connaught Place Branch,Savings,405013.42,TXN101560,2024-05-19,Loan EMI,126901.26,UPI,Success,899.0,Student,2165178.5,Yes,bjones@example.net,762.753.9501x1152,False
667,CUST11722,3550605518,Barbara Russell,60.0,Other,Delhi,Kothrud Branch,Savings,188567.4,TXN101722,2025-05-10,Withdrawal,56067.9,Mobile App,Failed,351.0,Student,2267056.37,Yes,vturner@example.net,3407737304,False
668,CUST12068,3156696866,Mr. Joseph Collins,46.0,Other,Hyderabad,Kothrud Branch,Fixed Deposit,286584.37,TXN102068,2022-01-08,Loan EMI,183891.53,Mobile App,Success,641.0,Self-Employed,2301168.73,Yes,radams@example.net,(250)272-8310x185,False
669,CUST11369,1004847288,Douglas Brown,75.0,Female,Delhi,MG Road Branch,NRI,170058.56,TXN101369,2022-05-24,Bill Payment,52452.89,ATM,Failed,778.0,Self-Employed,2400555.59,No,bjones@example.net,+1-382-853-2083,False
670,CUST11224,8194669427,James Anderson,49.0,Female,Ahmedabad,Salt Lake Branch,NRI,354613.7,TXN101224,2023-07-04,ATM Withdrawal,154429.13,UPI,Success,504.0,Business Owner,2906104.87,No,barnesmichael@example.com,001-778-364-5786x5557,False
671,CUST10877,9072151871,Robin Patterson,32.0,Male,Hyderabad,Andheri Branch,Fixed Deposit,499565.94,TXN100877,2022-11-25,Transfer,148014.11,Branch,Success,447.0,Salaried,1460806.4,Yes,anthony00@example.org,(345)739-3132,False
672,CUST11756,7876595612,Anthony Mcdonald,23.0,Other,Bangalore,MG Road Branch,Salary,319563.7,TXN101756,2024-10-28,Loan EMI,73806.25,UPI,Success,658.0,Retired,1221736.35,No,toddgrant@example.com,(201)951-5325x94795,False
673,CUST10379,6048301832,Bob Solis,68.0,Other,Bangalore,Kothrud Branch,Current,398682.86,TXN100379,2022-03-09,Transfer,196815.13,Internet Banking,Success,457.0,Student,2295369.7,No,edgar24@example.org,964.690.8108x18661,False
674,CUST10064,8960015186,Latoya Miller,24.0,Male,Pune,Banjara Hills Branch,NRI,144415.56,TXN100064,2025-12-03,Transfer,4436.82,UPI,Success,308.0,Retired,2615442.08,Yes,moorekaren@example.org,+1-814-376-7976x43815,False
675,CUST10858,5645300925,Erica Thomas,46.0,Male,Jaipur,Koramangala Branch,Savings,439047.14,TXN100858,2022-05-05,POS Purchase,11876.28,ATM,Success,301.0,Retired,185848.67,No,ccarter@example.org,(944)903-7341x67812,False
676,CUST11810,5525899856,Morgan Smith,43.0,Other,Bangalore,Koramangala Branch,Savings,169615.98,TXN101810,2024-01-08,POS Purchase,100926.72,Mobile App,Pending,348.0,Salaried,500747.61,No,jessica41@example.com,972.223.4267,False
677,CUST10295,9822499208,Samantha Howard,69.0,Female,Ahmedabad,MG Road Branch,NRI,170380.93,TXN100295,2025-11-06,Loan EMI,35001.33,Branch,Success,771.0,Business Owner,2114250.06,Yes,michelle36@example.net,001-465-966-6683,False
678,CUST11625,3114109223,Anita Snyder,50.0,Other,Kolkata,Banjara Hills Branch,NRI,151097.7,TXN101625,2024-07-09,POS Purchase,199500.31,Internet Banking,Success,592.0,Business Owner,2221825.49,Yes,lori11@example.org,3296138130,False
680,CUST10316,5835392115,Brandon Pearson,32.0,Female,Jaipur,Banjara Hills Branch,Fixed Deposit,365260.36,TXN100316,2022-02-13,ATM Withdrawal,75584.9,UPI,Success,340.0,Student,1628178.1099999999,No,robert72@example.org,(448)976-3290,False
681,CUST10529,3790600319,Danielle Gonzalez,31.0,Male,Bangalore,Kothrud Branch,Current,194929.49,TXN100529,2023-09-19,Bill Payment,100926.72,POS,Success,683.0,Business Owner,1719073.13,Yes,suzanne19@example.net,823-876-7694x5919,False
682,CUST10131,9147736635,Mary Kelly,70.0,Female,Jaipur,Banjara Hills Branch,Savings,197420.79,TXN100131,2022-07-15,Withdrawal,196337.95,Branch,Success,554.0,Salaried,893238.04,Yes,hartdeanna@example.net,(556)910-1438x8899,False
683,CUST10065,8495457335,Michael Tucker,71.0,Female,Bangalore,Banjara Hills Branch,Current,316492.03,TXN100065,2025-06-25,Transfer,135569.0,UPI,Success,440.0,Unemployed,426917.2,Yes,brandon69@example.org,2349324451,False
684,CUST10190,4706249669,Michael Conner,33.0,Male,Ahmedabad,Banjara Hills Branch,Fixed Deposit,246244.99,TXN100190,2023-01-02,Loan EMI,7120.95,UPI,Success,597.0,Self-Employed,1067135.74,No,qmcdowell@example.net,+1-609-901-0016x761,False
685,CUST10028,6600100279,George Shelton,31.0,Female,Lucknow,Banjara Hills Branch,Fixed Deposit,218101.94,TXN100028,2025-10-15,Withdrawal,102259.24,UPI,Success,386.0,Business Owner,1619038.23,No,dramsey@example.org,+1-280-669-9016x272,False
686,CUST10692,3347977123,William Castillo,48.0,Female,Hyderabad,Koramangala Branch,Savings,479341.16,TXN100692,2024-10-06,Transfer,133556.55,Branch,Success,409.0,Student,1338154.94,No,abbottchristopher@example.net,689-898-8683x45273,False
687,CUST10650,6513039012,Sandra Stewart,45.0,Other,Hyderabad,Koramangala Branch,Fixed Deposit,246244.99,TXN100650,2022-01-09,Bill Payment,100926.72,Mobile App,Success,683.0,Retired,1628178.1099999999,No,ronald66@example.org,001-260-765-2740x33445,False
688,CUST11724,3800334254,Jeffery Holt,72.0,Female,Kolkata,Kothrud Branch,NRI,304475.1,TXN101724,2024-12-02,ATM Withdrawal,50446.27,Branch,Success,591.0,Retired,1900756.19,Yes,vshields@example.org,332.773.9974,False
689,CUST11003,2063329832,Troy Powers,39.0,Male,Delhi,Anna Nagar Branch,Savings,232509.42,TXN101003,2025-12-21,Withdrawal,33915.45,UPI,Success,717.0,Salaried,2092021.93,No,hunter12@example.org,(619)615-0576,False
690,CUST11420,1720578321,Terri Davis,40.0,Male,Delhi,Andheri Branch,Salary,452463.44,TXN101420,2023-11-10,Transfer,170708.73,Mobile App,Success,531.0,Business Owner,958487.73,Yes,bjones@example.net,580-603-8146,False
691,CUST11551,5084401531,Travis Carter,59.0,Other,Mumbai,Andheri Branch,Current,488777.33,TXN101551,2023-10-23,Loan EMI,9891.45,Branch,Success,754.0,Salaried,1074253.14,No,jamiejohnson@example.org,+1-405-663-0829,False
692,CUST11019,9705466496,Carolyn Johnson,24.0,Other,Lucknow,MG Road Branch,Salary,92235.04,TXN101019,2022-11-18,Withdrawal,147508.13,UPI,Success,514.0,Self-Employed,527990.28,No,jennifer20@example.org,+1-447-419-0172,False
693,CUST11906,4384245849,Alyssa Morris,45.0,Other,Lucknow,Anna Nagar Branch,Savings,246244.99,TXN101906,2025-06-14,Withdrawal,146740.86,Branch,Pending,446.0,Business Owner,1628178.1099999999,No,aaron48@example.com,(201)951-5325x94795,False
694,CUST10921,1925460564,Jane Neal,43.0,Other,Pune,MG Road Branch,Savings,246198.84,TXN100921,2024-08-11,Bill Payment,35045.83,Mobile App,Success,345.0,Unemployed,329579.2,No,daniel71@example.com,+1-603-798-8636x53621,False
695,CUST10993,2028865518,Valerie Harrison,67.0,Female,Delhi,Anna Nagar Branch,Fixed Deposit,165452.57,TXN100993,2024-10-21,Loan EMI,167046.5,POS,Success,425.0,Student,2053795.38,No,solomonandrea@example.com,5828697182,False
696,CUST11817,5821793167,Geoffrey Mcgee,19.0,Male,Lucknow,Salt Lake Branch,Savings,4743.97,TXN101817,2024-07-31,Transfer,123174.15,Mobile App,Success,340.0,Salaried,1399238.91,Yes,dean72@example.net,+1-923-995-6721x76189,False
697,CUST11354,5913746393,George Haney,29.0,Male,Lucknow,Koramangala Branch,Savings,66667.62,TXN101354,2025-09-22,ATM Withdrawal,3452.68,ATM,Success,756.0,Student,2667410.5,No,gomezerica@example.net,(201)951-5325x94795,False
698,CUST11577,1433915170,Todd Carpenter,32.0,Other,Delhi,Banjara Hills Branch,Current,256096.69,TXN101577,2022-08-28,Loan EMI,42974.72,Internet Banking,Success,560.0,Business Owner,2522350.92,No,martinezricky@example.net,560-277-7894x33276,False
699,CUST10267,8412844457,Thomas Torres,31.0,Female,Jaipur,Andheri Branch,Current,87916.33,TXN100267,2025-06-17,Loan EMI,50585.72,Mobile App,Success,880.0,Salaried,2576455.01,No,klong@example.org,(201)951-5325x94795,False
700,CUST11368,9002512712,Kimberly Cummings,45.0,Female,Delhi,MG Road Branch,Savings,24572.9,TXN101368,2022-10-10,Transfer,176252.85,UPI,Success,442.0,Unemployed,2344474.41,Yes,kristinaweaver@example.org,7133827210,False
701,CUST10586,6577349701,Amanda Landry,52.0,Male,Pune,MG Road Branch,Current,146802.99,TXN100586,2024-11-29,Loan EMI,58714.7,POS,Success,890.0,Student,2131039.26,No,russellramirez@example.net,315-542-1447x73244,False
702,CUST11516,4425539016,Anthony Peterson,39.0,Other,Kolkata,Andheri Branch,NRI,249228.8,TXN101516,2023-09-16,Withdrawal,100926.72,Mobile App,Success,338.0,Unemployed,1497812.76,No,hunterjulie@example.org,+1-699-883-9767x38872,False
703,CUST11276,8277585555,Cindy Lowery,29.0,Other,Kolkata,Anna Nagar Branch,Fixed Deposit,46521.95,TXN101276,2022-12-26,Withdrawal,181067.94,Branch,Success,555.0,Self-Employed,1739035.49,Yes,qwhitaker@example.org,+1-548-214-0984x10167,False
704,CUST11735,4017722221,Robert Brown,47.0,Female,Bangalore,Banjara Hills Branch,Savings,206361.21,TXN101735,2024-11-06,Deposit,13355.18,Internet Banking,Success,597.0,Self-Employed,2812770.8,No,feliciaclark@example.org,(201)951-5325x94795,False
705,CUST10076,4014119648,Ruth Solis,72.0,Other,Jaipur,Connaught Place Branch,Fixed Deposit,223035.23,TXN100076,2023-04-13,Bill Payment,67819.38,Branch,Success,397.0,Business Owner,1366277.42,No,moniquewilliams@example.com,(881)381-4124x782,False
706,CUST11669,4906600213,Elizabeth Stone,42.0,Other,Bangalore,MG Road Branch,Savings,453072.62,TXN101669,2022-04-27,ATM Withdrawal,7591.37,Mobile App,Success,540.0,Student,1726176.4,Yes,ucortez@example.org,001-773-726-4478x9378,False
707,CUST11605,9422509886,Shane Bell,73.0,Male,Delhi,MG Road Branch,NRI,219765.25,TXN101605,2022-07-30,Deposit,735.91,UPI,Pending,721.0,Student,1693261.83,Yes,michellemarsh@example.org,(913)280-7828,False
708,CUST10220,3031719772,Holly Valdez,29.0,Female,Pune,Andheri Branch,NRI,302370.91,TXN100220,2025-11-21,Bill Payment,7804.57,Branch,Success,350.0,Unemployed,1504371.84,No,blacknicholas@example.org,665.557.7908x27231,False
709,CUST11022,6008744392,Suzanne Hardy,63.0,Other,Jaipur,Banjara Hills Branch,Fixed Deposit,246244.99,TXN101022,2025-05-02,POS Purchase,132120.3,Internet Banking,Pending,735.0,Self-Employed,1891203.95,No,staceywashington@example.net,279.312.1211,False
710,CUST10985,2436908247,Robert Williams,45.0,Male,Bangalore,Kothrud Branch,Salary,453189.98,TXN100985,2023-01-05,Bill Payment,7737.89,Mobile App,Success,651.0,Retired,1213118.09,Yes,debra93@example.org,(201)951-5325x94795,False
711,CUST10572,9171813168,James Wallace,45.0,Female,Bangalore,Koramangala Branch,Fixed Deposit,475509.46,TXN100572,2025-10-05,Deposit,133112.0,POS,Success,803.0,Salaried,2417290.32,No,bjones@example.net,+1-604-508-5095,False
712,CUST10803,2300347998,Jessica Williams,31.0,Male,Bangalore,Kothrud Branch,Fixed Deposit,44626.47,TXN100803,2022-04-15,Transfer,158013.72,Mobile App,Success,419.0,Student,387650.69,Yes,bjones@example.net,001-646-624-5618x517,False
713,CUST11808,7744664242,Richard Scott,45.0,Female,Ahmedabad,Salt Lake Branch,Salary,186513.85,TXN101808,2023-10-16,POS Purchase,179583.2,Branch,Success,633.0,Business Owner,2217059.95,No,jodi42@example.org,(695)351-3305x915,False
714,CUST10631,1707915261,Gregory Wallace,69.0,Female,Pune,Connaught Place Branch,Salary,49742.45,TXN100631,2022-06-09,Transfer,120657.87,ATM,Success,597.0,Self-Employed,1693468.56,Yes,fdickerson@example.org,+1-726-346-0917,False
715,CUST11477,5343743209,Karen Weber,57.0,Other,Delhi,MG Road Branch,NRI,87238.98,TXN101477,2023-11-21,Loan EMI,46463.89,POS,Failed,597.0,Student,1884598.94,Yes,dware@example.com,+1-957-403-9962x637,False
716,CUST11755,8510416166,Leah Myers,73.0,Other,Chennai,Salt Lake Branch,Current,158153.52,TXN101755,2023-12-20,Withdrawal,3838.12,Mobile App,Success,381.0,Self-Employed,1401933.6,No,benjamindavid@example.net,(929)423-2468,False
717,CUST10924,8040800825,Scott Wood,44.0,Male,Lucknow,Salt Lake Branch,Salary,231079.51,TXN100924,2023-12-13,Loan EMI,58525.28,UPI,Success,806.0,Unemployed,1695465.49,No,yliu@example.org,+1-226-254-0165x9953,False
718,CUST10748,3800355735,Michelle Nielsen,38.0,Other,Ahmedabad,Anna Nagar Branch,Savings,209979.52,TXN100748,2022-06-08,Bill Payment,25500.13,Mobile App,Success,424.0,Self-Employed,712497.69,Yes,vjames@example.org,+1-470-254-8739x610,False
719,CUST11472,7800680768,Danny Nguyen,29.0,Other,Kolkata,Salt Lake Branch,NRI,492559.7,TXN101472,2025-05-15,ATM Withdrawal,164233.13,POS,Failed,861.0,Self-Employed,763708.29,No,qrhodes@example.org,873-903-3249,False
720,CUST10181,1439921366,Kenneth Hanna,38.0,Female,Hyderabad,Andheri Branch,Fixed Deposit,385597.54,TXN100181,2022-09-30,ATM Withdrawal,198588.38,Internet Banking,Success,876.0,Salaried,1889409.83,Yes,deborahbyrd@example.com,+1-668-600-7229x0349,False
721,CUST11911,6435386969,Lindsey Parker,57.0,Other,Lucknow,Kothrud Branch,Savings,300155.65,TXN101911,2023-04-16,Withdrawal,121711.3,UPI,Success,595.0,Salaried,679593.06,No,amy13@example.net,+1-881-390-1145x67677,False
722,CUST10884,9518221601,Morgan Lloyd,62.0,Male,Mumbai,Andheri Branch,Fixed Deposit,44019.81,TXN100884,2022-03-22,Withdrawal,176052.35,Branch,Success,474.0,Salaried,1820599.81,No,bowmanjoel@example.net,(732)655-3983,False
723,CUST11398,5820153667,Sharon Wright,48.0,Male,Jaipur,Banjara Hills Branch,Salary,370952.3,TXN101398,2022-08-16,Withdrawal,109224.43,Mobile App,Failed,804.0,Business Owner,2450463.01,Yes,mroman@example.com,553-259-1765x0471,False
724,CUST11796,1861854373,Ashley Campbell,48.0,Female,Kolkata,Banjara Hills Branch,NRI,312396.66,TXN101796,2024-10-27,ATM Withdrawal,124549.36,ATM,Success,768.0,Business Owner,1628178.1099999999,Yes,william41@example.com,3136856993,False
725,CUST10377,6560341732,Christopher Hanna,28.0,Male,Lucknow,Koramangala Branch,NRI,126523.78,TXN100377,2025-07-12,Bill Payment,115649.31,POS,Success,598.0,Unemployed,1628178.1099999999,No,ndavis@example.org,(764)521-4764x9251,False
726,CUST11891,1953246993,Jessica Moore,67.0,Female,Lucknow,Kothrud Branch,NRI,378918.7,TXN101891,2025-04-11,ATM Withdrawal,197729.69,ATM,Success,561.0,Business Owner,2934286.07,Yes,reginald66@example.net,283-760-9438x6825,False
727,CUST10024,3021598245,Mark Lee,30.0,Female,Delhi,Koramangala Branch,Current,107576.39,TXN100024,2025-09-13,Withdrawal,79723.27,ATM,Failed,585.0,Business Owner,1978222.96,No,psnyder@example.org,+1-401-963-2870x8317,False
728,CUST11539,3217722417,Sarah Brown,24.0,Female,Bangalore,MG Road Branch,Fixed Deposit,198441.84,TXN101539,2025-04-24,Withdrawal,131457.79,UPI,Failed,597.0,Business Owner,412977.26,Yes,howellglenn@example.org,8013101561,False
729,CUST10684,5096047004,Kathleen Graham,63.0,Female,Delhi,Connaught Place Branch,Fixed Deposit,290538.54,TXN100684,2022-06-15,Transfer,43810.61,Branch,Failed,554.0,Unemployed,1965577.25,No,andrewwest@example.net,6572215149,False
730,CUST12060,6402188895,Debra Barber,42.0,Other,Mumbai,Anna Nagar Branch,NRI,427410.62,TXN102060,2023-05-09,Deposit,151661.79,Branch,Success,610.0,Self-Employed,2234645.25,No,whitenicholas@example.com,(201)951-5325x94795,False
731,CUST10347,7658684887,Drew Burke,20.0,Male,Kolkata,Andheri Branch,Current,433753.36,TXN100347,2023-01-02,Loan EMI,142423.9,Branch,Success,756.0,Business Owner,1628178.1099999999,Yes,gloria73@example.net,(346)331-7520x71678,False
732,CUST11903,6126906498,Brett Mcdonald,23.0,Female,Delhi,Kothrud Branch,Fixed Deposit,303806.95,TXN101903,2025-02-03,Loan EMI,162413.02,ATM,Success,459.0,Salaried,562530.73,No,jessica28@example.net,326.370.1167,False
733,CUST10644,7363532024,Denise Nixon,52.0,Other,Delhi,Salt Lake Branch,Salary,246244.99,TXN100644,2025-03-14,Bill Payment,164611.99,POS,Success,503.0,Salaried,2209762.5,Yes,wallerbrian@example.net,333.542.3372x09484,False
734,CUST10769,6746143382,David Perez,61.0,Female,Hyderabad,MG Road Branch,Current,380402.36,TXN100769,2024-11-04,Deposit,84226.15,ATM,Pending,710.0,Retired,231382.24,Yes,rhonda47@example.org,(739)289-8306,False
735,CUST11995,7589476823,Heather Gallagher,44.0,Other,Delhi,Banjara Hills Branch,NRI,107298.11,TXN101995,2022-12-06,Deposit,48590.44,POS,Success,812.0,Unemployed,747487.3,No,schultzwilliam@example.net,(310)966-0026x04690,False
736,CUST10009,3615507143,Tanya Campos,27.0,Other,Delhi,MG Road Branch,NRI,158698.81,TXN100009,2022-02-09,Deposit,185823.27,ATM,Success,546.0,Retired,2848805.92,Yes,jenniferross@example.net,+1-557-587-1331x5098,False
737,CUST10816,3724614926,Marcus Zamora,65.0,Male,Lucknow,Anna Nagar Branch,NRI,389197.05,TXN100816,2024-12-25,Withdrawal,159728.27,Mobile App,Success,779.0,Student,2002995.9,Yes,brandon55@example.com,001-838-257-3680x11923,False
738,CUST10229,4504756453,Misty Arias,39.0,Other,Bangalore,Kothrud Branch,Salary,251194.0,TXN100229,2022-12-15,Loan EMI,131540.06,POS,Success,399.0,Student,1628178.1099999999,No,hmendez@example.com,001-590-427-7038x430,False
739,CUST10490,9748720287,Aaron Armstrong,39.0,Female,Delhi,Koramangala Branch,Current,41873.88,TXN100490,2025-02-04,Transfer,100926.72,UPI,Success,328.0,Retired,1838635.26,Yes,suarezkrystal@example.com,684.243.4481x23083,False
740,CUST10214,1857596764,Paul Berger,19.0,Male,Delhi,Koramangala Branch,Savings,234153.18,TXN100214,2022-08-25,Transfer,156986.07,Branch,Success,571.0,Salaried,1979319.19,No,jason82@example.org,(939)343-1290,False
741,CUST11288,7853880208,Ricky Martin,64.0,Male,Delhi,Koramangala Branch,Current,51455.5,TXN101288,2022-10-16,ATM Withdrawal,186035.89,Internet Banking,Success,597.0,Self-Employed,198757.09,Yes,douglashernandez@example.org,+1-524-708-4752,False
742,CUST11253,6242397545,Jesse Jones,30.0,Male,Lucknow,Salt Lake Branch,Salary,280348.38,TXN101253,2025-06-16,Withdrawal,192579.07,Branch,Success,879.0,Unemployed,1170566.2,No,cynthiahill@example.com,344-909-2335,False
743,CUST11792,4791188982,Thomas Hull,65.0,Female,Ahmedabad,Connaught Place Branch,Savings,409137.1,TXN101792,2023-11-10,ATM Withdrawal,44251.48,UPI,Success,805.0,Salaried,2452310.92,No,marissa47@example.net,9067039810,False
744,CUST11775,6713560960,Jenna Booth,69.0,Other,Mumbai,Salt Lake Branch,Fixed Deposit,169306.73,TXN101775,2025-06-25,Withdrawal,43065.68,Internet Banking,Failed,399.0,Retired,777966.86,Yes,pmedina@example.com,(822)271-9260x26118,False
745,CUST10450,4359668379,Chelsea Henderson,21.0,Male,Kolkata,Koramangala Branch,Savings,449790.32,TXN100450,2024-04-13,Transfer,134350.83,Mobile App,Success,443.0,Self-Employed,469007.24,Yes,tking@example.net,+1-469-646-1195,False
746,CUST11434,4783058245,Erin Walker,59.0,Male,Mumbai,Andheri Branch,Current,119070.36,TXN101434,2023-07-15,Deposit,57530.33,Branch,Success,311.0,Salaried,1875630.93,No,zsnyder@example.net,488-468-6562x925,False
747,CUST10016,1664847319,Gregory Jones,36.0,Male,Chennai,MG Road Branch,Salary,23868.46,TXN100016,2025-04-11,Bill Payment,100594.93,Branch,Success,820.0,Salaried,2576326.25,Yes,mikemoore@example.net,(201)951-5325x94795,False
748,CUST11710,3168909600,Molly Riley,20.0,Male,Bangalore,Andheri Branch,Fixed Deposit,82124.19,TXN101710,2022-04-10,Loan EMI,150080.99,Mobile App,Success,587.0,Student,1628178.1099999999,No,joanna85@example.net,821-793-7931x363,False
749,CUST12057,6210943992,John Woods,28.0,Other,Jaipur,Kothrud Branch,Salary,429019.86,TXN102057,2025-09-10,Bill Payment,114776.97,POS,Success,513.0,Salaried,2767166.33,No,bjones@example.net,(201)951-5325x94795,False
750,CUST11415,3592541687,Melissa Smith,65.0,Other,Bangalore,Andheri Branch,Fixed Deposit,348860.74,TXN101415,2024-10-07,Withdrawal,108206.58,Mobile App,Success,886.0,Salaried,2493402.4,Yes,audreylopez@example.com,205-747-3986x2214,False
752,CUST11813,6901682594,Amy Reynolds,31.0,Other,Kolkata,Andheri Branch,Current,429655.23,TXN101813,2025-01-03,Transfer,193349.3,ATM,Success,896.0,Business Owner,1535055.58,No,kimberly94@example.net,6037818036,False
753,CUST11088,1557383228,Raven Odonnell,72.0,Other,Jaipur,Banjara Hills Branch,Fixed Deposit,77208.71,TXN101088,2022-10-08,Transfer,111503.45,Branch,Success,597.0,Retired,1628178.1099999999,No,dmartinez@example.com,5089844740,False
754,CUST10547,9815056399,Jeanne Butler,18.0,Male,Pune,Connaught Place Branch,Current,184195.58,TXN100547,2023-05-04,Withdrawal,18322.72,Branch,Success,314.0,Business Owner,2488500.67,Yes,kyle09@example.net,001-459-916-7954x107,False
755,CUST10728,9623365510,Edward Johnson,45.0,Female,Ahmedabad,Salt Lake Branch,Salary,216486.46,TXN100728,2024-11-07,ATM Withdrawal,117636.77,Mobile App,Success,805.0,Business Owner,287620.65,No,dmiller@example.org,968.629.7514x743,False
756,CUST11344,6824402929,Kim Stewart,47.0,Male,Chennai,Koramangala Branch,Salary,28473.8,TXN101344,2022-04-26,ATM Withdrawal,138043.75,UPI,Success,578.0,Salaried,1760324.53,Yes,sellersshelly@example.com,371-465-7893,False
757,CUST11638,4015725736,Carol Goodman,57.0,Female,Lucknow,Connaught Place Branch,Salary,340831.48,TXN101638,2023-07-06,Loan EMI,27739.68,Internet Banking,Success,608.0,Student,2625728.1,No,pattonmatthew@example.net,+1-946-954-2683x6843,False
758,CUST10355,6616840342,Leah Odom,50.0,Other,Kolkata,MG Road Branch,Savings,341347.07,TXN100355,2023-12-01,Bill Payment,144893.11,POS,Pending,479.0,Self-Employed,1091967.27,No,uhudson@example.net,671-735-7852,False
759,CUST11239,4032620502,Mark Contreras,72.0,Female,Delhi,Koramangala Branch,NRI,429062.29,TXN101239,2024-04-04,Bill Payment,40100.81,Branch,Success,434.0,Self-Employed,747987.54,Yes,bjones@example.net,+1-481-229-8861,False
760,CUST10208,6048096802,Emily Robinson,37.0,Other,Hyderabad,Andheri Branch,Current,363059.63,TXN100208,2025-12-08,POS Purchase,78350.71,POS,Success,625.0,Retired,779551.46,Yes,abigailhartman@example.org,(988)261-5335x55439,False
761,CUST10842,3125906089,Natasha Stone,55.0,Female,Hyderabad,Anna Nagar Branch,Fixed Deposit,278138.73,TXN100842,2025-03-04,Bill Payment,121345.24,UPI,Success,410.0,Retired,2538886.1,Yes,wilsondavid@example.org,3302835669,False
762,CUST11698,8530183382,Austin Owens,45.0,Other,Delhi,Anna Nagar Branch,NRI,487731.96,TXN101698,2025-09-03,Bill Payment,78481.38,Mobile App,Success,360.0,Student,1777406.81,Yes,angelarivera@example.org,955-838-8287x204,False
763,CUST10994,4373683942,Adrian Martinez,40.0,Male,Kolkata,Andheri Branch,Fixed Deposit,402333.96,TXN100994,2025-01-21,Transfer,145076.78,POS,Success,388.0,Salaried,612532.57,No,pgarcia@example.net,688.821.7648,False
764,CUST11252,7842251654,Samuel Anderson,37.0,Male,Pune,Connaught Place Branch,Fixed Deposit,246244.99,TXN101252,2024-05-23,ATM Withdrawal,198122.01,ATM,Failed,333.0,Salaried,1309112.23,No,josephchapman@example.org,237-368-3675,False
765,CUST10417,2323202998,Andrew Anderson,43.0,Other,Bangalore,Kothrud Branch,Salary,41702.97,TXN100417,2022-04-23,POS Purchase,100926.72,POS,Success,584.0,Self-Employed,214263.64,No,ppalmer@example.com,498-222-7495x4508,False
766,CUST11706,6352326431,Jason Bolton,54.0,Other,Kolkata,Kothrud Branch,Current,338095.68,TXN101706,2024-06-10,Loan EMI,96835.07,Mobile App,Success,878.0,Retired,2094967.23,No,richard07@example.com,001-822-482-1282x193,False
767,CUST11234,3981256048,Janet White,49.0,Male,Chennai,Connaught Place Branch,Savings,95048.38,TXN101234,2025-06-28,Transfer,70245.33,Internet Banking,Success,700.0,Self-Employed,2733479.93,Yes,dianemay@example.net,651-481-7882,False
768,CUST11795,3157713532,Melissa Suarez,45.0,Female,Hyderabad,Banjara Hills Branch,NRI,105499.5,TXN101795,2023-07-05,ATM Withdrawal,56181.25,ATM,Success,786.0,Business Owner,567694.0,Yes,gonzalescheyenne@example.net,(378)329-0524x922,False
769,CUST11399,7712120056,Kevin Chapman,50.0,Male,Kolkata,Banjara Hills Branch,Salary,73156.06,TXN101399,2025-08-02,Deposit,152497.32,POS,Success,532.0,Unemployed,1242554.32,Yes,derek87@example.org,649-966-8667x989,False
770,CUST10443,3459034771,Lisa Brown,69.0,Female,Mumbai,Connaught Place Branch,Salary,245849.36,TXN100443,2025-09-28,Transfer,33367.11,ATM,Success,746.0,Self-Employed,1566312.38,Yes,victor32@example.com,203.897.5245,False
771,CUST11592,4239911168,Michael Gilbert,30.0,Male,Bangalore,Koramangala Branch,Salary,103799.31,TXN101592,2025-09-25,Bill Payment,166654.49,UPI,Success,580.0,Retired,2414512.84,No,elizabeth20@example.com,764-315-3740,False
772,CUST11337,5330497673,Leah Fox,27.0,Female,Pune,Connaught Place Branch,Fixed Deposit,62832.06,TXN101337,2024-11-08,Loan EMI,20534.6,UPI,Success,597.0,Student,1628178.1099999999,Yes,cameronramos@example.org,001-404-280-2835x4158,False
773,CUST11870,1594513810,Ann Allen,41.0,Other,Lucknow,Andheri Branch,Savings,106516.0,TXN101870,2025-05-12,Withdrawal,10657.62,Mobile App,Success,574.0,Unemployed,2927445.85,Yes,bjones@example.net,938.495.8641,False
774,CUST10537,6103875769,Mary Bray,24.0,Female,Lucknow,Kothrud Branch,Salary,42086.96,TXN100537,2022-08-02,ATM Withdrawal,110603.71,Mobile App,Success,800.0,Salaried,682072.5,Yes,kendra73@example.org,241-558-3311x703,False
776,CUST10349,7243759249,Micheal Perkins,46.0,Male,Lucknow,MG Road Branch,Current,440494.77,TXN100349,2023-07-24,POS Purchase,125745.65,Internet Banking,Success,451.0,Salaried,2011839.1,Yes,katelyn65@example.com,+1-496-278-4271x14773,False
777,CUST11559,8893192695,Patricia Martinez,60.0,Female,Pune,MG Road Branch,NRI,123848.5,TXN101559,2025-02-25,Withdrawal,138814.27,Branch,Success,431.0,Retired,2459539.96,Yes,jeanettewatson@example.net,922.980.5883,False
778,CUST10404,7282518886,Fernando Tran,18.0,Other,Pune,Connaught Place Branch,Current,160284.45,TXN100404,2025-04-01,Withdrawal,178369.93,POS,Failed,887.0,Salaried,1340649.78,Yes,washingtonrick@example.org,(201)951-5325x94795,False
779,CUST10363,1217867296,Melissa Rodriguez,19.0,Female,Chennai,Anna Nagar Branch,Fixed Deposit,22168.94,TXN100363,2024-05-23,Bill Payment,35837.65,POS,Failed,597.0,Retired,1163529.29,No,pwells@example.com,(557)654-0900,False
780,CUST10755,8762012604,Brianna Hodges,45.0,Other,Ahmedabad,Banjara Hills Branch,Salary,246244.99,TXN100755,2022-08-29,Withdrawal,112051.02,Branch,Success,785.0,Business Owner,1038521.22,No,epalmer@example.net,(236)753-4606,False
781,CUST10027,6695912196,Jean Carrillo,62.0,Female,Jaipur,Andheri Branch,Current,207325.4,TXN100027,2024-02-16,ATM Withdrawal,149639.51,Internet Banking,Success,608.0,Student,1711621.06,Yes,gateskathy@example.com,(201)951-5325x94795,False
782,CUST11289,5490268635,Ms. Elizabeth Smith MD,28.0,Other,Hyderabad,Connaught Place Branch,Savings,137109.28,TXN101289,2024-09-21,POS Purchase,183411.46,POS,Success,414.0,Salaried,1492519.41,No,shaun13@example.com,413-450-5357,False
783,CUST11361,6663176952,Marie Brown,45.0,Male,Delhi,MG Road Branch,Current,28288.62,TXN101361,2022-12-07,Withdrawal,148708.89,Branch,Success,451.0,Salaried,1173946.91,No,cathy36@example.com,(702)982-3134x275,False
784,CUST10178,1069927882,Melinda Compton,72.0,Male,Ahmedabad,Kothrud Branch,Savings,495878.31,TXN100178,2024-05-26,Withdrawal,199139.03,Internet Banking,Failed,609.0,Student,2642106.6,No,dennismccann@example.com,001-454-369-1373x67850,False
785,CUST10357,1080395064,Kiara Simmons,54.0,Other,Kolkata,Banjara Hills Branch,Savings,484654.71,TXN100357,2023-07-29,Loan EMI,6283.07,Branch,Success,469.0,Retired,1876213.9,Yes,laura48@example.com,(201)951-5325x94795,False
786,CUST11091,1996817103,Kelsey Flores,33.0,Male,Mumbai,Banjara Hills Branch,Salary,29967.5,TXN101091,2022-01-12,Transfer,68018.96,Mobile App,Success,735.0,Retired,2253742.07,Yes,tlopez@example.org,(212)537-2055,False
787,CUST10836,7913460903,Christine Hubbard,72.0,Male,Hyderabad,MG Road Branch,Fixed Deposit,144730.7,TXN100836,2024-12-04,Bill Payment,178754.21,Branch,Success,607.0,Salaried,363380.88,No,james84@example.net,216-532-1119x78718,False
788,CUST11683,5362300755,Carol Wilson,28.0,Male,Chennai,Kothrud Branch,Current,5005.55,TXN101683,2022-10-06,Loan EMI,52372.76,Internet Banking,Failed,733.0,Self-Employed,889752.76,No,pwilliams@example.org,+1-211-423-9933,False
789,CUST10253,3716924538,Mary Ryan,30.0,Male,Lucknow,Koramangala Branch,Salary,460201.84,TXN100253,2022-09-29,ATM Withdrawal,130034.77,Internet Banking,Success,630.0,Unemployed,478904.97,No,bjones@example.net,001-482-294-5651x18102,False
790,CUST10733,7472774158,Melissa Pierce,35.0,Other,Jaipur,Anna Nagar Branch,Salary,246244.99,TXN100733,2022-03-20,Bill Payment,20132.74,UPI,Success,625.0,Self-Employed,2548078.47,Yes,gonzalezbarry@example.org,001-870-551-9582,False
791,CUST10415,9495542235,Michael Hansen,27.0,Female,Ahmedabad,Andheri Branch,NRI,147287.68,TXN100415,2022-02-21,Bill Payment,186217.23,Internet Banking,Failed,627.0,Self-Employed,162238.77,No,melissa61@example.net,001-263-999-0767x69915,False
792,CUST10559,6897612430,Catherine Erickson,49.0,Female,Lucknow,Anna Nagar Branch,Fixed Deposit,441924.79,TXN100559,2022-09-12,Bill Payment,186429.31,Internet Banking,Success,746.0,Business Owner,2348120.58,No,bjones@example.net,(999)761-0023x117,False
793,CUST10554,4090238502,Kristina Coffey,56.0,Female,Jaipur,Banjara Hills Branch,Current,218392.25,TXN100554,2022-01-13,Deposit,173979.85,Mobile App,Pending,353.0,Unemployed,2977235.82,Yes,jeffreylowe@example.org,340-579-3110x2918,False
794,CUST10931,7442428803,Sally Hurst,40.0,Male,Hyderabad,Kothrud Branch,Fixed Deposit,246244.99,TXN100931,2022-07-20,Bill Payment,137733.8,POS,Failed,802.0,Salaried,1232906.79,No,jennifer80@example.org,+1-463-604-5306x935,False
795,CUST10194,1446457642,Mary Jackson,51.0,Male,Pune,Kothrud Branch,Savings,486142.41,TXN100194,2022-10-19,ATM Withdrawal,56001.06,Mobile App,Failed,832.0,Student,2147413.69,No,patricia94@example.net,(201)951-5325x94795,False
796,CUST11807,7370615400,Justin Ellison,41.0,Male,Delhi,Koramangala Branch,Salary,43468.56,TXN101807,2023-09-21,POS Purchase,156161.47,ATM,Success,402.0,Student,2765310.66,Yes,ashley99@example.net,(735)776-8662x1380,False
797,CUST11509,7886851189,Robert Huang,45.0,Female,Bangalore,Connaught Place Branch,Current,424405.98,TXN101509,2022-10-22,ATM Withdrawal,141308.31,UPI,Success,436.0,Self-Employed,1761738.87,No,cruzjohn@example.net,868-278-5185,False
798,CUST10986,5744209087,Judith Garcia,67.0,Other,Bangalore,Connaught Place Branch,Current,162921.55,TXN100986,2025-09-10,Loan EMI,147322.27,POS,Success,700.0,Retired,2981848.55,Yes,johnsondebbie@example.net,978-352-2115,False
800,CUST10956,5125982175,Justin Daniel,61.0,Other,Bangalore,Anna Nagar Branch,Fixed Deposit,355100.18,TXN100956,2022-02-14,Bill Payment,114352.72,ATM,Success,802.0,Student,2213908.69,No,wheeleramber@example.com,001-851-307-4091x31117,False
801,CUST10446,7074433463,Richard Miller,34.0,Other,Jaipur,Kothrud Branch,NRI,86203.43,TXN100446,2022-02-08,ATM Withdrawal,140681.16,Internet Banking,Success,518.0,Unemployed,2892033.66,No,bjones@example.net,(489)662-7066x14982,False
802,CUST11535,2160778694,Jesse Nixon,59.0,Male,Bangalore,Anna Nagar Branch,Salary,246244.99,TXN101535,2025-05-14,Loan EMI,100926.72,POS,Success,317.0,Student,694947.93,No,kathryn24@example.net,923.385.8653x9276,False
803,CUST11228,3506204532,Dr. Diana Jones,33.0,Other,Pune,Anna Nagar Branch,Salary,246244.99,TXN101228,2023-09-25,Withdrawal,143692.94,Mobile App,Success,722.0,Self-Employed,2024688.62,No,elizabeth09@example.com,+1-619-379-7972x4528,False
805,CUST11690,3435867338,Jill Hughes,62.0,Female,Delhi,Connaught Place Branch,Fixed Deposit,453027.66,TXN101690,2025-04-23,Transfer,53964.73,ATM,Success,304.0,Self-Employed,1752350.19,Yes,blakepaul@example.net,+1-666-803-4982,False
806,CUST10452,6474139112,Christina White,44.0,Female,Lucknow,MG Road Branch,Fixed Deposit,264402.34,TXN100452,2025-12-03,Deposit,63332.16,Branch,Success,552.0,Business Owner,2656385.59,Yes,hayeslisa@example.org,(201)951-5325x94795,False
807,CUST11617,4905834436,Danny Kelly,45.0,Male,Jaipur,Koramangala Branch,Current,116396.09,TXN101617,2022-10-16,Transfer,34863.07,ATM,Success,332.0,Business Owner,378047.06,Yes,florespam@example.org,5807153374,False
808,CUST10465,1228587581,Marie Hill,27.0,Male,Bangalore,Andheri Branch,Savings,232475.0,TXN100465,2022-12-01,ATM Withdrawal,93453.21,Mobile App,Pending,806.0,Salaried,1408331.11,No,hrichardson@example.org,917-683-0999,False
809,CUST10721,3502618368,Lynn Ross MD,60.0,Other,Delhi,Salt Lake Branch,Savings,246244.99,TXN100721,2023-04-05,POS Purchase,100724.0,POS,Success,728.0,Retired,2239180.13,Yes,edwardshah@example.org,906-872-4530,False
810,CUST11748,7033817459,Justin Eaton,45.0,Female,Ahmedabad,Anna Nagar Branch,NRI,259132.01,TXN101748,2022-01-10,Deposit,152416.32,POS,Success,439.0,Retired,1599677.42,No,bjones@example.net,(201)951-5325x94795,False
811,CUST11855,9989495548,Mark Harris,63.0,Female,Jaipur,Salt Lake Branch,Fixed Deposit,460864.34,TXN101855,2025-04-27,Loan EMI,115359.12,Internet Banking,Success,783.0,Retired,1644777.89,No,carlos87@example.com,(392)469-2032x7357,False
812,CUST10459,9281920454,Teresa Garner,70.0,Other,Ahmedabad,Anna Nagar Branch,Current,355349.67,TXN100459,2023-01-26,Loan EMI,162691.81,ATM,Success,806.0,Student,521068.09,Yes,berrydavid@example.com,(590)340-9836x6552,False
813,CUST11587,4321155158,Joseph Merritt,24.0,Female,Jaipur,Salt Lake Branch,Fixed Deposit,479257.56,TXN101587,2025-12-28,Deposit,111208.59,Internet Banking,Success,597.0,Retired,742818.32,Yes,kathleenbarajas@example.org,+1-353-654-1601,False
814,CUST11127,5733291980,Michael Johnson,42.0,Male,Delhi,Connaught Place Branch,Fixed Deposit,139760.79,TXN101127,2022-04-11,Bill Payment,96004.38,ATM,Success,478.0,Business Owner,1395147.05,Yes,zachary86@example.net,+1-932-505-5340x50892,False
816,CUST11241,9411067740,Stephanie Walker,43.0,Male,Pune,Andheri Branch,NRI,496415.91,TXN101241,2023-11-23,Withdrawal,74349.55,Mobile App,Failed,548.0,Unemployed,2402514.01,No,mstanley@example.com,8355067578,False
817,CUST10370,2920536604,John Savage,31.0,Other,Kolkata,Koramangala Branch,NRI,246244.99,TXN100370,2025-10-23,Transfer,100926.72,Branch,Success,652.0,Salaried,1810771.89,No,tmcdaniel@example.com,001-769-241-1800x537,False
818,CUST10485,8423203617,Michelle Wright,63.0,Female,Jaipur,Kothrud Branch,Savings,72919.34,TXN100485,2024-01-15,Transfer,163841.2,Mobile App,Success,749.0,Student,2342275.0,Yes,whiteaaron@example.net,(201)951-5325x94795,False
819,CUST11915,3219486608,Steven Johnson,47.0,Male,Bangalore,Salt Lake Branch,Savings,7803.35,TXN101915,2022-04-20,Bill Payment,159596.58,Mobile App,Success,755.0,Student,2856599.91,Yes,barbaramorales@example.com,498.946.4844,False
820,CUST11372,5532828602,Aaron Watson,45.0,Female,Chennai,MG Road Branch,Savings,59532.35,TXN101372,2023-05-12,POS Purchase,28707.69,Mobile App,Success,479.0,Self-Employed,2953286.2,Yes,khanbreanna@example.org,(201)951-5325x94795,False
821,CUST10308,7702529931,Joshua Reynolds,43.0,Male,Delhi,Salt Lake Branch,Fixed Deposit,106399.18,TXN100308,2022-06-12,Bill Payment,125083.34,POS,Success,578.0,Business Owner,1998102.57,No,gainesjennifer@example.org,2112947072,False
822,CUST10286,2592724766,Kelly Smith,56.0,Male,Pune,Salt Lake Branch,NRI,326368.49,TXN100286,2023-08-10,ATM Withdrawal,192707.79,Mobile App,Failed,479.0,Unemployed,1558949.88,Yes,mcdanielbrooke@example.org,670-718-4094x35334,False
823,CUST11514,5120584320,Joseph Ali,25.0,Male,Chennai,Salt Lake Branch,Salary,492264.07,TXN101514,2023-03-14,ATM Withdrawal,30987.36,Branch,Pending,454.0,Self-Employed,1554374.94,No,yrivera@example.org,977.973.0316,False
824,CUST10926,7866761721,William Davis,52.0,Other,Delhi,Andheri Branch,Current,411466.18,TXN100926,2024-03-22,Deposit,164697.5,Mobile App,Pending,857.0,Salaried,1630771.21,Yes,amanda86@example.org,9804179867,False
825,CUST11232,1014625643,Jacob Fry,35.0,Other,Chennai,Banjara Hills Branch,Current,405904.06,TXN101232,2025-01-04,Deposit,4966.09,ATM,Success,831.0,Student,2954638.03,Yes,carl64@example.net,823.408.8295x86841,False
826,CUST11752,6172902399,Ralph Graham,62.0,Male,Kolkata,Salt Lake Branch,NRI,256147.07,TXN101752,2022-02-08,Transfer,64874.82,Mobile App,Success,718.0,Student,2592085.58,Yes,uramirez@example.com,940-747-8327x9663,False
827,CUST11521,2273882372,Katherine Tran,26.0,Male,Bangalore,Koramangala Branch,Fixed Deposit,46221.78,TXN101521,2022-07-26,Withdrawal,143734.28,POS,Success,846.0,Unemployed,362695.02,Yes,todd90@example.net,+1-763-661-5276,False
828,CUST11507,6217560973,Shane Smith,39.0,Female,Mumbai,Connaught Place Branch,Current,439958.93,TXN101507,2025-05-28,Bill Payment,100926.72,UPI,Success,705.0,Retired,2871309.9,No,uayers@example.org,320-659-8685x6977,False
829,CUST11448,9067968378,Ashley Herring,34.0,Female,Ahmedabad,Andheri Branch,Fixed Deposit,376284.27,TXN101448,2024-04-07,POS Purchase,184927.03,Mobile App,Success,604.0,Unemployed,398314.57,No,steven34@example.net,731-848-7225x578,False
830,CUST10998,4482485364,Anthony Mueller,68.0,Other,Kolkata,Connaught Place Branch,Salary,266226.18,TXN100998,2024-05-21,Transfer,7835.81,Mobile App,Success,607.0,Unemployed,2897622.3,Yes,uperez@example.com,+1-356-715-4705x54912,False
831,CUST11185,7373159809,Todd Bentley,75.0,Other,Mumbai,Koramangala Branch,NRI,246244.99,TXN101185,2025-12-02,Transfer,45439.32,UPI,Success,881.0,Retired,1484726.86,Yes,banksmeredith@example.com,+1-820-817-5307,False
832,CUST10848,6059076790,Charles Costa,57.0,Other,Mumbai,Connaught Place Branch,Savings,40723.82,TXN100848,2025-05-09,ATM Withdrawal,80957.19,ATM,Success,648.0,Retired,1158329.01,Yes,delliott@example.com,(201)951-5325x94795,False
833,CUST11720,2810321015,Sharon Holland,74.0,Female,Hyderabad,Kothrud Branch,Savings,420068.05,TXN101720,2024-03-06,Transfer,75452.68,POS,Success,597.0,Student,2791872.07,Yes,jonhampton@example.org,672.790.8489x653,False
834,CUST11798,2367060384,Kathy Horne,67.0,Female,Pune,Koramangala Branch,Savings,303745.56,TXN101798,2024-06-21,POS Purchase,119790.41,Internet Banking,Failed,308.0,Salaried,1762314.91,Yes,npowell@example.com,+1-818-927-2913,False
835,CUST11533,6852230291,Brandon Bonilla,57.0,Female,Jaipur,MG Road Branch,Salary,155475.45,TXN101533,2022-03-28,Bill Payment,40968.56,Branch,Success,803.0,Business Owner,2965392.8,Yes,matthew96@example.com,333-938-4965x523,False
836,CUST12017,1124585925,Raymond Cooley,60.0,Female,Delhi,Connaught Place Branch,NRI,127194.05,TXN102017,2023-10-03,POS Purchase,168069.03,UPI,Success,463.0,Student,932572.69,No,barberlarry@example.org,697.429.6822x885,False
837,CUST11494,5567798337,Sharon Holland,45.0,Other,Mumbai,Banjara Hills Branch,Current,286172.44,TXN101494,2024-05-12,Loan EMI,97209.22,Branch,Pending,435.0,Student,662435.64,No,bjones@example.net,680-242-4796x000,False
838,CUST11977,5527501372,Donna Caldwell,36.0,Other,Jaipur,Banjara Hills Branch,Fixed Deposit,366345.76,TXN101977,2025-01-01,Bill Payment,100926.72,POS,Failed,363.0,Student,701519.69,Yes,andrewgarcia@example.org,(201)951-5325x94795,False
839,CUST10775,6753480867,Scott Martinez,59.0,Male,Pune,Andheri Branch,Salary,152101.5,TXN100775,2025-10-14,Loan EMI,96156.38,ATM,Pending,597.0,Self-Employed,616097.2,Yes,clarkcarol@example.com,519-866-6450x5730,False
840,CUST10893,7310210869,Mary Gibson,64.0,Other,Lucknow,MG Road Branch,Fixed Deposit,88388.56,TXN100893,2022-01-13,Deposit,35211.39,Internet Banking,Success,855.0,Retired,2922262.59,Yes,kimberly12@example.com,(711)240-8682,False
841,CUST11773,2573971876,Cynthia Norris,50.0,Other,Delhi,MG Road Branch,Current,174447.46,TXN101773,2024-02-05,Withdrawal,53543.77,Branch,Success,847.0,Salaried,1145396.09,No,anthonymiles@example.org,+1-855-691-6983x31793,False
842,CUST11375,2016179916,Matthew Love,41.0,Female,Bangalore,Koramangala Branch,Fixed Deposit,421898.87,TXN101375,2023-06-16,Withdrawal,69976.98,Branch,Success,719.0,Retired,1628178.1099999999,No,elizabeth14@example.com,(362)676-3304x1176,False
843,CUST11114,3058622934,Kayla Maxwell,53.0,Other,Hyderabad,MG Road Branch,Current,297528.74,TXN101114,2022-05-06,Bill Payment,143782.25,Mobile App,Success,322.0,Student,800373.56,Yes,jdaugherty@example.org,599.964.7718,False
844,CUST11451,5411145203,Kevin Daugherty,48.0,Other,Ahmedabad,Connaught Place Branch,Savings,407798.8,TXN101451,2024-08-22,ATM Withdrawal,158302.12,Mobile App,Success,438.0,Self-Employed,2244452.34,No,scotttiffany@example.net,001-773-241-8559,False
845,CUST10949,7421214943,Brandon Meyer,53.0,Other,Hyderabad,Salt Lake Branch,Current,129179.11,TXN100949,2024-05-25,ATM Withdrawal,196340.25,POS,Success,747.0,Student,1042454.64,Yes,eugenegreen@example.com,912.361.6850,False
846,CUST10098,8325222092,Reginald Knapp,46.0,Other,Chennai,Anna Nagar Branch,Savings,124241.58,TXN100098,2022-11-03,POS Purchase,100926.72,POS,Success,413.0,Business Owner,827274.65,Yes,thorntonapril@example.net,578-565-2785x85497,False
847,CUST11040,3338085359,Robin Wright,56.0,Male,Bangalore,Anna Nagar Branch,Current,243753.43,TXN101040,2022-10-03,Bill Payment,128823.45,Internet Banking,Success,597.0,Salaried,2211578.32,Yes,howellstuart@example.com,(917)481-5969x83845,False
848,CUST11172,7167193612,Lindsay Perry,75.0,Other,Pune,Salt Lake Branch,Salary,41473.9,TXN101172,2022-01-27,ATM Withdrawal,78627.83,ATM,Success,388.0,Unemployed,407344.38,Yes,denisetownsend@example.com,350.307.2889x59274,False
849,CUST11571,2771900786,Eric Colon,58.0,Male,Chennai,Kothrud Branch,NRI,34196.2,TXN101571,2024-07-23,Deposit,9115.2,UPI,Success,837.0,Business Owner,1356247.36,Yes,erica73@example.org,517.876.1350x078,False
850,CUST10140,1242425303,Renee Hudson,50.0,Female,Bangalore,Banjara Hills Branch,NRI,296948.43,TXN100140,2025-10-09,Loan EMI,64166.99,ATM,Failed,833.0,Self-Employed,1328646.59,No,bjones@example.net,449-748-1260x4223,False
852,CUST10283,8749354330,Kimberly Rogers,44.0,Female,Mumbai,Andheri Branch,Fixed Deposit,324045.85,TXN100283,2023-06-04,Transfer,171002.64,Branch,Success,582.0,Unemployed,1282744.32,Yes,dreilly@example.net,295-788-0395x5124,False
853,CUST11987,2770745748,Jill Berg,60.0,Male,Kolkata,Anna Nagar Branch,Savings,12668.82,TXN101987,2025-03-14,Deposit,10295.77,Branch,Success,408.0,Student,1732511.96,No,robertdavis@example.org,492-229-4123,False
854,CUST11567,8737734125,Selena Robinson,45.0,Male,Bangalore,Koramangala Branch,Salary,462306.6,TXN101567,2023-06-08,POS Purchase,79896.07,Internet Banking,Success,848.0,Self-Employed,1782089.3,No,hgoodman@example.net,(528)958-9868x184,False
856,CUST11896,3891791605,Jason Jones,18.0,Other,Delhi,Koramangala Branch,Savings,64940.34,TXN101896,2024-02-07,Loan EMI,58049.97,ATM,Success,359.0,Business Owner,992994.09,Yes,deannatyler@example.org,579.339.8012x2016,False
857,CUST11123,9115926978,Julie Johnson,45.0,Male,Mumbai,Banjara Hills Branch,NRI,27357.65,TXN101123,2023-05-08,Loan EMI,27687.49,Branch,Success,358.0,Business Owner,1298505.37,No,alexanderanthony@example.org,(201)951-5325x94795,False
858,CUST12067,7055241800,Michael Saunders,21.0,Female,Hyderabad,Koramangala Branch,Salary,194458.63,TXN102067,2024-06-23,Withdrawal,85442.75,Branch,Success,582.0,Student,2354230.28,Yes,charlenewalker@example.org,(828)678-9715x359,False
859,CUST10948,2610606822,Colleen Padilla,43.0,Female,Hyderabad,Kothrud Branch,NRI,167406.71,TXN100948,2023-06-06,POS Purchase,14456.45,Branch,Pending,863.0,Student,159311.16,Yes,robert07@example.org,(201)951-5325x94795,False
860,CUST11644,9958416893,Eric Carpenter,31.0,Female,Chennai,Banjara Hills Branch,Salary,301327.75,TXN101644,2023-08-09,Bill Payment,175347.78,POS,Success,875.0,Business Owner,2764096.62,No,heidi59@example.org,651.963.8326,False
861,CUST11079,8239650191,Nicholas Grant,54.0,Male,Chennai,Anna Nagar Branch,Current,136196.53,TXN101079,2025-01-14,Withdrawal,155686.9,ATM,Failed,574.0,Business Owner,670284.71,No,juliebird@example.net,(432)825-1742x24043,False
862,CUST11649,6505427526,Randall Marks,25.0,Female,Ahmedabad,Koramangala Branch,Savings,41061.29,TXN101649,2025-05-30,Deposit,30995.81,Branch,Success,405.0,Student,2707754.53,Yes,ulewis@example.net,385.423.7748x77007,False
863,CUST10129,6046864799,Robert Long,45.0,Male,Chennai,Salt Lake Branch,Fixed Deposit,89087.37,TXN100129,2023-08-16,Deposit,1902.97,POS,Success,597.0,Student,1444894.87,No,frederickjames@example.net,(980)473-7416,False
864,CUST10928,5243215450,Crystal Wolf,32.0,Other,Ahmedabad,Andheri Branch,Current,356681.95,TXN100928,2024-10-30,Loan EMI,21604.78,Internet Banking,Failed,613.0,Self-Employed,2304031.63,No,bpeterson@example.com,001-496-680-7852x548,False
865,CUST11029,4298479493,Marcus Phillips,27.0,Male,Hyderabad,MG Road Branch,Salary,186619.86,TXN101029,2022-03-24,POS Purchase,86966.25,Mobile App,Success,350.0,Salaried,2036805.77,Yes,bradbennett@example.com,+1-249-680-8513x31380,False
866,CUST11619,2627035121,Gina Cooper,28.0,Female,Delhi,Banjara Hills Branch,Fixed Deposit,26024.23,TXN101619,2023-03-13,Withdrawal,131448.94,POS,Success,598.0,Business Owner,666656.94,Yes,theresa05@example.com,+1-536-729-1714x8541,False
867,CUST11297,8787714821,Jesse Martinez,33.0,Male,Lucknow,Andheri Branch,Fixed Deposit,301382.89,TXN101297,2024-04-19,Deposit,92155.83,POS,Success,660.0,Retired,1344147.87,Yes,cortezmatthew@example.com,+1-915-885-5749x062,False
868,CUST11572,5522081055,Brittany Gonzalez,59.0,Other,Chennai,Andheri Branch,Fixed Deposit,410093.91,TXN101572,2025-09-06,Withdrawal,48916.0,UPI,Success,569.0,Self-Employed,2164176.95,Yes,justin33@example.com,(201)951-5325x94795,False
869,CUST10523,3743483601,Jenna Jensen,62.0,Male,Ahmedabad,Connaught Place Branch,Current,237776.83,TXN100523,2023-11-10,Loan EMI,148029.27,Internet Banking,Success,306.0,Business Owner,1628178.1099999999,No,zpoole@example.net,(826)626-5826x31281,False
870,CUST10265,3159668272,Wendy Neal,36.0,Other,Hyderabad,Anna Nagar Branch,Salary,381463.49,TXN100265,2024-06-15,Bill Payment,79052.9,UPI,Success,460.0,Retired,776617.32,No,bennettrebecca@example.net,9422043940,False
871,CUST10167,9609047368,Nicholas Rush,31.0,Other,Hyderabad,Anna Nagar Branch,NRI,46384.78,TXN100167,2025-01-04,Withdrawal,73190.32,Internet Banking,Success,597.0,Unemployed,2608514.16,No,xrosales@example.net,4297593917,False
872,CUST11122,3131051722,James Mcmillan,31.0,Other,Jaipur,MG Road Branch,Salary,95477.22,TXN101122,2025-10-06,Loan EMI,174440.01,Internet Banking,Success,460.0,Student,1628178.1099999999,No,farmerlisa@example.com,(636)802-4465,False
873,CUST11130,4869045960,Mason Olson,75.0,Male,Mumbai,Kothrud Branch,Savings,364133.15,TXN101130,2025-01-05,POS Purchase,125210.84,ATM,Failed,820.0,Salaried,2473658.77,Yes,juarezmary@example.com,+1-776-391-7162x0429,False
874,CUST10664,2644360541,Gregory Walker,54.0,Male,Delhi,MG Road Branch,NRI,246244.99,TXN100664,2024-08-03,Transfer,26255.06,Branch,Success,846.0,Retired,261492.7,Yes,hmcneil@example.com,768.772.9047x742,False
875,CUST10796,4921196010,Cindy Stanley MD,68.0,Other,Bangalore,Koramangala Branch,Savings,246244.99,TXN100796,2025-11-21,Deposit,91675.49,UPI,Success,550.0,Business Owner,1125962.27,No,wyattsara@example.com,+1-552-983-0615,False
876,CUST10632,9202043288,William Wood,30.0,Other,Bangalore,MG Road Branch,Current,130929.85,TXN100632,2025-03-13,POS Purchase,9022.66,Branch,Success,622.0,Salaried,2839001.05,Yes,karen77@example.org,(299)629-5966,False
877,CUST10499,3323553486,Vanessa Strickland,60.0,Female,Hyderabad,Anna Nagar Branch,Current,352140.36,TXN100499,2025-03-17,ATM Withdrawal,159241.95,UPI,Success,426.0,Unemployed,1744155.55,Yes,lukemyers@example.net,711.996.4215x2265,False
878,CUST11318,3275693316,Sherri Greene,44.0,Male,Mumbai,Connaught Place Branch,Current,411876.64,TXN101318,2024-12-03,POS Purchase,196081.59,Branch,Failed,825.0,Student,1592178.65,Yes,hartmitchell@example.com,790-213-2495x193,False
879,CUST11904,5935670199,Victoria Mcdonald,52.0,Other,Pune,Connaught Place Branch,Savings,118379.77,TXN101904,2024-08-03,Withdrawal,92431.62,ATM,Success,531.0,Salaried,2537154.77,Yes,mdoyle@example.org,(851)953-8642,False
880,CUST11536,1659556055,Blake Schaefer,32.0,Male,Lucknow,Kothrud Branch,Fixed Deposit,246244.99,TXN101536,2024-12-26,Bill Payment,92082.16,POS,Success,416.0,Unemployed,1029973.31,No,joshuagonzalez@example.org,001-779-967-0605x58173,False
881,CUST11919,2494578356,Jack Lloyd,64.0,Female,Mumbai,Kothrud Branch,Fixed Deposit,113855.81,TXN101919,2024-07-19,Withdrawal,192307.73,ATM,Success,458.0,Business Owner,1593715.31,Yes,singhnicole@example.com,644.621.1175,False
882,CUST11785,4156869975,Timothy Mcguire,34.0,Other,Jaipur,Kothrud Branch,Savings,68097.77,TXN101785,2023-12-18,Deposit,100926.72,Internet Banking,Failed,345.0,Business Owner,2079140.54,Yes,gina75@example.net,+1-405-657-7791x7431,False
883,CUST10433,2906775938,Roger Jacobs,53.0,Female,Hyderabad,Salt Lake Branch,Current,427670.74,TXN100433,2024-09-01,ATM Withdrawal,73519.91,Mobile App,Pending,803.0,Student,1628178.1099999999,No,aliciakent@example.com,879.501.4754x692,False
884,CUST11340,7242789730,Lisa Roberts,74.0,Male,Chennai,Salt Lake Branch,NRI,246244.99,TXN101340,2022-09-03,Loan EMI,21176.38,Branch,Success,577.0,Unemployed,2332149.84,Yes,codyrichards@example.org,001-842-969-3765x0167,False
885,CUST12078,5129840704,Timothy Roberts,51.0,Other,Bangalore,MG Road Branch,Current,299631.28,TXN102078,2025-06-10,POS Purchase,93776.38,UPI,Success,522.0,Unemployed,751996.63,No,michelestevenson@example.com,523-593-3065,False
886,CUST11305,4307865456,Matthew Wong,18.0,Other,Jaipur,Connaught Place Branch,Savings,161589.41,TXN101305,2023-09-17,ATM Withdrawal,162969.96,POS,Success,785.0,Business Owner,2525211.54,Yes,bjones@example.net,(281)457-8061,False
887,CUST10069,3781645815,Olivia Cole,58.0,Female,Hyderabad,Salt Lake Branch,Savings,65587.39,TXN100069,2022-03-18,Transfer,199185.68,Mobile App,Success,850.0,Self-Employed,1257640.62,No,michelle52@example.com,377-644-9058,False
888,CUST11026,7978634862,John Brock,22.0,Female,Jaipur,Anna Nagar Branch,Salary,227754.1,TXN101026,2025-10-27,Transfer,198550.74,ATM,Success,311.0,Salaried,2359617.13,Yes,daltonchristina@example.com,001-585-419-5377x49266,False
889,CUST10618,5150487885,Cody Johnson,68.0,Male,Jaipur,Banjara Hills Branch,Savings,97172.43,TXN100618,2024-09-10,Loan EMI,112592.1,Branch,Success,614.0,Business Owner,1514888.89,Yes,swatkins@example.com,(201)951-5325x94795,False
890,CUST10992,2784883819,Brittany Hernandez,75.0,Female,Bangalore,Andheri Branch,Salary,44290.18,TXN100992,2023-08-15,Transfer,199577.12,UPI,Success,370.0,Salaried,2951018.78,Yes,nperez@example.org,899.320.4573x53236,False
891,CUST11505,7832135969,Robin Pugh,37.0,Female,Lucknow,Koramangala Branch,Savings,246244.99,TXN101505,2023-06-26,ATM Withdrawal,149080.23,Internet Banking,Success,627.0,Unemployed,2826061.89,No,willismegan@example.net,(905)734-9419x715,False
892,CUST10124,3227727430,Mary Miller,53.0,Female,Ahmedabad,Salt Lake Branch,Salary,246244.99,TXN100124,2024-07-30,POS Purchase,100926.72,ATM,Success,570.0,Retired,1529913.29,Yes,lauren11@example.com,(662)965-5110,False
893,CUST10574,2249734561,Willie Allen,25.0,Male,Kolkata,Connaught Place Branch,Savings,284283.7,TXN100574,2022-09-18,Loan EMI,62708.79,Branch,Success,301.0,Business Owner,326372.07,Yes,campbellfelicia@example.com,638-745-9609,False
894,CUST10335,4712064103,Jennifer Henry,19.0,Female,Pune,Connaught Place Branch,Fixed Deposit,251812.87,TXN100335,2025-12-24,Deposit,180779.22,Branch,Failed,844.0,Salaried,681289.55,No,kerrmichael@example.org,001-365-565-0455x478,False
895,CUST10834,7238718416,Richard Griffith,53.0,Male,Jaipur,Andheri Branch,Fixed Deposit,409113.44,TXN100834,2024-11-12,Withdrawal,28384.6,UPI,Success,317.0,Self-Employed,2240225.12,No,matthew24@example.org,001-201-576-4644x8988,False
896,CUST10339,4307339566,Sheena Burton,59.0,Other,Delhi,Banjara Hills Branch,Savings,276456.85,TXN100339,2022-08-31,Withdrawal,63553.64,Internet Banking,Success,626.0,Student,2889409.13,No,hmccann@example.com,690.742.9025x72520,False
897,CUST11078,7580494069,Michael Norris,61.0,Other,Chennai,Salt Lake Branch,Current,339581.06,TXN101078,2023-05-02,Transfer,10421.81,ATM,Failed,669.0,Student,1235676.69,No,cory32@example.com,(638)910-9794x122,False
898,CUST12046,4214105892,Timothy Randolph,68.0,Female,Kolkata,Banjara Hills Branch,Salary,186437.34,TXN102046,2023-12-20,Transfer,35131.22,Branch,Success,552.0,Student,1593687.96,No,deanlewis@example.org,+1-622-742-5777x277,False
899,CUST10665,5593270450,Mary Davis,24.0,Female,Hyderabad,Koramangala Branch,Salary,375614.6,TXN100665,2024-03-30,Deposit,111312.22,ATM,Success,348.0,Student,1000564.87,No,kgoodman@example.org,(638)322-3116,False
900,CUST10384,8409895157,Sandra Williams,34.0,Male,Chennai,MG Road Branch,NRI,41430.35,TXN100384,2025-05-01,ATM Withdrawal,178798.69,Internet Banking,Pending,597.0,Unemployed,2879716.71,Yes,garciamelanie@example.com,(579)298-4076x78997,False
901,CUST11716,7242818821,Amy Hicks,49.0,Male,Bangalore,Kothrud Branch,Fixed Deposit,365852.58,TXN101716,2022-08-27,ATM Withdrawal,151061.99,POS,Success,444.0,Student,835475.37,No,cbradley@example.org,959-271-5579x327,False
902,CUST10056,8324687182,Jeremy Young,44.0,Female,Ahmedabad,Connaught Place Branch,Fixed Deposit,273388.86,TXN100056,2024-02-25,Withdrawal,184377.54,POS,Success,439.0,Salaried,937305.1,No,cory58@example.net,(706)543-1713x900,False
903,CUST11423,5086141034,Robert Phillips,25.0,Male,Bangalore,Kothrud Branch,Fixed Deposit,95034.4,TXN101423,2024-09-12,Bill Payment,61832.55,ATM,Success,367.0,Salaried,1244202.73,No,falexander@example.net,001-810-896-5984x557,False
904,CUST10582,7393599544,Jonathan Hernandez,62.0,Other,Delhi,Salt Lake Branch,Savings,387754.06,TXN100582,2025-08-24,Bill Payment,55079.45,UPI,Success,311.0,Salaried,482388.76,Yes,xchen@example.org,(370)421-6487,False
905,CUST11923,2923545870,Connie Ramirez,24.0,Female,Kolkata,Banjara Hills Branch,Fixed Deposit,-2524.19,TXN101923,2023-04-18,POS Purchase,143483.59,ATM,Success,786.0,Unemployed,2543794.74,Yes,samanthahurst@example.org,678-524-5310x81246,False
906,CUST11874,7024482103,Jeffery Robinson,18.0,Male,Bangalore,Andheri Branch,NRI,279197.65,TXN101874,2025-03-22,Deposit,140649.04,UPI,Success,607.0,Student,1308750.82,No,carolynduke@example.com,5823432625,False
907,CUST11410,5752844974,Kyle Bell,28.0,Male,Hyderabad,Andheri Branch,NRI,246244.99,TXN101410,2024-02-01,Deposit,57825.58,POS,Success,866.0,Self-Employed,242288.53,Yes,christopher57@example.org,(201)951-5325x94795,False
908,CUST11944,6196068428,Kevin Brown,18.0,Female,Delhi,Andheri Branch,Current,157730.59,TXN101944,2022-11-11,ATM Withdrawal,130856.04,Internet Banking,Success,597.0,Unemployed,924392.2,Yes,mandy25@example.org,(201)951-5325x94795,False
909,CUST10171,7406913885,Elizabeth Davis,63.0,Female,Ahmedabad,Andheri Branch,Savings,280525.89,TXN100171,2023-03-28,Transfer,6587.38,Internet Banking,Success,472.0,Student,1628178.1099999999,No,farmstrong@example.org,3502614973,False
910,CUST10829,1612443156,Andrew Williams,60.0,Male,Mumbai,Salt Lake Branch,Salary,442893.55,TXN100829,2022-08-04,Withdrawal,45283.37,Internet Banking,Success,608.0,Business Owner,1628178.1099999999,No,nina65@example.net,615-584-8266x91362,False
911,CUST10174,7581095906,Cynthia Evans,56.0,Other,Delhi,Banjara Hills Branch,Salary,141113.29,TXN100174,2023-07-02,Loan EMI,100926.72,UPI,Success,438.0,Student,2768490.83,No,torr@example.org,898.399.2172x23320,False
912,CUST11137,1651500993,Raymond Strong,46.0,Male,Delhi,Banjara Hills Branch,Savings,189897.28,TXN101137,2022-11-24,Transfer,116020.48,Internet Banking,Success,716.0,Business Owner,1696466.02,Yes,nicole39@example.org,548-490-9322x533,False
913,CUST10801,4184193673,Taylor Norman,41.0,Other,Chennai,Salt Lake Branch,Savings,475774.28,TXN100801,2024-11-05,Deposit,54331.14,POS,Success,850.0,Salaried,2915746.08,Yes,phughes@example.com,700.773.0950,False
914,CUST10856,3636467652,Thomas Morales,51.0,Female,Delhi,Connaught Place Branch,Current,489789.89,TXN100856,2023-01-03,Loan EMI,36288.56,UPI,Failed,422.0,Business Owner,403951.32,No,fstephens@example.com,3325119206,False
915,CUST10838,9371106368,Cody Hoover,26.0,Female,Mumbai,Andheri Branch,Current,218907.58,TXN100838,2025-10-08,Transfer,152128.89,Mobile App,Success,833.0,Business Owner,1644086.73,No,willismatthew@example.com,982-998-0365,False
916,CUST10327,4153648273,Nancy Goodwin,64.0,Female,Ahmedabad,Andheri Branch,Fixed Deposit,411981.15,TXN100327,2025-11-13,ATM Withdrawal,115267.68,Mobile App,Success,607.0,Salaried,2232749.68,No,karenhodges@example.com,(348)964-0155x778,False
917,CUST10504,5555379651,Carrie Martin,47.0,Other,Pune,Anna Nagar Branch,Fixed Deposit,9597.75,TXN100504,2025-07-21,Withdrawal,182751.33,Mobile App,Success,900.0,Unemployed,439301.84,Yes,rwall@example.com,(201)951-5325x94795,False
918,CUST11169,8365293189,Sabrina Gonzales,25.0,Male,Jaipur,Anna Nagar Branch,Salary,90622.17,TXN101169,2024-02-25,Loan EMI,18633.45,Mobile App,Failed,540.0,Retired,974684.54,No,richardsonwendy@example.net,(343)988-4302,False
919,CUST11446,6301947455,Gregory Deleon,67.0,Other,Lucknow,MG Road Branch,Savings,288683.28,TXN101446,2023-03-28,Bill Payment,106749.42,ATM,Success,597.0,Business Owner,1542876.95,No,olsonmichael@example.com,001-494-434-3687x7156,False
920,CUST10410,9158080779,Roberto Foster,46.0,Other,Kolkata,Anna Nagar Branch,Current,445411.12,TXN100410,2024-07-26,Deposit,100926.72,Internet Banking,Success,378.0,Salaried,619583.72,Yes,ashley72@example.net,499.692.1921,False
921,CUST11248,1926078462,Elizabeth Norton,28.0,Female,Ahmedabad,Kothrud Branch,Current,246244.99,TXN101248,2025-05-17,Loan EMI,37115.59,Branch,Success,328.0,Student,2883559.91,No,yfletcher@example.org,(201)951-5325x94795,False
922,CUST10298,7680134655,Laura Johnson,72.0,Female,Bangalore,Andheri Branch,Current,233858.45,TXN100298,2022-01-20,Withdrawal,84333.06,Internet Banking,Pending,829.0,Retired,2203596.94,No,carrolljanet@example.org,001-371-528-4781,False
923,CUST11412,7002305572,Laura Miller,49.0,Male,Chennai,Salt Lake Branch,NRI,7763.01,TXN101412,2022-05-27,Bill Payment,92937.4,Mobile App,Failed,382.0,Student,2782975.07,No,fitzgeraldlisa@example.net,001-356-711-9989x96511,False
924,CUST12042,1826817853,Daniel Stevenson,33.0,Other,Chennai,MG Road Branch,Salary,345902.77,TXN102042,2024-04-22,Transfer,87823.2,POS,Success,731.0,Business Owner,1624192.88,No,tammy78@example.net,001-602-728-0177x10629,False
925,CUST11322,8704599167,Larry Benson,34.0,Female,Chennai,MG Road Branch,Savings,51643.59,TXN101322,2024-12-26,POS Purchase,110843.01,Branch,Success,597.0,Retired,2731874.4,No,timothygarcia@example.org,958-866-8611,False
926,CUST10729,6520137641,Carl Blanchard,42.0,Female,Delhi,Andheri Branch,Savings,406063.53,TXN100729,2023-03-08,Bill Payment,103851.04,POS,Failed,621.0,Salaried,1139935.0,Yes,williamsmark@example.com,(225)668-0656x259,False
927,CUST11636,7823331131,Gregory Jackson,28.0,Male,Hyderabad,Koramangala Branch,Salary,414382.79,TXN101636,2022-02-14,Transfer,81388.86,Internet Banking,Success,723.0,Retired,519399.53,No,ccastillo@example.org,958-440-8114x415,False
928,CUST11135,2834593810,Kenneth Short,49.0,Other,Bangalore,Andheri Branch,Fixed Deposit,138479.32,TXN101135,2025-11-16,POS Purchase,111659.61,ATM,Success,662.0,Salaried,2370237.46,No,michaelwilliams@example.net,(502)966-7652x72845,False
929,CUST10987,4437174078,Kristin Flores,47.0,Other,Delhi,Koramangala Branch,NRI,498379.01,TXN100987,2024-07-23,Deposit,56932.91,Mobile App,Success,364.0,Student,2514225.39,No,michaelmontes@example.com,001-226-887-4470x1732,False
930,CUST11803,8970566223,Ronnie Hale,65.0,Other,Delhi,Kothrud Branch,Current,19279.3,TXN101803,2023-11-13,ATM Withdrawal,41281.72,UPI,Failed,606.0,Retired,1784148.91,Yes,bjones@example.net,524.472.5426x5416,False
931,CUST10672,4763234181,Corey Flowers,65.0,Male,Bangalore,MG Road Branch,Fixed Deposit,246244.99,TXN100672,2022-02-28,Bill Payment,132394.01,Branch,Success,421.0,Retired,389590.28,No,perezstacy@example.org,(319)923-7245x0184,False
932,CUST10649,9730103138,Brittney Moore,36.0,Female,Bangalore,Connaught Place Branch,Fixed Deposit,273551.9,TXN100649,2022-08-23,Withdrawal,171275.71,Mobile App,Success,775.0,Student,2737781.67,No,kfloyd@example.net,+1-625-787-9643x47452,False
934,CUST11947,5375969893,Sherry Mclaughlin,24.0,Female,Pune,Koramangala Branch,NRI,229475.42,TXN101947,2022-03-04,ATM Withdrawal,109341.77,ATM,Success,597.0,Retired,228287.55,No,xsimpson@example.com,670-818-9779x501,False
935,CUST10726,5251731939,Stephanie Mullen,26.0,Other,Jaipur,Salt Lake Branch,Fixed Deposit,173955.72,TXN100726,2024-04-03,ATM Withdrawal,111410.31,Branch,Success,644.0,Student,1835712.31,Yes,carl63@example.com,(201)951-5325x94795,False
936,CUST11940,7490882544,Dr. Timothy Jimenez,32.0,Male,Mumbai,MG Road Branch,Fixed Deposit,339890.71,TXN101940,2024-12-04,POS Purchase,40584.42,Internet Banking,Success,535.0,Student,1366263.65,No,dlogan@example.org,(357)764-5545x90348,False
937,CUST12041,9395868030,James James,68.0,Male,Bangalore,Koramangala Branch,NRI,246244.99,TXN102041,2023-04-27,Bill Payment,99147.03,POS,Failed,860.0,Unemployed,1543761.33,No,gregorybeck@example.net,(527)662-2368x31275,False
939,CUST10962,8658602946,Jeffrey Sloan,47.0,Male,Ahmedabad,Andheri Branch,Savings,355281.99,TXN100962,2022-11-28,ATM Withdrawal,121221.85,Mobile App,Success,686.0,Self-Employed,1628178.1099999999,No,jonespaul@example.com,740.537.8423x3944,False
940,CUST11237,9964058927,Dale Warren,40.0,Male,Ahmedabad,Salt Lake Branch,Savings,453235.99,TXN101237,2025-02-02,Bill Payment,9160.06,Internet Banking,Success,809.0,Salaried,2328800.04,Yes,cameronkaitlyn@example.com,815.491.5790x89458,False
941,CUST10532,4979742135,Michelle Shah,24.0,Male,Mumbai,Banjara Hills Branch,Savings,270743.16,TXN100532,2023-11-15,Withdrawal,135037.71,ATM,Success,581.0,Self-Employed,2161081.52,Yes,berrydebbie@example.net,001-965-453-3077x04611,False
942,CUST10408,5003954344,Adam Thompson,50.0,Other,Kolkata,MG Road Branch,Savings,188392.27,TXN100408,2024-08-11,POS Purchase,8222.82,ATM,Success,872.0,Unemployed,340966.86,Yes,ifarmer@example.org,+1-318-907-1569x5620,False
943,CUST10200,1276905285,Courtney Peterson,75.0,Other,Ahmedabad,Andheri Branch,Savings,452064.38,TXN100200,2023-11-11,Deposit,8587.13,Branch,Success,887.0,Student,2491803.39,No,amy51@example.org,(372)861-4933,False
944,CUST10474,8136424561,Nicholas Villegas,29.0,Male,Pune,MG Road Branch,Savings,205207.04,TXN100474,2025-12-13,Transfer,62823.57,UPI,Success,760.0,Retired,2452327.1,No,erikabarnes@example.com,(575)678-4468,False
945,CUST10715,6848434932,Sharon Smith,60.0,Female,Lucknow,MG Road Branch,Savings,149982.05,TXN100715,2025-09-15,Transfer,167208.16,Internet Banking,Success,317.0,Student,175281.5,Yes,doylematthew@example.net,429-575-1910,False
947,CUST10984,8999696128,Jacqueline James,46.0,Male,Kolkata,Salt Lake Branch,Salary,478822.88,TXN100984,2025-03-06,Loan EMI,139986.06,Mobile App,Failed,468.0,Business Owner,1335032.95,No,megan21@example.org,4748235914,False
948,CUST11946,5827405278,Robert Douglas,71.0,Female,Lucknow,Salt Lake Branch,NRI,232978.95,TXN101946,2025-10-16,Transfer,1899.49,Internet Banking,Failed,560.0,Business Owner,943577.29,No,yesenia64@example.com,(201)951-5325x94795,False
949,CUST12052,6390540614,Michelle Spencer,57.0,Other,Pune,Salt Lake Branch,NRI,161298.06,TXN102052,2022-10-11,Loan EMI,16954.48,UPI,Success,787.0,Unemployed,2139766.79,No,lisabauer@example.org,8818001428,False
951,CUST10217,2283560032,Brenda Ryan,43.0,Other,Chennai,Andheri Branch,Savings,474373.68,TXN100217,2024-07-08,Withdrawal,189814.84,Internet Banking,Pending,497.0,Self-Employed,271626.32,Yes,jessica11@example.org,(201)951-5325x94795,False
952,CUST11967,9733299865,Mark Johnson,33.0,Other,Kolkata,Banjara Hills Branch,Salary,169061.62,TXN101967,2024-07-13,Deposit,182653.74,Internet Banking,Success,720.0,Salaried,1490250.99,Yes,xrodriguez@example.com,+1-536-308-7807x20203,False
953,CUST10254,7709942406,John Garcia,55.0,Other,Pune,Koramangala Branch,Fixed Deposit,403193.91,TXN100254,2024-12-06,Deposit,5103.16,Internet Banking,Success,357.0,Self-Employed,910888.07,Yes,hbarrett@example.net,001-994-205-3910x371,False
954,CUST10153,8820716211,Chris Velazquez,22.0,Female,Delhi,Connaught Place Branch,NRI,416498.53,TXN100153,2024-03-07,ATM Withdrawal,179310.33,ATM,Success,443.0,Unemployed,2213866.17,No,tranrobin@example.net,(201)951-5325x94795,False
955,CUST11476,2380390319,Melanie Chang,75.0,Other,Jaipur,Kothrud Branch,Current,11751.87,TXN101476,2025-06-09,POS Purchase,86984.01,ATM,Success,597.0,Business Owner,605341.36,Yes,lynchjonathan@example.net,(485)860-6699x2613,False
956,CUST10818,4819930945,Stacy Orozco,43.0,Other,Hyderabad,MG Road Branch,NRI,413252.43,TXN100818,2022-02-08,Deposit,45084.73,Branch,Success,528.0,Student,2072434.19,No,petersonjoel@example.org,449-283-0748,False
957,CUST11152,8195219336,Russell Davis,28.0,Male,Mumbai,Andheri Branch,Current,143526.72,TXN101152,2024-07-14,Bill Payment,192868.58,Branch,Success,785.0,Student,1293522.87,No,patricksmith@example.org,(908)827-7056x46160,False
958,CUST10479,5453955027,Charlotte Gomez,43.0,Female,Jaipur,Kothrud Branch,Current,355716.62,TXN100479,2024-12-17,Deposit,84429.81,ATM,Success,574.0,Unemployed,1338841.76,No,jordanjames@example.net,826.417.0243x76545,False
959,CUST11450,5382730084,Mr. Ross Cox,33.0,Female,Pune,Salt Lake Branch,Savings,165417.77,TXN101450,2022-03-16,Withdrawal,141192.28,Branch,Success,735.0,Retired,1601208.75,Yes,bjones@example.net,341.636.2334x70407,False
960,CUST11980,7310481914,Joseph Rodriguez,45.0,Other,Hyderabad,MG Road Branch,Fixed Deposit,-3180.22,TXN101980,2025-11-28,ATM Withdrawal,121218.86,Branch,Success,597.0,Student,2359993.08,Yes,josephharper@example.net,(865)957-1364,False
961,CUST11030,6918017122,Sarah Walker,58.0,Female,Mumbai,Banjara Hills Branch,NRI,133915.05,TXN101030,2022-11-04,Bill Payment,75575.35,Branch,Success,452.0,Business Owner,1608295.33,No,calebday@example.org,(412)815-4815,False
962,CUST11147,6362493738,Kerry Gallegos,63.0,Other,Delhi,Anna Nagar Branch,NRI,287530.77,TXN101147,2023-11-03,Transfer,119918.79,Branch,Success,350.0,Salaried,1843234.57,No,teresaflores@example.com,001-472-762-0846x729,False
963,CUST11932,8566058745,Matthew James,34.0,Female,Jaipur,Koramangala Branch,Current,399724.58,TXN101932,2025-07-13,Bill Payment,153360.45,UPI,Success,819.0,Salaried,2635508.32,Yes,robin80@example.org,559-740-8593x565,False
964,CUST11867,9088891216,Crystal Fox,73.0,Female,Lucknow,Kothrud Branch,NRI,245180.72,TXN101867,2025-05-21,Loan EMI,100926.72,Branch,Success,715.0,Unemployed,2576517.36,Yes,austin67@example.org,366-539-0321x4303,False
965,CUST11554,5027097602,Michael Smith,57.0,Female,Ahmedabad,Connaught Place Branch,Fixed Deposit,250546.12,TXN101554,2023-03-03,Loan EMI,23849.09,POS,Failed,674.0,Student,2163292.66,Yes,nicole08@example.org,+1-848-242-2623x003,False
966,CUST11432,3071269557,Angela Ray,60.0,Other,Delhi,Banjara Hills Branch,Salary,461608.77,TXN101432,2025-07-29,Loan EMI,63810.48,ATM,Success,899.0,Student,631003.07,Yes,lewisallen@example.com,648-695-3829,False
967,CUST10531,6656559654,Benjamin Sandoval,42.0,Male,Delhi,Kothrud Branch,Current,129140.56,TXN100531,2022-06-05,Transfer,180300.1,ATM,Success,825.0,Retired,1984415.04,No,dustin51@example.org,505-337-9538x16493,False
968,CUST11319,3391508203,Tracy Baxter,40.0,Male,Ahmedabad,Kothrud Branch,Current,-130.45,TXN101319,2025-02-10,Bill Payment,36831.7,UPI,Success,485.0,Salaried,1418735.47,No,rodriguezmartin@example.com,275-680-8038,False
969,CUST11006,3491957707,Patrick Proctor,60.0,Male,Delhi,MG Road Branch,Current,499063.21,TXN101006,2022-04-06,ATM Withdrawal,14486.24,Branch,Success,523.0,Business Owner,2884289.47,Yes,djensen@example.com,519-252-9635,False
970,CUST11447,4165559286,Sandra Baker,36.0,Male,Ahmedabad,Koramangala Branch,Salary,102200.73,TXN101447,2022-04-15,Bill Payment,145561.9,Mobile App,Success,762.0,Unemployed,2894603.76,No,tuckerstacey@example.net,341.253.5977,False
971,CUST10241,6542943838,Arthur Johns,69.0,Other,Kolkata,Salt Lake Branch,Savings,42974.23,TXN100241,2022-04-04,Deposit,170407.15,UPI,Success,636.0,Business Owner,2699403.71,No,johnsonrandy@example.org,649-921-6433,False
972,CUST11298,6578769857,Donald Wood,60.0,Female,Delhi,MG Road Branch,Current,349255.08,TXN101298,2024-02-11,Transfer,139201.44,Branch,Success,474.0,Retired,2629151.19,Yes,allenkathryn@example.org,+1-829-559-4523x15828,False
973,CUST10968,2157960161,Melissa Martinez,19.0,Other,Delhi,Banjara Hills Branch,Savings,221421.12,TXN100968,2023-11-16,Loan EMI,122604.56,ATM,Success,591.0,Business Owner,295111.6,Yes,zwilson@example.com,(438)302-3621,False
974,CUST11758,4086925393,Debbie Scott,32.0,Male,Jaipur,Anna Nagar Branch,Current,94069.01,TXN101758,2024-01-30,Bill Payment,135941.53,Mobile App,Success,348.0,Student,2665966.68,Yes,jason63@example.org,205.261.4653x442,False
975,CUST11230,2367241184,Megan Beasley,31.0,Female,Hyderabad,Andheri Branch,Fixed Deposit,444035.97,TXN101230,2024-11-01,Loan EMI,92157.9,ATM,Success,810.0,Salaried,470421.56,Yes,taylortoni@example.org,(494)742-0315,False
976,CUST10973,3262198598,Megan Fitzgerald,60.0,Other,Lucknow,Koramangala Branch,NRI,388039.54,TXN100973,2023-05-18,Withdrawal,162995.62,Branch,Success,636.0,Retired,1006621.51,No,andersoncynthia@example.org,523-222-7752x135,False
977,CUST10873,6975638959,Gabriel Murphy,27.0,Female,Jaipur,Anna Nagar Branch,Current,87901.4,TXN100873,2023-02-03,Transfer,131619.54,Branch,Success,751.0,Salaried,2553753.56,No,robinsonglenn@example.net,(201)951-5325x94795,False
978,CUST10188,5998623100,Tiffany Mcclain,40.0,Other,Jaipur,Koramangala Branch,Current,182794.06,TXN100188,2023-07-05,ATM Withdrawal,177288.63,Mobile App,Success,739.0,Business Owner,1642984.5,No,andrewsmith@example.net,635.442.1689,False
979,CUST10247,7435820151,Glenn Collins DDS,38.0,Male,Ahmedabad,MG Road Branch,Savings,198737.03,TXN100247,2022-03-15,POS Purchase,100926.72,Mobile App,Success,611.0,Retired,1752647.83,No,steven05@example.org,001-520-846-1872x34601,False
980,CUST11103,3353553945,Dr. Mario Harris DDS,29.0,Male,Chennai,Koramangala Branch,NRI,241917.44,TXN101103,2025-11-05,Bill Payment,103748.87,POS,Failed,748.0,Business Owner,2098252.3,No,qbruce@example.org,(986)417-6822x512,False
981,CUST11610,2031926400,Xavier Webb,26.0,Other,Chennai,Anna Nagar Branch,Savings,246244.99,TXN101610,2022-07-29,POS Purchase,57575.3,UPI,Failed,548.0,Business Owner,370023.69,No,mariahkim@example.org,001-806-428-3345x5735,False
982,CUST12079,1098171183,Rick Mcdowell,28.0,Male,Lucknow,Banjara Hills Branch,NRI,411258.8,TXN102079,2024-05-11,Transfer,159583.67,Mobile App,Success,330.0,Self-Employed,1095122.14,No,cheyenne75@example.net,+1-980-796-2821x96087,False
983,CUST10463,9290691086,Charles Robinson,74.0,Female,Delhi,Anna Nagar Branch,Salary,353679.07,TXN100463,2024-06-05,Withdrawal,52118.18,ATM,Success,430.0,Student,2634286.74,No,jillsmith@example.net,001-912-466-2015,False
984,CUST10693,1636370429,James Henry,36.0,Female,Mumbai,Salt Lake Branch,Savings,288171.73,TXN100693,2022-03-11,ATM Withdrawal,130101.94,UPI,Success,343.0,Business Owner,2893970.1,No,jgarcia@example.com,+1-464-774-0803x149,False
985,CUST10303,2778069478,John Alvarez,29.0,Male,Delhi,Connaught Place Branch,Salary,469920.86,TXN100303,2025-12-06,ATM Withdrawal,16058.94,Internet Banking,Success,397.0,Salaried,2819861.94,No,noahthornton@example.com,728-860-4765x801,False
986,CUST10944,6984037689,Kurt Martinez,47.0,Other,Kolkata,Koramangala Branch,NRI,246244.99,TXN100944,2023-09-24,Loan EMI,189701.76,POS,Success,873.0,Unemployed,1874833.73,Yes,andersonnicole@example.com,(201)951-5325x94795,False
987,CUST10284,3072183247,Miss Sarah Duncan,41.0,Other,Jaipur,Kothrud Branch,Salary,494196.67,TXN100284,2025-03-29,Transfer,154850.19,Branch,Success,421.0,Unemployed,804848.22,Yes,hlopez@example.com,001-650-446-1735x743,False
988,CUST11353,6398066617,Christopher Odom,33.0,Female,Delhi,Andheri Branch,Current,378586.02,TXN101353,2023-08-24,Loan EMI,157314.37,Internet Banking,Success,447.0,Salaried,1996645.51,Yes,ashleyterry@example.com,272.395.4503,False
989,CUST11691,5567421301,Linda Welch,26.0,Female,Jaipur,Banjara Hills Branch,Savings,173945.41,TXN101691,2025-10-17,Withdrawal,137841.08,UPI,Success,651.0,Salaried,2025110.83,Yes,cwebb@example.org,(556)327-7402x1572,False
990,CUST10506,7960982010,Chloe Rodriguez,59.0,Male,Chennai,MG Road Branch,Fixed Deposit,133017.98,TXN100506,2023-05-29,Loan EMI,136015.56,ATM,Success,517.0,Retired,2545949.95,No,coxkimberly@example.com,2346281139,False
992,CUST10904,9939148379,Amber Chapman,49.0,Female,Lucknow,Koramangala Branch,Savings,221989.89,TXN100904,2023-01-31,Loan EMI,154000.64,UPI,Success,597.0,Student,852769.01,Yes,qmartinez@example.org,2497388194,False
993,CUST10322,8878930685,Lindsey Clarke,45.0,Male,Jaipur,Anna Nagar Branch,Savings,361211.83,TXN100322,2024-12-24,Bill Payment,37932.61,POS,Success,883.0,Unemployed,2850384.53,No,belindatran@example.org,268-873-9774,False
994,CUST11704,3077235724,William Robinson,61.0,Other,Mumbai,Banjara Hills Branch,Savings,201040.12,TXN101704,2025-10-31,POS Purchase,100926.72,UPI,Failed,429.0,Student,2724262.44,No,travisroberts@example.org,631.222.2395,False
995,CUST11723,3486826558,Spencer Robinson,23.0,Other,Ahmedabad,Andheri Branch,Current,254349.3,TXN101723,2023-07-30,Bill Payment,24859.24,Internet Banking,Success,849.0,Salaried,1422097.58,No,mary51@example.org,001-826-958-3879x6334,False
996,CUST10976,5802745844,James Martin,33.0,Female,Ahmedabad,Salt Lake Branch,NRI,103084.43,TXN100976,2024-05-30,Loan EMI,47060.51,Internet Banking,Success,468.0,Business Owner,603697.2,No,bjones@example.net,(570)880-5685x66706,False
997,CUST11578,8212430841,Rodney Johnson,39.0,Male,Bangalore,Koramangala Branch,Current,247801.64,TXN101578,2023-09-04,Loan EMI,100926.72,POS,Success,305.0,Self-Employed,901570.3,No,heathersummers@example.com,001-262-969-0222,False
998,CUST10622,8806371697,Michael Cordova,40.0,Male,Hyderabad,Kothrud Branch,Salary,466105.33,TXN100622,2025-12-27,Loan EMI,15320.08,Mobile App,Failed,452.0,Student,567778.9,Yes,bjones@example.net,(555)280-9961x327,False
999,CUST11455,7043598646,Tracy Hall,31.0,Male,Delhi,Anna Nagar Branch,Fixed Deposit,380318.04,TXN101455,2025-03-29,ATM Withdrawal,179267.89,Mobile App,Success,894.0,Retired,655337.35,Yes,lori39@example.org,643-509-7427,False
1000,CUST11207,1722621777,Keith Brown,59.0,Other,Delhi,Anna Nagar Branch,Salary,452986.7,TXN101207,2024-12-10,Loan EMI,24942.36,POS,Failed,304.0,Unemployed,1193219.91,Yes,bjones@example.net,(201)951-5325x94795,False
1001,CUST10123,3923699745,Melissa Miller,20.0,Other,Mumbai,Connaught Place Branch,Savings,217724.48,TXN100123,2024-05-07,Withdrawal,82621.37,Internet Banking,Success,597.0,Unemployed,2223095.98,Yes,brian63@example.org,899-496-5047x73586,False
1002,CUST11129,1736707936,Samuel Willis,23.0,Female,Chennai,Andheri Branch,Savings,313566.44,TXN101129,2025-09-14,ATM Withdrawal,51935.32,POS,Failed,385.0,Self-Employed,1202724.41,No,allenkimberly@example.com,(227)436-2732,False
1004,CUST10511,1822536398,Timothy Martin,70.0,Other,Hyderabad,Connaught Place Branch,Current,489960.16,TXN100511,2024-01-14,Deposit,56187.23,UPI,Success,514.0,Salaried,708847.36,No,barbara51@example.org,(974)274-7219,False
1005,CUST10281,4231461054,Sophia Hall,23.0,Female,Delhi,MG Road Branch,Fixed Deposit,258632.34,TXN100281,2024-01-29,Loan EMI,8735.48,POS,Success,793.0,Student,1148975.77,Yes,bjones@example.net,513.696.6055x830,False
1006,CUST11600,9584591001,Charles Collier,28.0,Male,Delhi,Anna Nagar Branch,Salary,138399.24,TXN101600,2022-04-09,Deposit,142011.8,Mobile App,Failed,523.0,Business Owner,296487.63,No,rodneylin@example.com,+1-688-797-9887x754,False
1007,CUST11449,3453514582,Daniel Nelson,21.0,Male,Ahmedabad,Kothrud Branch,Current,286316.66,TXN101449,2022-08-14,Deposit,155425.34,ATM,Success,765.0,Unemployed,2547584.29,No,zparker@example.net,257-739-5232x85558,False
1008,CUST11438,6670949394,Frank Martinez,35.0,Female,Mumbai,Salt Lake Branch,Savings,234370.82,TXN101438,2024-06-11,Loan EMI,26003.33,ATM,Success,838.0,Unemployed,2827269.91,Yes,tylerchristine@example.com,353-849-6551x564,False
1009,CUST11530,2828799704,Carol Perez,50.0,Male,Kolkata,Kothrud Branch,Savings,363745.83,TXN101530,2024-07-15,Deposit,191668.38,Branch,Success,605.0,Business Owner,588566.3,Yes,pricekeith@example.org,(201)951-5325x94795,False
1010,CUST10870,8280052162,Tony Price,45.0,Other,Hyderabad,Koramangala Branch,NRI,127057.09,TXN100870,2022-09-02,Bill Payment,164584.35,Internet Banking,Pending,868.0,Student,722246.29,Yes,richardlawrence@example.net,858.795.1381,False
1011,CUST11159,5659467369,Donald Morris,46.0,Female,Bangalore,Connaught Place Branch,Salary,320757.78,TXN101159,2025-10-21,ATM Withdrawal,33313.21,Internet Banking,Success,868.0,Retired,1231594.87,Yes,conleyantonio@example.org,681.646.0476x1437,False
1013,CUST11196,3765586586,George Hill,32.0,Other,Mumbai,MG Road Branch,Savings,491196.42,TXN101196,2023-08-13,ATM Withdrawal,124427.04,ATM,Success,312.0,Self-Employed,2116583.72,Yes,ann52@example.com,421.419.6047,False
1014,CUST11770,4928287802,Lawrence Lee,45.0,Female,Delhi,Banjara Hills Branch,Savings,104222.14,TXN101770,2022-06-30,POS Purchase,77740.53,Mobile App,Success,614.0,Student,2622702.35,Yes,uhampton@example.org,563.930.5754,False
1015,CUST10757,1764557476,Jessica Johnson,73.0,Female,Ahmedabad,Banjara Hills Branch,Fixed Deposit,102958.88,TXN100757,2025-02-20,Withdrawal,76522.36,Internet Banking,Failed,310.0,Self-Employed,1409929.62,Yes,hoffmanjanet@example.org,001-905-846-4754x89547,False
1016,CUST11382,6297849570,Carol Murray,32.0,Female,Lucknow,Koramangala Branch,NRI,436587.92,TXN101382,2024-10-26,Loan EMI,35795.08,Mobile App,Success,583.0,Retired,2433906.64,Yes,marissa72@example.net,001-561-269-4963x78811,False
1017,CUST10678,4587839741,Nicole Norman,51.0,Other,Delhi,Andheri Branch,Savings,45496.19,TXN100678,2023-11-19,Bill Payment,98157.84,Branch,Pending,563.0,Unemployed,1536505.94,No,megangates@example.com,(498)835-4116x597,False
1018,CUST10519,1826700966,Corey Frazier,24.0,Male,Lucknow,Anna Nagar Branch,NRI,246244.99,TXN100519,2023-02-01,POS Purchase,25240.03,POS,Success,731.0,Student,2215175.65,No,woodmichael@example.com,381-477-6655x8685,False
1019,CUST11035,4079453436,Michael Jackson,41.0,Other,Jaipur,Salt Lake Branch,Current,47566.91,TXN101035,2023-05-31,Deposit,92419.96,Mobile App,Success,598.0,Unemployed,1261160.43,No,brownmichael@example.org,001-428-653-8631x0505,False
1020,CUST11917,4574045817,Sharon Rivas,20.0,Female,Lucknow,MG Road Branch,Current,460566.39,TXN101917,2023-07-03,Transfer,58780.25,ATM,Success,733.0,Student,946050.78,Yes,bjones@example.net,466-333-4014,False
1021,CUST10068,5354747485,Richard Jones,52.0,Male,Ahmedabad,Banjara Hills Branch,Salary,290202.85,TXN100068,2025-07-31,Transfer,21713.8,Internet Banking,Success,874.0,Business Owner,2758479.34,Yes,schmidtjames@example.com,(923)912-4329x212,False
1022,CUST11304,5999455318,Sara Wallace,26.0,Female,Chennai,Salt Lake Branch,Fixed Deposit,141388.38,TXN101304,2025-05-17,Deposit,3664.73,POS,Success,847.0,Business Owner,1171922.39,Yes,mendezsierra@example.com,791.217.7666,False
1023,CUST10333,6605439330,Kimberly Romero,48.0,Male,Kolkata,Connaught Place Branch,NRI,101997.03,TXN100333,2025-01-24,POS Purchase,150083.51,POS,Success,444.0,Unemployed,2141452.41,Yes,thomas49@example.net,(397)651-7028,False
1024,CUST10569,9661361196,Stephanie Bolton,41.0,Male,Kolkata,Kothrud Branch,Current,301415.32,TXN100569,2024-03-30,ATM Withdrawal,122537.84,Mobile App,Success,787.0,Unemployed,2592735.0,Yes,catherinemendoza@example.org,+1-511-648-3753x74584,False
1025,CUST10337,4487053308,Mark Nelson,58.0,Female,Pune,MG Road Branch,NRI,474303.79,TXN100337,2023-04-07,Withdrawal,68390.14,Branch,Success,389.0,Unemployed,1239290.3,Yes,angelapage@example.org,(201)951-5325x94795,False
1026,CUST10913,3362365523,Steven Vazquez,20.0,Male,Lucknow,MG Road Branch,Current,110900.53,TXN100913,2024-10-03,Deposit,69908.84,Mobile App,Success,676.0,Retired,2710950.07,Yes,mathewbennett@example.org,001-579-662-4096x49668,False
1027,CUST11195,2459362422,Mr. Vincent Hansen,46.0,Female,Chennai,Kothrud Branch,Savings,381317.41,TXN101195,2025-12-13,Withdrawal,168912.74,Branch,Success,350.0,Business Owner,2168646.42,No,carlsonblake@example.net,001-819-891-8431x132,False
1028,CUST10473,3441842200,Carolyn Potts,53.0,Male,Chennai,Anna Nagar Branch,NRI,209581.33,TXN100473,2022-07-13,Bill Payment,132188.01,POS,Success,663.0,Business Owner,1818868.47,Yes,zwhite@example.net,+1-888-696-7924x08222,False
1029,CUST10902,9462935432,Jeffrey King,22.0,Male,Ahmedabad,Banjara Hills Branch,Fixed Deposit,119285.48,TXN100902,2023-10-31,ATM Withdrawal,46726.0,ATM,Success,787.0,Business Owner,1628178.1099999999,No,bjones@example.net,839.462.7466,False
1030,CUST11356,8267264164,Ruth Hernandez,55.0,Other,Kolkata,Anna Nagar Branch,Fixed Deposit,13712.97,TXN101356,2022-08-05,Deposit,115015.74,Mobile App,Success,849.0,Retired,2778233.95,Yes,ypittman@example.org,+1-751-308-5738x38554,False
1031,CUST11858,7558720193,Jennifer Pena,37.0,Female,Mumbai,Andheri Branch,Savings,69305.49,TXN101858,2022-11-23,ATM Withdrawal,140676.5,Mobile App,Success,800.0,Business Owner,998038.72,No,briannamorris@example.net,+1-849-297-7070,False
1032,CUST10478,3025030698,Daniel Rojas,73.0,Other,Lucknow,Connaught Place Branch,Current,143889.86,TXN100478,2024-03-13,Deposit,100926.72,Mobile App,Success,742.0,Student,2568556.34,No,trobinson@example.net,207.797.0509x75451,False
1033,CUST11827,5150532363,Kenneth Campbell,61.0,Female,Delhi,MG Road Branch,Current,274071.52,TXN101827,2025-08-20,ATM Withdrawal,107998.01,UPI,Success,755.0,Unemployed,1372192.54,No,campbellalison@example.org,+1-730-318-6432x31456,False
1034,CUST11989,1140755153,Aaron Zamora,18.0,Other,Delhi,Kothrud Branch,Salary,451755.91,TXN101989,2025-05-20,Bill Payment,53842.63,Branch,Success,641.0,Unemployed,805694.26,No,richard03@example.org,726.973.5490x47986,False
1035,CUST10133,3964774623,Michael Flores,58.0,Female,Kolkata,Connaught Place Branch,Current,478467.07,TXN100133,2024-09-06,Withdrawal,91022.99,POS,Success,862.0,Student,2308448.99,Yes,bradley10@example.com,+1-812-438-2825x8673,False
1036,CUST11996,3284378573,Matthew Gonzalez,74.0,Male,Delhi,Andheri Branch,Fixed Deposit,128672.1,TXN101996,2023-12-10,POS Purchase,193562.74,Branch,Success,597.0,Salaried,1104597.45,No,stoutjennifer@example.org,441-306-6788x4573,False
1037,CUST10982,1541637230,Michael Le,64.0,Male,Hyderabad,Banjara Hills Branch,Salary,287531.5,TXN100982,2024-09-13,Bill Payment,82005.62,UPI,Success,865.0,Unemployed,1824861.77,Yes,jennifer53@example.com,865.397.4669,False
1038,CUST11574,1593158202,Carl Adams,36.0,Other,Mumbai,Anna Nagar Branch,Salary,393071.98,TXN101574,2022-02-25,Bill Payment,81801.09,Mobile App,Success,377.0,Business Owner,1061311.73,Yes,bjones@example.net,309-935-5557x02006,False
1039,CUST10257,5141593270,Yesenia Kirk,36.0,Female,Delhi,Anna Nagar Branch,Current,481050.0,TXN100257,2024-11-18,Deposit,75470.79,Branch,Success,570.0,Self-Employed,608647.22,No,bduran@example.net,293-698-3684x57760,False
1040,CUST10551,3979507921,Keith Fuller,39.0,Male,Kolkata,Kothrud Branch,Savings,164228.14,TXN100551,2025-05-31,POS Purchase,89809.87,Branch,Success,538.0,Retired,1824285.36,Yes,nicholasliu@example.com,828-975-8575,False
1041,CUST11282,2227662866,Richard Miller,22.0,Female,Pune,Connaught Place Branch,Savings,71575.56,TXN101282,2023-10-13,Transfer,151502.3,UPI,Success,538.0,Student,846436.69,Yes,hturner@example.net,(319)742-3215x4013,False
1042,CUST10899,1407361360,Robert Murray,43.0,Female,Delhi,Koramangala Branch,Salary,94867.02,TXN100899,2024-10-15,Bill Payment,31705.35,POS,Success,494.0,Student,1879451.25,No,rodriguezangela@example.org,410.830.6831x76417,False
1043,CUST10290,8276498637,Steven Scott,42.0,Other,Ahmedabad,Connaught Place Branch,Salary,246244.99,TXN100290,2024-07-28,ATM Withdrawal,92171.05,POS,Failed,793.0,Salaried,884786.33,No,philip55@example.com,401.371.5772x4599,False
1045,CUST10778,1343636531,Sheila Mendoza,18.0,Female,Lucknow,Koramangala Branch,Current,255022.62,TXN100778,2025-06-12,ATM Withdrawal,174447.43,Branch,Success,588.0,Salaried,496421.62,No,mark48@example.org,7122840083,False
1046,CUST10054,7625389037,Michael Chambers,44.0,Male,Bangalore,Banjara Hills Branch,NRI,246244.99,TXN100054,2025-07-04,Bill Payment,152010.11,Internet Banking,Success,597.0,Business Owner,1398630.87,No,xcarson@example.org,+1-437-209-8593x17461,False
1047,CUST10558,5603945749,Kelly Palmer,26.0,Other,Ahmedabad,Connaught Place Branch,Current,457646.63,TXN100558,2022-01-09,Deposit,172337.94,UPI,Success,803.0,Student,2788219.55,No,dianabell@example.net,001-857-924-4617,False
1048,CUST10041,2936179853,Michael Valencia,66.0,Female,Lucknow,Salt Lake Branch,Salary,9493.5,TXN100041,2023-10-28,Withdrawal,97535.61,ATM,Success,648.0,Business Owner,2658911.94,No,keyemily@example.com,001-802-978-7429,False
1049,CUST11498,1580918448,Tonya Holland,56.0,Female,Kolkata,Andheri Branch,Current,382533.25,TXN101498,2024-07-31,Loan EMI,74236.94,Branch,Success,597.0,Self-Employed,2593784.13,Yes,christina67@example.com,(201)951-5325x94795,False
1050,CUST10262,5072538783,Deborah Ross,28.0,Other,Jaipur,MG Road Branch,Savings,101444.64,TXN100262,2025-07-13,Loan EMI,42674.37,UPI,Success,406.0,Self-Employed,1682599.51,No,iayala@example.org,683.876.9389x8331,False
1051,CUST11107,5918528060,Mary Hill,21.0,Other,Delhi,Andheri Branch,Savings,246244.99,TXN101107,2022-08-30,Loan EMI,137372.85,Branch,Pending,719.0,Student,2295080.59,Yes,dawn11@example.org,+1-697-538-8182x73063,False
1052,CUST10084,5604529187,Heather Williams,73.0,Other,Chennai,Salt Lake Branch,Savings,227175.9,TXN100084,2022-06-09,Loan EMI,62646.47,Branch,Success,727.0,Business Owner,478244.11,Yes,christina64@example.net,(201)951-5325x94795,False
1053,CUST11677,7286971214,Carlos Stephens,55.0,Other,Bangalore,Banjara Hills Branch,NRI,265407.63,TXN101677,2022-10-05,Transfer,68312.61,Branch,Success,455.0,Student,1069740.81,No,osmith@example.net,450-602-9573x80101,False
1054,CUST12018,2772019437,Daniel Adams,58.0,Other,Lucknow,Banjara Hills Branch,Current,24874.23,TXN102018,2022-09-21,ATM Withdrawal,9487.34,Internet Banking,Success,329.0,Unemployed,484385.51,No,vjohnston@example.net,(651)997-3665,False
1055,CUST11065,1483699333,Lisa Stark,66.0,Female,Bangalore,Banjara Hills Branch,Current,231202.49,TXN101065,2025-01-23,POS Purchase,195287.8,Branch,Success,523.0,Student,1628178.1099999999,No,marthagriffin@example.net,5557286693,False
1056,CUST10031,7852415525,Miguel Jones,66.0,Female,Lucknow,Salt Lake Branch,NRI,220186.37,TXN100031,2022-11-22,ATM Withdrawal,172305.91,Branch,Success,553.0,Unemployed,940337.36,No,curtisbarton@example.net,+1-819-905-8651x850,False
1057,CUST11165,8892047261,Melissa Brown,24.0,Other,Ahmedabad,Andheri Branch,Salary,185305.29,TXN101165,2022-03-16,Loan EMI,17953.87,UPI,Pending,853.0,Unemployed,2895994.67,No,whubbard@example.org,+1-367-806-6320,False
1058,CUST11937,7781190843,Nicole Johnson,66.0,Female,Mumbai,Andheri Branch,Salary,358504.89,TXN101937,2023-07-06,ATM Withdrawal,17113.41,Mobile App,Success,521.0,Student,2895049.68,No,dixondonald@example.com,934.561.1897,False
1059,CUST11818,9332739977,John Kim MD,45.0,Other,Hyderabad,MG Road Branch,Fixed Deposit,269213.0,TXN101818,2025-12-06,POS Purchase,35660.69,POS,Success,400.0,Student,2726016.38,Yes,robinsontimothy@example.net,923-498-1893,False
1060,CUST11021,7329622374,Ian Weaver,18.0,Male,Kolkata,MG Road Branch,NRI,83423.35,TXN101021,2024-05-10,Deposit,17011.22,Internet Banking,Success,457.0,Student,459053.21,Yes,rmoore@example.com,+1-825-681-2259x0956,False
1061,CUST11843,9024206254,Derek Lozano,25.0,Other,Hyderabad,Koramangala Branch,NRI,428686.55,TXN101843,2025-04-16,Transfer,140196.86,Branch,Success,522.0,Student,1692993.7,No,loricooley@example.com,327.783.9692,False
1062,CUST11082,2671071007,Amanda Davis,54.0,Male,Pune,Connaught Place Branch,Current,168379.15,TXN101082,2025-05-30,Loan EMI,137303.17,Mobile App,Success,816.0,Salaried,1745810.53,No,derrickmoses@example.net,9074397130,False
1064,CUST10049,2250949136,Rebecca Jackson,32.0,Female,Hyderabad,Kothrud Branch,Savings,342129.38,TXN100049,2023-06-26,Loan EMI,158259.99,POS,Success,502.0,Student,477112.46,Yes,lynchpatrick@example.net,279.923.7474,False
1065,CUST11376,4250698831,Michael Brooks,65.0,Other,Delhi,Kothrud Branch,Current,194091.75,TXN101376,2022-01-08,POS Purchase,78427.32,Branch,Success,696.0,Business Owner,2805864.59,No,william19@example.com,+1-763-864-7046,False
1066,CUST10894,1325471606,Erin Taylor,29.0,Female,Bangalore,Andheri Branch,Fixed Deposit,315824.95,TXN100894,2025-04-28,Transfer,120330.72,POS,Success,523.0,Student,865206.93,No,nicholas09@example.org,001-955-261-0399x529,False
1067,CUST10154,1230624431,Jose Williams,45.0,Male,Mumbai,Banjara Hills Branch,NRI,383347.85,TXN100154,2025-05-04,Bill Payment,193785.66,ATM,Success,579.0,Student,1548219.85,No,bjones@example.net,001-945-718-7053x49493,False
1068,CUST10395,2392578489,Danielle Murphy,61.0,Other,Jaipur,Andheri Branch,Salary,246244.99,TXN100395,2023-03-13,Loan EMI,9165.03,Internet Banking,Success,423.0,Business Owner,552524.89,No,mackenzieward@example.org,(566)911-0627,False
1069,CUST10269,6659847491,Lauren Sutton,46.0,Female,Lucknow,Koramangala Branch,NRI,71959.46,TXN100269,2025-03-06,Transfer,161549.57,Branch,Success,620.0,Self-Employed,2389131.32,No,michelleparker@example.net,226.729.2518x81252,False
1070,CUST10386,2105252271,David Robinson,67.0,Male,Hyderabad,MG Road Branch,Fixed Deposit,191238.17,TXN100386,2022-05-04,Transfer,191123.36,Branch,Success,371.0,Student,2941352.64,Yes,bjones@example.net,(201)951-5325x94795,False
1071,CUST10042,3387104291,Julie Ortiz,51.0,Male,Mumbai,Connaught Place Branch,Fixed Deposit,241731.81,TXN100042,2023-05-08,ATM Withdrawal,95244.82,UPI,Success,317.0,Salaried,988571.41,No,elizabeth25@example.com,001-874-268-0715x451,False
1072,CUST10598,5541913879,Daniel Russell,18.0,Other,Ahmedabad,Banjara Hills Branch,Salary,173715.84,TXN100598,2022-01-11,Transfer,178044.75,Internet Banking,Success,309.0,Salaried,1377790.88,Yes,timothy88@example.org,(907)765-8173x9063,False
1073,CUST10681,6046381494,Mary Hill,61.0,Female,Kolkata,Salt Lake Branch,NRI,205733.61,TXN100681,2023-07-20,Transfer,38155.0,POS,Success,651.0,Retired,500439.6,No,swalker@example.org,937.932.0430,False
1074,CUST11547,5913350353,Emily Bailey,53.0,Other,Bangalore,Connaught Place Branch,Salary,452170.98,TXN101547,2024-11-13,ATM Withdrawal,185942.9,Branch,Success,765.0,Salaried,841439.66,No,wiserenee@example.net,(378)479-0259,False
1075,CUST10525,3381580667,Joseph Sanchez,29.0,Other,Chennai,Andheri Branch,Salary,454877.72,TXN100525,2022-02-12,Loan EMI,100926.72,Branch,Success,413.0,Business Owner,2817925.2,No,qtownsend@example.org,612-609-1179x112,False
1076,CUST11216,3280137701,Angela Holloway,25.0,Male,Hyderabad,Connaught Place Branch,NRI,409694.87,TXN101216,2022-05-17,POS Purchase,77450.52,Internet Banking,Success,383.0,Self-Employed,1628178.1099999999,No,bjones@example.net,4278406758,False
1077,CUST10776,5649905416,Nicole Cole,61.0,Other,Mumbai,Salt Lake Branch,Savings,76246.31,TXN100776,2022-09-21,POS Purchase,101418.74,UPI,Success,797.0,Unemployed,2885775.0,No,deborahturner@example.org,(703)574-7677,False
1078,CUST11601,6091881739,Sophia Blake,22.0,Female,Jaipur,Koramangala Branch,Salary,165253.26,TXN101601,2023-10-24,Withdrawal,151544.1,Branch,Success,376.0,Salaried,545952.45,No,youngadam@example.net,(993)760-5962,False
1079,CUST11017,4835847054,Alan Rivera,23.0,Female,Bangalore,Anna Nagar Branch,Savings,401734.98,TXN101017,2025-05-10,POS Purchase,149296.23,Internet Banking,Success,597.0,Retired,626057.53,Yes,bjones@example.net,8339467711,False
1081,CUST11738,6626423858,Donald Anderson,35.0,Male,Hyderabad,Koramangala Branch,Current,333048.04,TXN101738,2025-09-30,Deposit,31510.52,ATM,Success,676.0,Salaried,2138463.98,No,miranda18@example.com,(755)276-8815,False
1082,CUST11262,5139671436,Anne Kramer,53.0,Female,Mumbai,Connaught Place Branch,Savings,126851.19,TXN101262,2024-01-09,POS Purchase,100926.72,ATM,Success,706.0,Student,780668.71,Yes,powelltimothy@example.org,414-459-9201x66338,False
1083,CUST10226,1036351450,Aaron Manning,34.0,Other,Hyderabad,Koramangala Branch,Fixed Deposit,447218.9,TXN100226,2023-12-16,Bill Payment,50437.14,Branch,Success,833.0,Retired,1281884.74,Yes,lanedavid@example.org,(735)665-1269x4486,False
1084,CUST11422,3770724107,Corey Davis,45.0,Male,Hyderabad,Koramangala Branch,Savings,76654.61,TXN101422,2025-04-02,Deposit,100926.72,ATM,Success,702.0,Business Owner,2736869.54,Yes,phillipsrichard@example.org,515.255.3015,False
1085,CUST11501,6202757478,David Andrews,74.0,Female,Kolkata,Salt Lake Branch,Fixed Deposit,246244.99,TXN101501,2022-12-10,POS Purchase,100926.72,ATM,Success,805.0,Retired,1560868.46,No,ramirezmelissa@example.net,001-392-552-8783x57338,False
1086,CUST11154,5266506730,Marvin Sparks,18.0,Other,Chennai,Anna Nagar Branch,Fixed Deposit,292349.01,TXN101154,2024-03-22,Bill Payment,142207.86,POS,Success,381.0,Self-Employed,1796842.78,No,justin16@example.com,(931)465-4413,False
1089,CUST10206,4463656690,Kimberly Morrison,39.0,Other,Delhi,Banjara Hills Branch,Savings,6066.01,TXN100206,2025-04-16,ATM Withdrawal,183448.97,Mobile App,Success,673.0,Salaried,1214733.72,No,kellythompson@example.net,622-481-6064,False
1090,CUST11028,4089049607,Brandi Valdez,40.0,Other,Pune,Anna Nagar Branch,NRI,321031.55,TXN101028,2023-08-22,Transfer,31896.93,POS,Success,890.0,Retired,1628178.1099999999,No,bjones@example.net,463-802-9559x63637,False
1091,CUST11912,9433047115,Gina Adams,22.0,Male,Pune,MG Road Branch,Current,79753.99,TXN101912,2024-07-12,Transfer,46786.87,Mobile App,Success,869.0,Salaried,1140896.38,No,grojas@example.com,9929176451,False
1092,CUST12063,4242492816,Mr. Christopher Pham,43.0,Female,Lucknow,MG Road Branch,NRI,246244.99,TXN102063,2024-04-11,Bill Payment,145616.17,Internet Banking,Success,669.0,Unemployed,2554224.6,Yes,beverly86@example.com,470.855.4899x071,False
1093,CUST11047,5253126856,Scott Cooley,51.0,Male,Kolkata,Salt Lake Branch,Fixed Deposit,441692.5,TXN101047,2022-07-01,Loan EMI,174253.48,Mobile App,Success,766.0,Salaried,1063077.91,Yes,robert30@example.org,750.500.3056x619,False
1094,CUST10694,7263566321,Kimberly Williams,18.0,Male,Kolkata,Connaught Place Branch,Salary,450788.01,TXN100694,2024-12-11,Bill Payment,102633.38,Internet Banking,Success,660.0,Unemployed,2199745.96,No,paul58@example.org,+1-368-582-8503x17235,False
1095,CUST11133,2731857559,Jason Ellis,66.0,Other,Mumbai,Andheri Branch,NRI,444949.92,TXN101133,2025-10-13,Loan EMI,118106.47,Internet Banking,Success,733.0,Retired,2725863.12,Yes,sabrina69@example.org,272-594-7638,False
1096,CUST11227,4962699885,Monica Chavez,18.0,Female,Hyderabad,Andheri Branch,Current,180811.08,TXN101227,2025-04-20,Deposit,53175.73,Branch,Success,592.0,Salaried,2993434.31,No,rickywilliams@example.net,542-238-6020x5089,False
1097,CUST11460,7074309042,Thomas Lopez,50.0,Male,Pune,Salt Lake Branch,Salary,329978.46,TXN101460,2025-10-20,Deposit,68780.78,UPI,Success,353.0,Salaried,1231898.97,No,mcdanieldrew@example.org,+1-381-693-7684,False
1099,CUST11229,1970686139,James Nelson,61.0,Male,Chennai,Anna Nagar Branch,Fixed Deposit,469774.07,TXN101229,2023-12-31,Withdrawal,28460.65,Mobile App,Success,862.0,Student,413277.55,No,evansrobin@example.com,956.574.8095,False
1100,CUST10158,2635231601,Jason Herrera,26.0,Female,Delhi,Koramangala Branch,Fixed Deposit,68697.08,TXN100158,2022-12-09,Bill Payment,55228.58,ATM,Success,378.0,Business Owner,867344.25,Yes,shannonford@example.org,524-790-3521,False
1101,CUST11222,2132452825,Joseph Cruz,30.0,Other,Kolkata,Connaught Place Branch,Current,358683.54,TXN101222,2023-07-31,Bill Payment,194822.96,Internet Banking,Failed,597.0,Business Owner,1665141.94,Yes,archerjames@example.net,795-864-7998x460,False
1102,CUST10306,7717262223,Barbara Gates,51.0,Other,Jaipur,Koramangala Branch,Salary,238234.1,TXN100306,2023-04-11,Loan EMI,17956.33,ATM,Success,566.0,Self-Employed,1015182.81,Yes,nicholasgallagher@example.net,001-621-824-4717,False
1103,CUST10657,6784392038,Danny Simmons,57.0,Other,Jaipur,MG Road Branch,Current,258483.02,TXN100657,2023-06-06,Deposit,38609.41,Mobile App,Success,830.0,Retired,2318738.78,Yes,melissa95@example.net,239.259.2323x421,False
1104,CUST10400,2946254259,Maria Cline,24.0,Other,Chennai,Andheri Branch,Current,246244.99,TXN100400,2024-09-20,POS Purchase,100926.72,Internet Banking,Success,893.0,Business Owner,1344338.88,No,armstronglaura@example.net,981-281-3989x0983,False
1105,CUST10799,4865487796,Diana Miller,40.0,Other,Delhi,Banjara Hills Branch,NRI,184053.1,TXN100799,2024-09-20,ATM Withdrawal,33865.72,POS,Success,795.0,Student,190562.9,Yes,gomezpaul@example.org,+1-440-591-1225,False
1106,CUST12077,3872118600,Robin Williams,45.0,Female,Chennai,Banjara Hills Branch,Current,246244.99,TXN102077,2025-07-12,Loan EMI,90087.93,UPI,Pending,738.0,Retired,1658560.44,Yes,hullmario@example.org,345-517-3658x54059,False
1107,CUST10619,9829918066,Derrick Ray,62.0,Female,Jaipur,Anna Nagar Branch,Savings,411587.08,TXN100619,2022-07-30,POS Purchase,59382.86,POS,Failed,725.0,Self-Employed,153449.7,Yes,martingarrett@example.com,(201)951-5325x94795,False
1108,CUST10509,9631074408,Joel Mcclure,29.0,Female,Jaipur,Kothrud Branch,Fixed Deposit,266756.38,TXN100509,2025-08-22,ATM Withdrawal,15550.75,Mobile App,Failed,755.0,Unemployed,501734.44,No,cisnerosjesse@example.org,+1-822-288-9857x25459,False
1109,CUST11749,8065462614,Phillip Gonzalez,60.0,Female,Jaipur,Salt Lake Branch,Fixed Deposit,222236.81,TXN101749,2025-01-08,POS Purchase,100926.72,Branch,Success,409.0,Student,2145798.22,Yes,davismike@example.org,(502)564-0093,False
1110,CUST10737,1497439597,Lisa Vincent,47.0,Female,Mumbai,Banjara Hills Branch,Fixed Deposit,246244.99,TXN100737,2024-09-17,Loan EMI,160954.03,Branch,Success,540.0,Salaried,979151.17,Yes,sarah47@example.com,001-292-610-5336x5146,False
1111,CUST11325,1769443881,Melody Rogers,22.0,Female,Lucknow,Kothrud Branch,NRI,302647.37,TXN101325,2025-09-18,Loan EMI,100926.72,Mobile App,Success,606.0,Retired,1690276.54,No,jonesmark@example.com,(968)479-3030x28532,False
1112,CUST11938,1050893026,Joseph Curtis,63.0,Other,Pune,Andheri Branch,Salary,193437.16,TXN101938,2025-08-30,Bill Payment,172575.9,Mobile App,Success,673.0,Retired,981241.39,Yes,wendy33@example.net,704.619.1716x03330,False
1113,CUST11158,7301679332,Philip Barnes,65.0,Male,Bangalore,Anna Nagar Branch,Savings,65671.57,TXN101158,2023-02-01,Withdrawal,186934.22,Branch,Success,850.0,Retired,2331247.47,No,campbelltaylor@example.org,464.310.0953x85574,False
1114,CUST10868,2330319954,Calvin Ramirez,74.0,Other,Hyderabad,Salt Lake Branch,Savings,205023.12,TXN100868,2024-04-27,Bill Payment,55653.43,Internet Banking,Success,799.0,Business Owner,1860369.44,No,kimberlycooper@example.com,642-486-7963x259,False
1115,CUST10460,3577335953,Joshua Murray,70.0,Female,Bangalore,Salt Lake Branch,Current,201304.67,TXN100460,2022-10-26,Deposit,58074.08,ATM,Success,761.0,Self-Employed,1203467.56,No,lisaphillips@example.org,972.594.2095x4814,False
1116,CUST11545,1774840914,Lance Murray,58.0,Other,Lucknow,MG Road Branch,Salary,367805.01,TXN101545,2025-01-25,Loan EMI,109387.22,Internet Banking,Failed,852.0,Retired,1984189.9,Yes,cassidy99@example.com,(625)529-6444,False
1117,CUST10063,9165632300,Donald Farmer,61.0,Other,Delhi,Anna Nagar Branch,Fixed Deposit,472344.0,TXN100063,2025-04-18,Transfer,127805.79,Branch,Success,767.0,Business Owner,717768.45,No,michael22@example.net,+1-661-720-1836x67525,False
1118,CUST10600,8899980156,Johnny Jenkins,45.0,Male,Kolkata,Salt Lake Branch,Savings,176414.56,TXN100600,2025-12-23,Withdrawal,22177.6,ATM,Success,704.0,Student,2270183.36,Yes,mary05@example.net,001-996-704-3878,False
1119,CUST11173,9533161854,Aaron Giles,18.0,Female,Jaipur,Banjara Hills Branch,Savings,246244.99,TXN101173,2025-04-26,Transfer,154496.56,Branch,Success,315.0,Business Owner,2353065.9,Yes,ballnicole@example.com,427-266-2080,False
1120,CUST11833,5382727060,Kayla Steele,68.0,Female,Lucknow,MG Road Branch,NRI,358255.66,TXN101833,2024-09-23,ATM Withdrawal,3142.39,ATM,Success,417.0,Unemployed,2889785.05,No,nancy28@example.net,9505750781,False
1121,CUST10458,2986099771,Madeline Vasquez,34.0,Other,Delhi,MG Road Branch,Fixed Deposit,307092.05,TXN100458,2025-05-14,Transfer,29892.78,ATM,Success,880.0,Salaried,190227.48,No,monica99@example.org,+1-356-768-6334x1411,False
1122,CUST11134,8525455135,Amanda Sanders,55.0,Other,Ahmedabad,MG Road Branch,Salary,16783.02,TXN101134,2023-12-28,Withdrawal,142690.73,ATM,Failed,390.0,Retired,1628178.1099999999,No,jordan25@example.net,001-498-351-9393x2727,False
1123,CUST11118,4303503629,Timothy Robinson,69.0,Other,Mumbai,MG Road Branch,Current,8455.93,TXN101118,2024-04-24,POS Purchase,46008.69,Branch,Success,392.0,Student,611341.92,Yes,brandon84@example.org,531-298-3924x8481,False
1125,CUST10791,5290285300,Anthony Randall,56.0,Other,Pune,MG Road Branch,Salary,302955.32,TXN100791,2022-12-07,POS Purchase,125117.75,UPI,Success,679.0,Salaried,2267451.32,No,perry77@example.net,(357)925-6592x0246,False
1126,CUST11883,9050856851,Jonathan Flores,25.0,Female,Ahmedabad,Banjara Hills Branch,Salary,245569.71,TXN101883,2022-09-06,Bill Payment,86476.93,Branch,Success,597.0,Unemployed,2001346.11,No,oromero@example.net,285.271.0933x853,False
1127,CUST11385,1251058730,Stephanie Hoover,28.0,Male,Bangalore,Anna Nagar Branch,NRI,220594.51,TXN101385,2025-04-27,POS Purchase,100926.72,Mobile App,Success,582.0,Salaried,2824321.43,Yes,erinstark@example.net,001-312-474-3922x55174,False
1128,CUST10761,8148953034,Benjamin Martinez,44.0,Other,Chennai,Anna Nagar Branch,Current,411649.01,TXN100761,2024-10-24,Withdrawal,145804.97,Mobile App,Success,345.0,Business Owner,1884307.72,No,zli@example.org,834-577-8948,False
1129,CUST10955,6177452419,Darren Morse,27.0,Other,Mumbai,Salt Lake Branch,Current,392975.33,TXN100955,2023-03-01,Withdrawal,62876.65,Branch,Success,597.0,Self-Employed,1231415.57,No,richard28@example.org,750-877-4065x79551,False
1130,CUST10651,2439200321,James Grant,54.0,Other,Bangalore,Salt Lake Branch,Current,306215.3,TXN100651,2024-03-16,Loan EMI,10363.62,POS,Success,699.0,Unemployed,645094.22,No,laurenwilliamson@example.com,511-632-5797x067,False
1131,CUST11934,8312098137,Christopher Hahn,56.0,Other,Chennai,Salt Lake Branch,Current,388899.37,TXN101934,2024-12-22,Bill Payment,185817.81,Mobile App,Success,664.0,Retired,429211.5,Yes,robert90@example.org,+1-575-822-7929x49652,False
1133,CUST10565,6119106378,Victoria Delgado,75.0,Female,Ahmedabad,Anna Nagar Branch,Current,35303.95,TXN100565,2022-06-25,Bill Payment,24980.08,Mobile App,Success,899.0,Self-Employed,1512006.79,Yes,morganjose@example.com,001-302-838-5037x19905,False
1134,CUST11484,2490840217,Rebecca Thompson,35.0,Female,Pune,Connaught Place Branch,Salary,13704.9,TXN101484,2022-05-31,POS Purchase,158967.43,POS,Success,654.0,Retired,2264664.71,Yes,wellselizabeth@example.com,241-260-3328x8807,False
1135,CUST10957,5679198972,Melissa Thomas,34.0,Female,Bangalore,Koramangala Branch,Salary,455357.32,TXN100957,2023-06-17,Bill Payment,100926.72,Internet Banking,Failed,829.0,Retired,1663169.2,Yes,janet76@example.org,+1-422-406-9535x41201,False
1136,CUST10742,1104128742,Angelica King,58.0,Other,Bangalore,MG Road Branch,Salary,373707.27,TXN100742,2024-02-13,ATM Withdrawal,80180.15,UPI,Failed,386.0,Salaried,360587.19,No,marvinhoward@example.com,482.505.8295x829,False
1137,CUST11351,8105372696,Kelly Allen,28.0,Other,Mumbai,Anna Nagar Branch,Current,267970.61,TXN101351,2024-02-19,POS Purchase,100926.72,POS,Success,377.0,Unemployed,1261065.54,Yes,valencialisa@example.com,(587)608-9432x698,False
1138,CUST10232,6155234610,Tracy Hart,45.0,Other,Ahmedabad,Andheri Branch,Salary,430508.94,TXN100232,2023-01-05,Loan EMI,16208.25,ATM,Success,481.0,Business Owner,1958322.06,Yes,katherineali@example.com,+1-279-607-1416x33565,False
1139,CUST11488,8129952678,Robert Lin,52.0,Other,Chennai,Andheri Branch,Fixed Deposit,157456.45,TXN101488,2025-05-30,ATM Withdrawal,100926.72,Branch,Success,747.0,Unemployed,1860892.48,Yes,sean92@example.org,(967)214-8581,False
1140,CUST10383,7528145504,Mark Tyler,61.0,Other,Delhi,Banjara Hills Branch,NRI,341.88,TXN100383,2022-01-18,Loan EMI,100926.72,Branch,Success,406.0,Unemployed,1420935.28,Yes,christophercarrillo@example.org,560.612.2777x0793,False
1141,CUST11907,6203002330,Johnathan Gross,22.0,Male,Bangalore,Koramangala Branch,Savings,136856.36,TXN101907,2023-02-10,Loan EMI,13998.62,Mobile App,Success,875.0,Unemployed,445170.75,Yes,bjones@example.net,(201)951-5325x94795,False
1142,CUST10073,7824071339,Erin Anderson,19.0,Male,Hyderabad,MG Road Branch,Current,369567.62,TXN100073,2024-12-13,Deposit,149145.77,Branch,Success,670.0,Retired,1841948.15,No,lucasrodney@example.com,4544235733,False
1143,CUST11095,3231624631,Miranda Sanchez,44.0,Female,Ahmedabad,Andheri Branch,Current,357360.01,TXN101095,2024-08-06,Transfer,4893.87,Internet Banking,Success,713.0,Student,2162575.07,No,gmiller@example.net,451-698-5458,False
1144,CUST11543,6197472816,James Little,50.0,Male,Kolkata,Anna Nagar Branch,Salary,244526.81,TXN101543,2022-04-29,POS Purchase,116227.13,ATM,Success,699.0,Self-Employed,1304213.05,Yes,mariamoore@example.com,816-993-6835x991,False
1145,CUST11779,3288461325,Isabella Allen,60.0,Other,Mumbai,MG Road Branch,NRI,499907.29,TXN101779,2024-04-14,Transfer,122801.58,ATM,Success,620.0,Business Owner,1451362.74,No,urobles@example.net,+1-992-550-0751x67486,False
1146,CUST10172,5785481124,Mark Rowland,67.0,Other,Kolkata,MG Road Branch,Fixed Deposit,270908.4,TXN100172,2024-05-20,Deposit,147210.94,UPI,Success,604.0,Salaried,1431737.18,No,tanthony@example.com,674.918.6256x5270,False
1147,CUST11204,5322864080,Luis Williams,75.0,Other,Kolkata,Kothrud Branch,Salary,375889.73,TXN101204,2025-02-26,POS Purchase,158001.38,POS,Success,879.0,Self-Employed,1628178.1099999999,No,pjames@example.com,662-948-6070,False
1148,CUST10169,2345122542,Stacey Snyder,33.0,Female,Mumbai,Andheri Branch,Salary,345185.45,TXN100169,2024-11-12,Bill Payment,83676.91,Internet Banking,Success,597.0,Self-Employed,1537010.11,Yes,ybell@example.org,793.427.1040x5411,False
1149,CUST11462,9723455784,Aaron Olson,58.0,Other,Chennai,Anna Nagar Branch,Fixed Deposit,75463.68,TXN101462,2022-11-04,POS Purchase,33162.6,Branch,Success,603.0,Student,2550974.83,No,dmora@example.com,9908676183,False
1150,CUST10273,2916502228,Ronald Williams,29.0,Other,Lucknow,Andheri Branch,Fixed Deposit,469283.51,TXN100273,2022-03-24,Withdrawal,152306.4,Internet Banking,Success,678.0,Self-Employed,272004.06,Yes,aprilfoster@example.net,6866803476,False
1151,CUST10421,1588097152,Danielle Gonzalez,29.0,Female,Hyderabad,Kothrud Branch,Savings,410513.61,TXN100421,2023-09-11,Loan EMI,117062.39,Branch,Success,774.0,Self-Employed,226494.04,Yes,meganlozano@example.org,+1-826-315-3473x55289,False
1152,CUST11119,3338062656,Thomas Rodgers,45.0,Male,Kolkata,Kothrud Branch,Savings,69806.73,TXN101119,2022-03-04,Loan EMI,143972.53,ATM,Success,774.0,Salaried,707134.39,Yes,bjones@example.net,8216516758,False
1153,CUST11579,2844253694,George Johnson,35.0,Male,Chennai,Banjara Hills Branch,Current,215819.03,TXN101579,2024-07-18,ATM Withdrawal,134020.69,UPI,Failed,548.0,Business Owner,2036332.39,No,elliscatherine@example.com,+1-670-215-1200x3934,False
1154,CUST11845,1451771195,Wayne Kelly,21.0,Female,Lucknow,Kothrud Branch,Fixed Deposit,149870.08,TXN101845,2024-07-09,Transfer,58021.5,UPI,Success,649.0,Student,577095.45,No,castroanita@example.org,+1-573-509-5079,False
1155,CUST11067,8224344340,Tyler Patel,71.0,Male,Pune,Kothrud Branch,NRI,49682.72,TXN101067,2022-10-18,Bill Payment,148196.25,Branch,Success,474.0,Self-Employed,364258.91,Yes,pparker@example.com,(201)951-5325x94795,False
1156,CUST10057,5305985001,Rachel Harris DVM,45.0,Female,Lucknow,Kothrud Branch,Current,220506.43,TXN100057,2024-09-18,Transfer,66521.37,POS,Success,629.0,Self-Employed,2945207.7,Yes,brendali@example.org,729-504-2284x21020,False
1157,CUST11128,7850993986,Natalie Krueger,55.0,Other,Mumbai,Kothrud Branch,Savings,28832.78,TXN101128,2023-06-25,Withdrawal,176690.83,UPI,Success,519.0,Student,295295.27,No,bjones@example.net,001-705-635-6707x89775,False
1158,CUST11284,4108917950,April Schultz,32.0,Other,Jaipur,MG Road Branch,Savings,132668.73,TXN101284,2024-12-30,Loan EMI,170205.74,UPI,Failed,365.0,Unemployed,388567.69,Yes,tommy17@example.net,+1-699-548-8566,False
1159,CUST11359,7402489266,Adrian Howell,57.0,Other,Delhi,Anna Nagar Branch,Fixed Deposit,146891.65,TXN101359,2022-04-14,Bill Payment,114277.56,UPI,Success,506.0,Student,1882598.94,Yes,colemanjim@example.net,(730)439-9516x70450,False
1160,CUST11885,5298299638,Daisy Hill,45.0,Male,Kolkata,MG Road Branch,Salary,246244.99,TXN101885,2023-10-06,POS Purchase,112497.28,Branch,Success,667.0,Unemployed,2008573.48,No,olittle@example.org,001-746-356-8415x463,False
1161,CUST10039,5471357886,Jerry Wheeler,52.0,Female,Kolkata,Anna Nagar Branch,NRI,322009.34,TXN100039,2022-01-26,Loan EMI,84040.75,Branch,Success,670.0,Unemployed,2690988.79,No,antonio44@example.net,413.349.3618x324,False
1162,CUST10307,5880373288,Mary Carrillo,36.0,Female,Jaipur,MG Road Branch,Fixed Deposit,473213.54,TXN100307,2024-09-04,Transfer,1876.06,Branch,Success,536.0,Salaried,1712404.76,Yes,fernando14@example.org,(465)904-4271x7396,False
1163,CUST10007,7010379415,Gina Carter,32.0,Male,Jaipur,Kothrud Branch,Savings,376669.99,TXN100007,2022-08-13,Withdrawal,125507.84,UPI,Success,365.0,Student,1237614.97,No,shawnmckay@example.net,282-781-4893x252,False
1164,CUST11105,5765183910,Ronald Bates,22.0,Female,Delhi,Connaught Place Branch,NRI,448762.57,TXN101105,2022-07-11,Deposit,155800.02,UPI,Success,900.0,Unemployed,1142505.51,Yes,fowlermichael@example.org,(618)248-9742x23543,False
1165,CUST10783,5504695792,Jessica Nelson,54.0,Female,Bangalore,Salt Lake Branch,Salary,372169.25,TXN100783,2023-01-16,Transfer,100337.54,Mobile App,Success,485.0,Unemployed,962000.64,Yes,victor60@example.net,741-828-3337x2188,False
1166,CUST10409,2438512030,Corey Smith,52.0,Male,Ahmedabad,Connaught Place Branch,Current,156834.23,TXN100409,2023-07-02,POS Purchase,136061.34,ATM,Success,681.0,Business Owner,1439370.35,Yes,changerin@example.net,(531)294-3375x047,False
1167,CUST11168,1064007193,Leslie Mcdaniel,32.0,Male,Chennai,MG Road Branch,Savings,344290.81,TXN101168,2024-03-01,Bill Payment,86822.41,Mobile App,Success,330.0,Retired,2547633.93,No,teresamiller@example.org,(201)951-5325x94795,False
1168,CUST10782,6591987194,Robin Cooper,43.0,Male,Delhi,Koramangala Branch,Savings,417610.93,TXN100782,2024-06-06,Deposit,158739.28,POS,Success,610.0,Retired,1615012.78,Yes,melissa49@example.net,+1-555-582-9849,False
1169,CUST10535,2609324972,Ashley Walker,45.0,Male,Delhi,MG Road Branch,Fixed Deposit,404252.7,TXN100535,2023-12-28,Transfer,45136.85,Branch,Success,713.0,Unemployed,1682171.42,No,bjones@example.net,001-263-621-3580x0401,False
1170,CUST10584,2396847823,Thomas Dodson,45.0,Other,Delhi,Salt Lake Branch,Savings,193867.26,TXN100584,2025-01-03,Loan EMI,162448.64,Branch,Success,898.0,Retired,2184185.0,Yes,vmccoy@example.com,872-729-8120x9957,False
1171,CUST11657,4245570982,John Martinez,25.0,Other,Hyderabad,Andheri Branch,Salary,59777.19,TXN101657,2024-09-11,ATM Withdrawal,100815.66,Branch,Success,362.0,Salaried,1411368.33,Yes,jean37@example.net,001-590-505-3669,False
1172,CUST10792,4708439150,Felicia Williams,72.0,Male,Ahmedabad,Banjara Hills Branch,Current,83481.55,TXN100792,2025-12-30,Withdrawal,64578.7,ATM,Success,331.0,Self-Employed,1796166.41,No,johnmunoz@example.com,726.200.5595,False
1173,CUST11652,7820676300,Chelsea Kaiser,45.0,Female,Ahmedabad,Andheri Branch,NRI,181656.85,TXN101652,2024-01-17,Withdrawal,197478.41,POS,Success,821.0,Self-Employed,954522.69,No,wsmith@example.net,001-807-803-7808,False
1174,CUST11445,2143407986,James Jones,59.0,Male,Chennai,Banjara Hills Branch,Current,247934.2,TXN101445,2023-11-22,ATM Withdrawal,177133.0,Branch,Success,574.0,Self-Employed,410405.21,No,bjones@example.net,631-964-9828x38597,False
1175,CUST11287,9299757653,Mark Hess,46.0,Other,Jaipur,Kothrud Branch,Current,415113.69,TXN101287,2024-12-02,Transfer,155198.88,Branch,Success,588.0,Student,2284462.84,Yes,dweaver@example.net,317-328-2076x238,False
1176,CUST11751,8856651742,Todd Stone,44.0,Female,Delhi,MG Road Branch,Salary,246244.99,TXN101751,2024-10-31,Bill Payment,188739.37,UPI,Success,803.0,Unemployed,983713.84,Yes,bmejia@example.com,442.608.3481,False
1177,CUST10814,1922614032,Melissa Nelson,38.0,Female,Bangalore,Kothrud Branch,Salary,163171.11,TXN100814,2025-10-19,ATM Withdrawal,51842.21,POS,Success,323.0,Self-Employed,489692.75,No,julie01@example.net,434-943-8998,False
1178,CUST10317,3104929112,Anita Serrano,54.0,Male,Jaipur,Banjara Hills Branch,Salary,246244.99,TXN100317,2023-07-18,Loan EMI,166278.35,POS,Success,843.0,Self-Employed,1430744.97,No,michael08@example.org,918.519.5883,False
1179,CUST11492,2034953232,Robert Serrano,60.0,Male,Mumbai,Salt Lake Branch,Savings,144110.65,TXN101492,2024-07-20,Loan EMI,136764.65,Internet Banking,Success,621.0,Self-Employed,1861766.13,No,imoore@example.com,(201)951-5325x94795,False
1180,CUST12000,7316338369,Catherine Hicks,36.0,Female,Kolkata,Koramangala Branch,Fixed Deposit,378038.31,TXN102000,2022-05-22,Withdrawal,55563.1,Mobile App,Failed,439.0,Unemployed,2816517.21,Yes,dillon76@example.net,7122696250,False
1181,CUST10517,6915867055,Kristina English,74.0,Other,Mumbai,Andheri Branch,Savings,459153.47,TXN100517,2024-06-24,Deposit,100926.72,UPI,Success,404.0,Unemployed,309001.38,Yes,christiancontreras@example.net,(355)802-7275,False
1182,CUST11654,1869274621,Kimberly Grimes,27.0,Other,Kolkata,Connaught Place Branch,Current,449979.82,TXN101654,2024-08-04,Withdrawal,95824.02,Branch,Success,873.0,Unemployed,782638.92,No,christinabailey@example.com,445-365-7267x6541,False
1183,CUST11580,6291628812,Kyle Shannon,43.0,Male,Kolkata,Andheri Branch,Fixed Deposit,490827.41,TXN101580,2024-04-07,Transfer,162824.12,POS,Success,573.0,Student,2327487.22,No,reyesjessica@example.net,(201)951-5325x94795,False
1184,CUST10534,3037696779,Brandon Lang,51.0,Other,Jaipur,Kothrud Branch,Fixed Deposit,167033.08,TXN100534,2022-06-25,Transfer,169168.04,Branch,Success,727.0,Self-Employed,1400240.28,Yes,joshua56@example.org,+1-357-790-6477,False
1185,CUST11214,3161820783,Connie Johnson,44.0,Female,Chennai,Salt Lake Branch,Salary,194915.81,TXN101214,2022-01-06,ATM Withdrawal,196873.02,Mobile App,Success,536.0,Student,1452216.46,No,pkramer@example.org,+1-222-862-2777x73316,False
1186,CUST10272,5933341108,Courtney Powers,43.0,Male,Lucknow,Koramangala Branch,Current,229674.08,TXN100272,2024-11-11,Deposit,79387.19,POS,Success,544.0,Retired,2099860.72,Yes,katherinejones@example.com,+1-275-373-6609x656,False
1187,CUST10549,1518849078,Matthew Smith,31.0,Male,Kolkata,Banjara Hills Branch,Current,2572.26,TXN100549,2025-09-01,Transfer,2445.68,Branch,Success,367.0,Unemployed,2472991.94,No,devin48@example.net,(201)951-5325x94795,False
1188,CUST10965,1068897913,Amber Sanchez,45.0,Other,Delhi,Kothrud Branch,NRI,394214.77,TXN100965,2022-10-14,ATM Withdrawal,158762.42,Branch,Success,316.0,Self-Employed,2725441.48,No,pdixon@example.org,(211)666-7329,False
1189,CUST11971,7441258634,Erin Pollard,49.0,Other,Lucknow,Koramangala Branch,Current,112203.84,TXN101971,2022-10-08,Bill Payment,82018.01,Internet Banking,Success,597.0,Business Owner,2083366.45,No,tammyowen@example.com,(325)647-8009x58040,False
1190,CUST11894,3163721712,Dr. Jennifer Shaw,58.0,Other,Ahmedabad,Connaught Place Branch,NRI,465658.81,TXN101894,2022-02-03,ATM Withdrawal,6522.86,ATM,Success,654.0,Student,1094138.02,Yes,vtodd@example.net,001-787-392-4494x039,False
1191,CUST10599,9953906342,Brian Collins,50.0,Male,Pune,Anna Nagar Branch,Fixed Deposit,-1510.22,TXN100599,2025-09-06,Transfer,45257.74,Branch,Success,673.0,Student,2692751.15,No,lisadaugherty@example.org,+1-923-579-3126,False
1192,CUST11862,1984062889,Melissa Jackson,43.0,Female,Mumbai,Koramangala Branch,NRI,167831.57,TXN101862,2025-12-12,Deposit,124211.11,Branch,Success,673.0,Salaried,2208745.6,No,derekreeves@example.net,001-382-515-9007,False
1193,CUST10571,5101913760,David Alexander,48.0,Other,Jaipur,Connaught Place Branch,Current,246244.99,TXN100571,2025-09-13,ATM Withdrawal,100926.72,Branch,Pending,329.0,Self-Employed,2797659.91,No,bbenton@example.com,8449964104,False
1194,CUST10075,5641959772,Nathan Montes,56.0,Male,Mumbai,Andheri Branch,Salary,310280.33,TXN100075,2025-04-13,POS Purchase,142444.95,Branch,Pending,843.0,Business Owner,1443088.94,No,karen73@example.net,847.835.9774,False
1195,CUST10062,4403845222,Heather Lane,28.0,Male,Mumbai,Salt Lake Branch,NRI,339982.96,TXN100062,2024-10-16,POS Purchase,28666.39,Branch,Success,770.0,Business Owner,2050496.04,No,ericolson@example.org,(285)614-9368x998,False
1196,CUST11060,3870391293,Jessica Bonilla,70.0,Other,Delhi,MG Road Branch,Savings,472398.48,TXN101060,2024-02-08,POS Purchase,100926.72,UPI,Success,600.0,Unemployed,1878621.0,No,brian99@example.net,5012089857,False
1197,CUST10810,2177711456,Michelle Greer,70.0,Other,Bangalore,Connaught Place Branch,Salary,143872.43,TXN100810,2024-02-04,Deposit,64403.07,Branch,Success,873.0,Unemployed,718438.61,Yes,gutierrezmatthew@example.com,(921)555-6684,False
1198,CUST10245,3655316364,Connie Miller,45.0,Other,Bangalore,Kothrud Branch,Salary,330173.88,TXN100245,2025-08-06,Bill Payment,29773.46,POS,Failed,355.0,Salaried,1983686.34,Yes,zacharymarsh@example.net,001-944-984-6312x241,False
1199,CUST11050,2750015570,Grant Henderson,31.0,Male,Kolkata,Anna Nagar Branch,Savings,46749.74,TXN101050,2024-01-29,Bill Payment,138237.0,Mobile App,Success,348.0,Retired,1199492.04,Yes,xcardenas@example.org,706-822-1559x9672,False
1201,CUST11674,8160852857,Crystal King,56.0,Male,Ahmedabad,Salt Lake Branch,Salary,322057.6,TXN101674,2022-08-01,Bill Payment,162468.28,Branch,Success,400.0,Retired,1561432.87,No,llarson@example.org,(215)260-3871,False
1202,CUST10106,1246351029,Melanie Larson,60.0,Other,Pune,Banjara Hills Branch,NRI,399553.47,TXN100106,2025-10-23,Withdrawal,190560.24,Internet Banking,Success,748.0,Salaried,509755.57,Yes,foxallison@example.com,491-408-8398,False
1203,CUST10674,7903937176,Miss Linda Cox DVM,51.0,Female,Mumbai,MG Road Branch,Current,479280.72,TXN100674,2023-03-26,Deposit,100926.72,Mobile App,Success,544.0,Salaried,1666575.42,No,bcopeland@example.com,7143448564,False
1204,CUST10643,8353871802,Travis Peterson,73.0,Female,Jaipur,Connaught Place Branch,Salary,87959.54,TXN100643,2022-04-21,Deposit,178996.57,Branch,Success,604.0,Student,716025.13,No,jamie24@example.net,001-313-757-7908x33506,False
1205,CUST11471,4887286715,Brandon Myers,26.0,Other,Chennai,Koramangala Branch,Current,300440.26,TXN101471,2024-03-03,Withdrawal,33198.82,Branch,Success,431.0,Student,1243920.21,No,kathleenwelch@example.net,233-276-8418x76776,False
1206,CUST10666,4910446704,David Blair,71.0,Female,Delhi,Anna Nagar Branch,Savings,108127.25,TXN100666,2022-01-22,Withdrawal,21071.88,ATM,Failed,746.0,Self-Employed,635045.64,Yes,mark79@example.net,294.425.6529x06032,False
1207,CUST10510,6832418460,Patricia Hughes,29.0,Other,Chennai,Anna Nagar Branch,Fixed Deposit,182092.72,TXN100510,2023-01-31,Bill Payment,1922.19,UPI,Success,587.0,Unemployed,2775986.27,No,bjones@example.net,001-371-902-4817,False
1208,CUST10132,6710697191,Joel Frazier,55.0,Other,Lucknow,MG Road Branch,Salary,325110.1,TXN100132,2025-11-19,Withdrawal,12471.76,Mobile App,Success,463.0,Student,2105309.82,No,bjones@example.net,961-312-5457x3875,False
1209,CUST10445,9878856075,Beth Thompson,69.0,Other,Ahmedabad,Salt Lake Branch,Current,170394.83,TXN100445,2022-06-07,ATM Withdrawal,164756.6,POS,Success,743.0,Unemployed,1688850.6,Yes,joelmiller@example.net,942.533.6293x449,False
1210,CUST10867,9264858122,Kenneth Snyder,18.0,Male,Kolkata,Andheri Branch,Fixed Deposit,412418.97,TXN100867,2024-02-01,Loan EMI,80421.65,Internet Banking,Success,552.0,Retired,2055318.5,No,gibbsamanda@example.net,906.223.5040x56695,False
1211,CUST11664,9202249646,Melanie Luna,56.0,Female,Jaipur,Connaught Place Branch,Current,155915.47,TXN101664,2024-11-05,POS Purchase,142760.31,ATM,Success,391.0,Retired,682639.49,No,martinfoster@example.com,001-886-506-7347x6714,False
1213,CUST11876,3571358283,Troy Burke,64.0,Other,Chennai,Salt Lake Branch,Fixed Deposit,474934.12,TXN101876,2023-07-03,POS Purchase,44965.54,Internet Banking,Success,536.0,Unemployed,1787520.47,Yes,shellyrobertson@example.net,+1-299-970-2440x4310,False
1214,CUST10209,9318010743,Gregory Allen,27.0,Female,Mumbai,Connaught Place Branch,Salary,491101.73,TXN100209,2022-12-10,ATM Withdrawal,177069.78,Mobile App,Success,643.0,Student,182477.52,Yes,susanfleming@example.com,(216)648-4085x8877,False
1215,CUST10058,7750819485,Alexis Baker,32.0,Female,Chennai,Banjara Hills Branch,Fixed Deposit,351140.08,TXN100058,2024-02-20,Bill Payment,197683.38,UPI,Pending,807.0,Salaried,509801.87,No,judyfox@example.net,577-258-9178,False
1216,CUST11918,6765749477,Michael Scott,28.0,Male,Lucknow,Anna Nagar Branch,Fixed Deposit,386958.24,TXN101918,2022-02-24,Loan EMI,42262.62,Internet Banking,Success,597.0,Salaried,1036682.6,Yes,gregory63@example.com,(288)662-3357,False
1217,CUST11682,5450139836,Michael Kemp,35.0,Male,Lucknow,MG Road Branch,Fixed Deposit,329091.66,TXN101682,2025-05-15,Transfer,29889.51,Internet Banking,Success,597.0,Student,1873475.1,Yes,rebeccamccormick@example.net,(703)906-9516,False
1218,CUST11651,3851839348,Alejandro Weaver,28.0,Female,Mumbai,Kothrud Branch,Savings,358305.66,TXN101651,2022-02-27,Transfer,100926.72,POS,Success,494.0,Business Owner,1166130.65,Yes,renee38@example.org,001-357-216-4682,False
1219,CUST10087,7417183769,Benjamin Thompson,66.0,Other,Lucknow,Kothrud Branch,NRI,319710.87,TXN100087,2025-07-03,Transfer,172856.16,UPI,Success,750.0,Salaried,1486425.09,No,zosborn@example.net,451-588-4422x58313,False
1221,CUST10772,5316204963,Debra Logan,28.0,Female,Mumbai,Kothrud Branch,NRI,341827.15,TXN100772,2025-12-02,Withdrawal,182570.97,UPI,Success,774.0,Unemployed,841814.72,Yes,maxwellangela@example.com,001-222-882-3052x4808,False
1222,CUST11424,3752718584,Robert Nguyen,45.0,Male,Ahmedabad,Banjara Hills Branch,NRI,492921.76,TXN101424,2022-07-20,POS Purchase,26531.2,Branch,Success,534.0,Salaried,1522610.1,Yes,david82@example.net,001-212-869-9452,False
1223,CUST10709,6444022456,Christopher Turner,62.0,Other,Jaipur,Anna Nagar Branch,Savings,170050.9,TXN100709,2024-04-21,ATM Withdrawal,190115.16,Branch,Success,508.0,Self-Employed,2548062.25,Yes,rachelhernandez@example.com,589-362-8874,False
1224,CUST11110,1445085616,Cynthia Thomas,66.0,Female,Delhi,Anna Nagar Branch,Savings,138647.47,TXN101110,2025-02-17,ATM Withdrawal,78987.0,POS,Success,645.0,Salaried,1792824.22,No,dbrown@example.org,(201)951-5325x94795,False
1225,CUST11801,5169675781,Yvonne Moore,35.0,Male,Bangalore,Connaught Place Branch,Salary,274542.13,TXN101801,2022-05-28,Loan EMI,170873.73,Internet Banking,Success,547.0,Business Owner,2414497.48,No,lawrencepineda@example.com,(238)667-0776,False
1226,CUST11548,5484971152,Nicholas Blevins,45.0,Female,Ahmedabad,Salt Lake Branch,NRI,390385.0,TXN101548,2023-04-07,Withdrawal,67696.93,Branch,Success,798.0,Student,822958.05,Yes,taylorwilson@example.org,001-466-703-2358x4180,False
1228,CUST10539,4191773840,Jay Parks,45.0,Male,Delhi,Connaught Place Branch,Salary,213261.34,TXN100539,2025-12-24,ATM Withdrawal,94982.27,POS,Success,617.0,Retired,728472.6,No,thomasnancy@example.net,930-772-4078,False
1229,CUST11970,8279860811,Angela King,33.0,Other,Chennai,Koramangala Branch,Salary,246244.99,TXN101970,2023-11-28,POS Purchase,66626.77,Internet Banking,Pending,517.0,Unemployed,1098566.33,Yes,garzajulia@example.com,368-287-3058x868,False
1231,CUST11797,7556539657,Jennifer Moore,61.0,Male,Pune,Kothrud Branch,Salary,379109.54,TXN101797,2025-08-28,Deposit,157992.29,POS,Success,563.0,Business Owner,788456.27,No,poolelori@example.org,674-802-0984,False
1232,CUST11513,7370602194,Angela Torres,70.0,Female,Mumbai,Banjara Hills Branch,Salary,343472.0,TXN101513,2022-09-17,Bill Payment,11562.91,Branch,Success,882.0,Unemployed,1886652.68,Yes,qwilliams@example.net,(263)243-1807x392,False
1233,CUST10419,6517531326,Brian Walter,40.0,Female,Ahmedabad,Anna Nagar Branch,Current,362565.95,TXN100419,2024-06-28,ATM Withdrawal,198519.8,Branch,Success,734.0,Unemployed,2704822.16,Yes,crawfordsamantha@example.net,537.893.3756,False
1234,CUST10498,4272555625,Tim Miller,50.0,Other,Ahmedabad,Kothrud Branch,Fixed Deposit,70236.21,TXN100498,2023-10-29,Deposit,100926.72,UPI,Success,696.0,Self-Employed,2715696.59,No,munozgregory@example.net,392-262-4945x14754,False
1235,CUST11074,8949436675,Carrie Herrera,69.0,Male,Lucknow,Connaught Place Branch,NRI,213741.19,TXN101074,2025-05-10,ATM Withdrawal,100926.72,POS,Pending,433.0,Business Owner,2665099.83,No,sheena87@example.com,851-335-8727x17430,False
1236,CUST12035,7243945896,Michael Carroll,66.0,Other,Delhi,Banjara Hills Branch,Fixed Deposit,71772.03,TXN102035,2022-06-04,Loan EMI,75496.0,Branch,Success,703.0,Salaried,2530456.98,No,ijohnson@example.net,324-467-6428,False
1237,CUST11481,1266759894,John Valentine,44.0,Male,Lucknow,Andheri Branch,Savings,69039.44,TXN101481,2023-11-15,Loan EMI,100926.72,POS,Success,372.0,Retired,715086.48,No,danielnixon@example.net,001-880-642-5542x80537,False
1238,CUST10852,4016934569,Danny Smith,68.0,Other,Lucknow,Andheri Branch,Savings,490410.57,TXN100852,2024-11-05,ATM Withdrawal,95173.76,ATM,Success,533.0,Unemployed,1142776.95,Yes,yburke@example.org,(201)951-5325x94795,False
1239,CUST12025,6420579726,Randy Brown,30.0,Male,Jaipur,Andheri Branch,Salary,475291.07,TXN102025,2023-01-22,Loan EMI,145769.92,UPI,Failed,476.0,Unemployed,2820997.54,Yes,breyes@example.com,540-453-2421x69435,False
1240,CUST11998,7214201118,Jade Jackson,42.0,Male,Hyderabad,Andheri Branch,NRI,120192.84,TXN101998,2024-07-22,Deposit,96381.71,POS,Failed,785.0,Self-Employed,379721.58,No,mooneydanielle@example.net,5665714853,False
1241,CUST11956,6464463687,April French,45.0,Other,Mumbai,Andheri Branch,NRI,315988.01,TXN101956,2024-11-23,POS Purchase,123504.66,Branch,Success,807.0,Business Owner,1262685.27,Yes,jamesgutierrez@example.com,(373)257-7569x42984,False
1243,CUST11503,8549562221,Robert Moore,75.0,Female,Chennai,Andheri Branch,Current,173426.33,TXN101503,2022-05-09,Transfer,100818.38,Mobile App,Success,503.0,Unemployed,162448.89,No,jerrywilliams@example.org,(902)232-5107x1555,False
1244,CUST12028,5955805055,Victor Moore,37.0,Other,Chennai,Anna Nagar Branch,NRI,449522.42,TXN102028,2022-06-28,Loan EMI,22814.96,ATM,Success,538.0,Business Owner,2432977.29,No,barry68@example.com,741-823-5998x962,False
1246,CUST10305,4601406440,Sandra Smith,19.0,Male,Kolkata,Banjara Hills Branch,Fixed Deposit,230932.71,TXN100305,2025-01-12,Transfer,109731.63,Internet Banking,Pending,852.0,Self-Employed,1833868.14,No,foxgina@example.com,544.330.0910,False
1247,CUST11747,7909651512,Robert Carpenter,45.0,Female,Chennai,Connaught Place Branch,NRI,246244.99,TXN101747,2025-05-24,Loan EMI,192035.16,ATM,Success,630.0,Retired,423959.47,No,shawkatherine@example.org,(201)951-5325x94795,False
1248,CUST11099,8045281887,Brandon Harvey,33.0,Other,Jaipur,Andheri Branch,Current,447836.81,TXN101099,2023-10-28,ATM Withdrawal,72770.27,Internet Banking,Success,853.0,Self-Employed,1062580.55,No,andrearivera@example.net,861-325-5904,False
1249,CUST10336,4060031897,Jill Riddle,20.0,Male,Jaipur,Koramangala Branch,Salary,242416.09,TXN100336,2022-11-18,Deposit,69388.64,ATM,Success,609.0,Self-Employed,2988584.07,No,zroberts@example.net,(862)399-1234x78519,False
1251,CUST10570,8448666187,Joshua Garcia,36.0,Other,Bangalore,Andheri Branch,NRI,437498.17,TXN100570,2024-10-30,Deposit,25615.88,Mobile App,Success,597.0,Student,628950.63,No,rachel97@example.com,732-483-4831,False
1252,CUST10089,4847761430,Maria Cole,46.0,Other,Bangalore,Banjara Hills Branch,NRI,235192.66,TXN100089,2022-11-05,Deposit,90132.1,ATM,Pending,597.0,Retired,1991462.21,Yes,david89@example.org,001-626-380-1824x22535,False
1253,CUST10875,3939117451,Sandy Todd,18.0,Female,Chennai,MG Road Branch,Fixed Deposit,383191.19,TXN100875,2022-09-03,Loan EMI,44942.39,UPI,Success,858.0,Salaried,206411.07,No,nelsondavid@example.net,885.962.2586x60598,False
1254,CUST11333,5683007179,Andrew Morales,58.0,Female,Ahmedabad,Connaught Place Branch,Savings,323584.07,TXN101333,2024-03-01,Loan EMI,75145.94,POS,Success,490.0,Business Owner,1138144.46,Yes,elizabethkirk@example.com,+1-378-433-5488x357,False
1255,CUST11242,2050729795,Cheryl Gomez MD,72.0,Other,Mumbai,MG Road Branch,Salary,195393.97,TXN101242,2024-10-04,Transfer,20953.05,Internet Banking,Success,622.0,Self-Employed,2591799.78,No,vramos@example.org,001-923-515-5505x70521,False
1256,CUST11761,8676014893,Melissa Williams,74.0,Male,Delhi,Kothrud Branch,Fixed Deposit,246244.99,TXN101761,2025-02-15,Bill Payment,56314.44,ATM,Failed,323.0,Student,1350563.72,No,david38@example.org,7604891700,False
1257,CUST10713,9013302138,Tammy Smith,68.0,Other,Chennai,Anna Nagar Branch,NRI,190995.83,TXN100713,2025-10-20,Transfer,171709.89,POS,Success,886.0,Unemployed,1769663.7,No,turnerjames@example.com,(660)546-5586x6525,False
1258,CUST12022,9487983170,Michael Moore,19.0,Female,Kolkata,Connaught Place Branch,Fixed Deposit,62671.89,TXN102022,2025-12-25,ATM Withdrawal,16641.62,Branch,Success,597.0,Business Owner,2708076.22,Yes,bjones@example.net,+1-517-367-6227x0254,False
1259,CUST11727,4513180596,Matthew Adams,65.0,Other,Mumbai,Salt Lake Branch,NRI,149069.59,TXN101727,2024-04-20,Withdrawal,97626.31,POS,Success,390.0,Student,2541663.57,Yes,nrice@example.com,9527602706,False
1261,CUST11594,4314250445,Matthew Marsh,21.0,Female,Delhi,MG Road Branch,Current,262466.61,TXN101594,2024-05-04,Loan EMI,83427.9,Mobile App,Success,857.0,Salaried,2281770.73,Yes,bjones@example.net,744-899-0803,False
1262,CUST10222,1383484123,Amanda Armstrong,46.0,Male,Delhi,Kothrud Branch,NRI,246244.99,TXN100222,2022-04-26,POS Purchase,158308.5,Mobile App,Success,818.0,Student,536601.99,Yes,jacksonsandra@example.net,(899)404-1379x7723,False
1263,CUST10320,5754765755,Brent Rojas,30.0,Male,Delhi,Salt Lake Branch,Fixed Deposit,260539.79,TXN100320,2025-12-07,POS Purchase,51224.91,ATM,Success,372.0,Salaried,2801101.45,Yes,nicholaswalker@example.com,001-870-762-3972,False
1264,CUST12031,4055459933,Jennifer Davis,55.0,Female,Pune,Koramangala Branch,Salary,74680.56,TXN102031,2022-08-28,Loan EMI,114477.21,UPI,Success,336.0,Retired,589127.4,Yes,felicia15@example.org,001-265-332-2247x081,False
1266,CUST10630,4191739394,Joel Tyler,43.0,Other,Chennai,Connaught Place Branch,Fixed Deposit,87765.36,TXN100630,2025-02-19,POS Purchase,168350.51,UPI,Success,620.0,Unemployed,1979388.88,No,colton30@example.net,231-794-9796x95867,False
1267,CUST10826,6609505682,Nathan Payne,58.0,Female,Hyderabad,Banjara Hills Branch,Savings,390550.79,TXN100826,2023-11-11,Deposit,177769.65,Mobile App,Success,447.0,Student,282523.43,No,steven45@example.org,3003001529,False
1268,CUST11199,9645976273,James Singh,19.0,Female,Lucknow,Salt Lake Branch,NRI,24688.86,TXN101199,2025-01-24,Bill Payment,100926.72,Branch,Success,547.0,Student,1577718.44,Yes,allen57@example.net,803.868.6050x630,False
1269,CUST11031,5505411721,Kimberly Esparza,37.0,Male,Lucknow,Salt Lake Branch,Savings,274034.38,TXN101031,2022-03-22,ATM Withdrawal,93980.36,Branch,Success,597.0,Retired,2589673.01,No,patricia19@example.org,954.988.0644x20062,False
1270,CUST11693,1807843435,Samuel Morgan,69.0,Other,Mumbai,Anna Nagar Branch,Current,115695.31,TXN101693,2023-12-24,POS Purchase,5887.04,Internet Banking,Success,489.0,Student,2478777.89,Yes,alanward@example.net,(201)951-5325x94795,False
1271,CUST10139,8130494783,Wanda Garcia,57.0,Male,Bangalore,Connaught Place Branch,Savings,45952.84,TXN100139,2022-03-10,Bill Payment,119577.09,UPI,Failed,597.0,Unemployed,276074.68,No,kennethkidd@example.com,451-571-3395x962,False
1272,CUST10164,6244291385,Evan Rojas,41.0,Female,Ahmedabad,Andheri Branch,Salary,498839.88,TXN100164,2024-09-15,Deposit,59121.67,Mobile App,Success,445.0,Business Owner,1628178.1099999999,No,robin05@example.net,001-229-337-8427,False
1273,CUST10002,3585650756,Meredith Barnes,53.0,Male,Jaipur,Salt Lake Branch,Current,221850.57,TXN100002,2023-07-24,Loan EMI,100926.72,Internet Banking,Success,648.0,Business Owner,593116.57,No,zlawrence@example.org,001-626-254-2351x16155,False
1274,CUST11676,7120818946,Cody Wilson,45.0,Female,Jaipur,MG Road Branch,NRI,348114.68,TXN101676,2023-02-03,Bill Payment,128734.09,Mobile App,Failed,632.0,Self-Employed,683694.73,Yes,bradley39@example.net,(555)586-8190x0415,False
1275,CUST10961,5003554215,Wanda Rogers,33.0,Male,Delhi,Andheri Branch,Salary,254189.18,TXN100961,2022-02-12,POS Purchase,100926.72,Mobile App,Success,471.0,Salaried,1486840.63,Yes,susanhoward@example.org,(295)220-5610x067,False
1276,CUST11666,1891929137,Michael Perry,49.0,Other,Delhi,Salt Lake Branch,Fixed Deposit,179257.91,TXN101666,2024-11-27,Withdrawal,62110.07,POS,Success,470.0,Unemployed,1569470.94,Yes,christina94@example.org,789.555.4656,False
1277,CUST11958,1946295970,Erika Vega,51.0,Other,Ahmedabad,Banjara Hills Branch,Current,254248.83,TXN101958,2025-08-09,POS Purchase,172163.02,POS,Success,407.0,Retired,2352959.1,No,kristincombs@example.org,788-820-3806,False
1278,CUST11363,5816024490,Savannah Beck,25.0,Female,Chennai,MG Road Branch,NRI,477247.21,TXN101363,2022-07-09,Bill Payment,100926.72,UPI,Success,540.0,Self-Employed,2103706.3,Yes,rwebb@example.net,450-862-9179,False
1280,CUST11926,1992086250,Christopher Smith,21.0,Other,Jaipur,Andheri Branch,Current,263082.18,TXN101926,2023-09-13,ATM Withdrawal,100926.72,POS,Success,874.0,Student,1512503.24,Yes,christopherwilliams@example.com,001-202-872-8986x83212,False
1282,CUST10634,9691662212,Daniel Lester,68.0,Female,Ahmedabad,MG Road Branch,Salary,76417.62,TXN100634,2025-10-29,Bill Payment,15796.63,UPI,Success,537.0,Self-Employed,2451306.7,Yes,luis51@example.net,+1-858-688-6367x74722,False
1283,CUST11243,4316445813,Michelle Ramirez,59.0,Other,Kolkata,Andheri Branch,Savings,443681.71,TXN101243,2022-05-27,Withdrawal,154964.93,Internet Banking,Success,358.0,Retired,2385953.48,No,collinstina@example.net,411.541.4701,False
1284,CUST11686,7093841668,Stacy Mack,73.0,Other,Bangalore,Koramangala Branch,NRI,95141.07,TXN101686,2023-08-31,POS Purchase,148294.8,Internet Banking,Success,661.0,Unemployed,1709042.96,No,jonathan60@example.net,001-719-671-4083x469,False
1285,CUST10656,2777021820,Steve Gamble,49.0,Other,Mumbai,Connaught Place Branch,Fixed Deposit,184503.46,TXN100656,2023-10-05,ATM Withdrawal,181665.06,Internet Banking,Success,597.0,Self-Employed,1628178.1099999999,Yes,debrajones@example.net,001-257-886-0694,False
1286,CUST10017,3555656321,Daniel Cooper,61.0,Male,Pune,Anna Nagar Branch,NRI,119338.75,TXN100017,2025-05-02,Deposit,123895.33,Branch,Success,878.0,Retired,1051654.06,No,william40@example.org,+1-264-300-5242x7868,False
1287,CUST11888,3819403925,Christina Davidson,42.0,Male,Jaipur,Anna Nagar Branch,Fixed Deposit,483277.12,TXN101888,2024-08-26,ATM Withdrawal,100926.72,ATM,Success,661.0,Student,2803246.52,Yes,toddgutierrez@example.com,942-264-3029,False
1288,CUST11347,8911252049,Jonathon Houston,68.0,Male,Delhi,Koramangala Branch,Savings,128832.44,TXN101347,2025-11-22,ATM Withdrawal,134706.12,Internet Banking,Success,410.0,Retired,2511046.08,Yes,snydergeorge@example.org,(295)822-2336x9318,False
1289,CUST10138,3271361431,Danny Roberts,64.0,Male,Chennai,MG Road Branch,Salary,228816.97,TXN100138,2025-01-20,Bill Payment,106410.13,Internet Banking,Success,654.0,Self-Employed,1628178.1099999999,Yes,xcunningham@example.com,+1-281-991-4858,False
1291,CUST10698,2621903972,Jennifer Blackwell,58.0,Other,Jaipur,Connaught Place Branch,Current,122509.95,TXN100698,2024-06-15,ATM Withdrawal,57253.56,Internet Banking,Success,597.0,Retired,2454715.82,Yes,stephaniepeters@example.com,(201)951-5325x94795,False
1292,CUST11098,4977513978,Jeanne Johnson,38.0,Male,Delhi,Andheri Branch,NRI,477372.36,TXN101098,2025-06-13,Withdrawal,148211.87,Internet Banking,Pending,737.0,Business Owner,2023154.24,Yes,vincent17@example.com,001-952-273-5364x235,False
1293,CUST11321,6551405716,Christina Weber,45.0,Female,Ahmedabad,Anna Nagar Branch,Fixed Deposit,218560.01,TXN101321,2024-02-15,Withdrawal,118518.35,Branch,Success,366.0,Business Owner,789779.1,No,garciarichard@example.com,(947)317-7840x1902,False
1294,CUST11868,3781375492,Dr. Cynthia Hoover DVM,71.0,Male,Lucknow,MG Road Branch,Current,131456.37,TXN101868,2024-12-29,ATM Withdrawal,100926.72,ATM,Success,782.0,Retired,2612810.38,Yes,dorseylauren@example.net,706-454-8855x875,False
1295,CUST10449,7288518038,Dana Johnson,53.0,Female,Pune,MG Road Branch,Current,75476.04,TXN100449,2022-10-07,Deposit,51716.45,ATM,Success,597.0,Unemployed,2579684.9,No,crystal02@example.com,+1-872-343-9920x116,False
1296,CUST10036,6204041308,Elizabeth Ward,38.0,Female,Pune,Koramangala Branch,Fixed Deposit,122397.12,TXN100036,2022-06-17,Bill Payment,100926.72,POS,Success,658.0,Self-Employed,2002910.67,Yes,alexis82@example.com,6089427109,False
1297,CUST11267,1854571069,Andrea Freeman,26.0,Other,Delhi,Connaught Place Branch,Savings,63827.55,TXN101267,2022-10-03,Transfer,80284.47,Mobile App,Success,310.0,Self-Employed,1628178.1099999999,Yes,xhorne@example.org,+1-880-796-6414x7533,False
1298,CUST10328,8605964047,Meghan Patel,40.0,Female,Pune,Anna Nagar Branch,Current,246244.99,TXN100328,2025-05-18,Deposit,126795.73,Branch,Success,612.0,Retired,267369.42,Yes,shannon51@example.org,911.462.4112x412,False
1299,CUST10318,7621147142,Cory Hogan,47.0,Male,Jaipur,Salt Lake Branch,Current,440880.85,TXN100318,2025-06-23,Loan EMI,72846.84,POS,Success,364.0,Unemployed,2906415.0,No,kjimenez@example.net,9052436459,False
1300,CUST11767,9989406946,Aaron Ford,59.0,Other,Pune,Kothrud Branch,Savings,136735.39,TXN101767,2024-08-03,ATM Withdrawal,116730.9,Branch,Success,692.0,Retired,2673498.69,Yes,bartonteresa@example.org,001-581-567-9323x539,False
1301,CUST11170,3791194627,Ashley Ruiz,59.0,Male,Lucknow,MG Road Branch,Fixed Deposit,246244.99,TXN101170,2025-02-01,ATM Withdrawal,27693.63,ATM,Success,623.0,Unemployed,2401800.63,Yes,bjones@example.net,331-758-9016x492,False
1302,CUST10527,4955723270,Mary Welch,66.0,Other,Lucknow,Connaught Place Branch,NRI,143562.29,TXN100527,2022-11-01,Transfer,49471.97,UPI,Success,429.0,Retired,2909895.28,No,wilsonmatthew@example.com,299.480.2841x3908,False
1303,CUST10088,8715177240,Allison Spencer,55.0,Male,Kolkata,Anna Nagar Branch,Salary,228179.96,TXN100088,2022-03-19,Deposit,73779.08,ATM,Success,392.0,Retired,1843127.48,No,tanner82@example.net,314-467-8669,False
1304,CUST11474,4492231351,Sarah Martin,24.0,Female,Bangalore,Connaught Place Branch,NRI,37742.08,TXN101474,2022-09-16,Bill Payment,2018.21,Mobile App,Failed,596.0,Business Owner,291560.48,No,gibsonkimberly@example.net,(894)676-1110x797,False
1305,CUST10149,2766685440,Antonio Mccormick,19.0,Other,Hyderabad,Koramangala Branch,Savings,248619.1,TXN100149,2025-11-30,ATM Withdrawal,86143.11,Internet Banking,Success,398.0,Retired,574357.83,Yes,courtney86@example.com,001-561-488-9241x418,False
1306,CUST11878,2057735835,Gail Collins,48.0,Male,Hyderabad,Banjara Hills Branch,Current,312681.0,TXN101878,2025-10-23,Withdrawal,10142.2,Internet Banking,Success,403.0,Student,584702.05,No,robertssharon@example.org,(966)215-3939x2942,False
1307,CUST11897,9746606491,Holly Johnson,54.0,Other,Jaipur,Connaught Place Branch,NRI,422551.12,TXN101897,2024-04-02,ATM Withdrawal,91676.62,POS,Success,438.0,Business Owner,1225893.62,No,johngarcia@example.org,413.336.3140,False
1308,CUST11396,1201222319,Corey Shaffer,24.0,Female,Mumbai,Salt Lake Branch,Fixed Deposit,358446.05,TXN101396,2025-01-31,Bill Payment,139672.26,Branch,Success,550.0,Self-Employed,2053077.82,No,stephaniescott@example.com,(418)666-9408x654,False
1309,CUST11688,7910378232,Mr. William Miller,33.0,Other,Pune,Connaught Place Branch,Salary,146886.85,TXN101688,2024-05-31,POS Purchase,138117.24,POS,Success,324.0,Unemployed,2402769.87,No,elizabethbarrett@example.com,+1-857-376-2538x476,False
1310,CUST11922,3609299748,Lisa Rice,25.0,Other,Mumbai,Salt Lake Branch,Current,166195.6,TXN101922,2024-03-16,ATM Withdrawal,162302.82,POS,Success,679.0,Business Owner,1270463.01,No,pbrooks@example.net,753-300-7514,False
1311,CUST10366,7350762338,Margaret White,72.0,Male,Hyderabad,Banjara Hills Branch,NRI,285212.52,TXN100366,2024-11-06,Deposit,81166.91,UPI,Success,633.0,Retired,2000936.53,No,igibbs@example.org,(734)959-1123x8296,False
1312,CUST10590,2173612708,Robert Gross,73.0,Male,Hyderabad,MG Road Branch,Savings,185463.77,TXN100590,2023-04-01,Bill Payment,190358.98,Mobile App,Success,613.0,Retired,2490828.26,No,david18@example.net,001-830-561-7893x2064,False
1313,CUST11743,7737434188,Derek Cortez,23.0,Male,Jaipur,Connaught Place Branch,NRI,336787.68,TXN101743,2025-06-26,Loan EMI,46137.54,ATM,Success,452.0,Business Owner,156271.73,No,grahamdavid@example.net,001-556-771-2559,False
1314,CUST10199,1600406558,Joshua Petersen,18.0,Male,Bangalore,Andheri Branch,Current,410955.07,TXN100199,2024-02-02,ATM Withdrawal,126077.99,UPI,Success,900.0,Business Owner,2764671.46,Yes,pamela83@example.net,+1-375-350-3758x99757,False
1316,CUST10193,4418680334,Brandon Hunt,27.0,Male,Pune,MG Road Branch,Current,268480.33,TXN100193,2025-07-26,Loan EMI,138707.49,Mobile App,Pending,301.0,Unemployed,1222383.27,No,conwaydawn@example.com,247-201-2045x5611,False
1317,CUST10405,5439366473,Mark Harris,51.0,Female,Ahmedabad,Anna Nagar Branch,Fixed Deposit,245118.95,TXN100405,2022-06-20,POS Purchase,150628.08,UPI,Success,523.0,Self-Employed,1171456.19,Yes,nathanielgalloway@example.org,+1-468-270-0794,False
1318,CUST11820,7847665443,Amanda Sims,20.0,Female,Chennai,Kothrud Branch,Current,62083.9,TXN101820,2025-01-07,Withdrawal,54054.62,Mobile App,Pending,536.0,Business Owner,2487777.58,Yes,baileytodd@example.com,659.539.1853x62054,False
1319,CUST10251,9434691954,Jessica Lee,18.0,Other,Chennai,Salt Lake Branch,NRI,238880.64,TXN100251,2024-11-07,Loan EMI,184236.4,Internet Banking,Success,477.0,Unemployed,1628178.1099999999,Yes,ihoward@example.com,4777848739,False
1320,CUST10484,4033986022,Luis Davis,46.0,Other,Mumbai,Anna Nagar Branch,NRI,302876.2,TXN100484,2022-07-28,Loan EMI,112516.45,POS,Success,420.0,Self-Employed,2746309.45,Yes,jamesalicia@example.net,+1-733-656-7086x0414,False
1321,CUST11183,8672105170,Jose Andrews,53.0,Other,Chennai,Anna Nagar Branch,Savings,285052.28,TXN101183,2022-01-03,POS Purchase,35641.15,Branch,Failed,411.0,Unemployed,395594.9,Yes,edwin87@example.org,4996865642,False
1322,CUST11281,9212185911,Joseph Rosales,54.0,Male,Delhi,Salt Lake Branch,Savings,442340.24,TXN101281,2023-12-17,POS Purchase,16788.81,POS,Success,677.0,Retired,2216614.08,Yes,logan71@example.net,567.385.7646,False
1323,CUST11687,3705748045,Shaun Johnson,72.0,Female,Ahmedabad,Connaught Place Branch,Fixed Deposit,489211.89,TXN101687,2023-09-06,POS Purchase,62672.31,Internet Banking,Success,771.0,Student,1190017.99,No,rsmith@example.net,780-262-7456x69839,False
1325,CUST10800,2470455066,Tim Welch,37.0,Male,Bangalore,Andheri Branch,Salary,302363.82,TXN100800,2022-09-02,ATM Withdrawal,39428.59,Branch,Success,312.0,Unemployed,2560375.91,Yes,petersonpaul@example.com,386-532-3979,False
1326,CUST10385,5852914708,Jennifer Stewart,60.0,Other,Lucknow,Andheri Branch,Savings,346305.08,TXN100385,2023-06-03,Transfer,93417.77,Mobile App,Success,583.0,Student,2122831.25,No,adamsdeborah@example.com,579-957-6024,False
1327,CUST10751,1581277647,Tiffany Wilson,51.0,Other,Ahmedabad,MG Road Branch,Salary,205232.99,TXN100751,2022-11-04,Bill Payment,13456.25,Mobile App,Success,492.0,Self-Employed,2128028.74,No,donaldyang@example.net,001-307-875-6085,False
1328,CUST11202,9852564571,Kim Williams,29.0,Other,Lucknow,Andheri Branch,Current,393584.8,TXN101202,2023-09-23,Transfer,100926.72,Mobile App,Success,332.0,Retired,1628178.1099999999,No,fbailey@example.com,+1-554-349-2054x89445,False
1329,CUST10423,8240940498,Tracy Blackwell,45.0,Male,Kolkata,MG Road Branch,Salary,77237.85,TXN100423,2022-04-30,Withdrawal,63970.24,UPI,Success,467.0,Salaried,927110.51,No,jessicamueller@example.net,+1-712-986-8578x725,False
1330,CUST10315,5960652625,Peter Jackson,67.0,Male,Bangalore,Andheri Branch,Fixed Deposit,41157.78,TXN100315,2025-06-20,Transfer,186173.21,UPI,Success,597.0,Unemployed,588667.54,Yes,angela73@example.net,2212962071,False
1332,CUST12033,9208900764,Lindsay Smith,23.0,Male,Bangalore,Anna Nagar Branch,NRI,53151.51,TXN102033,2024-11-02,Loan EMI,152557.59,ATM,Success,330.0,Salaried,831656.58,Yes,boydandrew@example.net,+1-699-205-8081,False
1333,CUST10544,4675517676,Tracy Aguilar,43.0,Male,Chennai,Koramangala Branch,Savings,353095.3,TXN100544,2022-10-07,Transfer,100926.72,Branch,Success,369.0,Student,1713021.34,Yes,emarks@example.org,3093438822,False
1334,CUST10914,2705881515,Jessica Baker,27.0,Other,Chennai,Koramangala Branch,Salary,275912.67,TXN100914,2024-11-12,Bill Payment,32014.67,Internet Banking,Success,562.0,Business Owner,707951.44,No,edward70@example.org,+1-851-662-2593,False
1335,CUST10663,3883404698,Mario Stout,54.0,Other,Pune,Salt Lake Branch,Salary,405764.21,TXN100663,2023-02-10,Withdrawal,9979.47,Branch,Success,581.0,Student,489888.22,No,christy00@example.com,4704260869,False
1336,CUST10903,3999302585,Kevin Warren,75.0,Male,Kolkata,Connaught Place Branch,NRI,302740.49,TXN100903,2023-05-26,Bill Payment,112681.44,Mobile App,Success,397.0,Student,2288048.12,No,hollyalvarez@example.org,2463661459,False
1337,CUST11615,6719004351,Tamara Kim,47.0,Other,Bangalore,Kothrud Branch,Salary,182483.6,TXN101615,2022-03-30,Deposit,79844.69,Internet Banking,Success,395.0,Self-Employed,1342025.9,Yes,hopkinsrodney@example.org,694.259.9426,False
1338,CUST10686,6588019889,Patricia Jones,23.0,Female,Lucknow,Kothrud Branch,NRI,87602.95,TXN100686,2024-06-13,Deposit,27765.04,Branch,Success,815.0,Unemployed,1628178.1099999999,No,morenojessica@example.net,339.322.0715,False
1339,CUST11939,1881697920,Joseph Turner,19.0,Male,Jaipur,MG Road Branch,Salary,195950.99,TXN101939,2023-05-26,Deposit,148635.93,Branch,Success,891.0,Self-Employed,1940594.05,Yes,bdelgado@example.org,+1-520-893-1378x80210,False
1340,CUST10160,6585327015,Rodney Watson,56.0,Other,Bangalore,Kothrud Branch,Salary,246244.99,TXN100160,2024-03-26,Transfer,100926.72,UPI,Success,889.0,Self-Employed,1078775.78,No,aguilarjonathan@example.org,9132721510,False
1341,CUST11000,2407692034,Amy Lara,63.0,Male,Delhi,Anna Nagar Branch,Salary,52253.96,TXN101000,2023-06-26,Loan EMI,66790.34,Mobile App,Success,517.0,Retired,2431059.03,Yes,andrewjackson@example.org,+1-801-897-1212x41393,False
1342,CUST12040,3116935732,Emily Brandt,27.0,Other,Kolkata,Andheri Branch,Salary,272956.86,TXN102040,2023-11-23,ATM Withdrawal,54905.82,ATM,Pending,415.0,Self-Employed,1917587.47,Yes,miguelschultz@example.com,(478)285-9881,False
1343,CUST12053,8923101629,Jennifer Flores,26.0,Female,Kolkata,Andheri Branch,NRI,-1085.03,TXN102053,2022-01-25,Deposit,83010.46,UPI,Failed,368.0,Unemployed,2979551.62,Yes,tracy95@example.org,790-996-7108x004,False
1344,CUST10203,6676247763,Taylor Chen,35.0,Male,Chennai,Banjara Hills Branch,NRI,105605.19,TXN100203,2023-07-30,Deposit,161740.34,Branch,Success,597.0,Self-Employed,2925842.61,Yes,jasonklein@example.net,(822)688-5158x799,False
1345,CUST11024,7353638232,Cassandra Flores,59.0,Other,Delhi,MG Road Branch,NRI,85795.26,TXN101024,2023-04-20,Loan EMI,25329.09,Mobile App,Success,856.0,Salaried,838259.99,Yes,snydergerald@example.org,464.333.8722x0542,False
1346,CUST11772,4100996604,Tami Burton,68.0,Other,Ahmedabad,Connaught Place Branch,Salary,496016.66,TXN101772,2025-01-05,ATM Withdrawal,136407.62,Branch,Success,808.0,Student,1011972.06,Yes,pdavis@example.net,(368)917-6975x059,False
1348,CUST10113,2178758213,Elijah White,58.0,Female,Lucknow,Anna Nagar Branch,NRI,318698.65,TXN100113,2025-04-27,POS Purchase,30881.14,UPI,Success,645.0,Retired,267403.77,Yes,oallen@example.com,001-627-508-6688x263,False
1349,CUST12071,1524723285,Jeremy Hill,39.0,Other,Jaipur,Connaught Place Branch,Fixed Deposit,378828.45,TXN102071,2025-03-23,POS Purchase,196689.71,Mobile App,Success,666.0,Self-Employed,1288405.26,No,mdickson@example.com,001-722-262-8191,False
1350,CUST11332,2889230693,David Williams,31.0,Other,Kolkata,Salt Lake Branch,NRI,118899.74,TXN101332,2023-12-25,Withdrawal,159705.91,Mobile App,Success,641.0,Retired,1067007.8,No,cookkristina@example.net,815-201-0162,False
1351,CUST11427,4028598526,Keith Taylor,22.0,Female,Bangalore,Banjara Hills Branch,Salary,16.21,TXN101427,2022-07-12,Transfer,42016.25,Internet Banking,Success,407.0,Business Owner,827623.93,Yes,travis28@example.net,903.422.0074x859,False
1352,CUST10981,4996454615,Cynthia Miller,68.0,Female,Kolkata,Connaught Place Branch,Current,227949.81,TXN100981,2025-12-11,Withdrawal,7407.69,Mobile App,Success,420.0,Self-Employed,456872.31,No,melinda87@example.com,7549576947,False
1353,CUST10923,8314101383,Anthony Mccormick III,68.0,Male,Chennai,Koramangala Branch,Salary,39650.08,TXN100923,2024-01-23,Bill Payment,164151.8,Branch,Success,680.0,Unemployed,1720418.57,Yes,wilkinssarah@example.com,(257)875-8097x45338,False
1354,CUST11847,2790410196,Alicia Lawson,71.0,Female,Pune,Andheri Branch,Fixed Deposit,246244.99,TXN101847,2024-11-29,Withdrawal,186301.03,POS,Success,753.0,Student,2687556.35,No,bhernandez@example.net,+1-871-221-8945x2395,False
1355,CUST11837,5313271288,Amy Bass,41.0,Female,Bangalore,Banjara Hills Branch,Savings,237409.08,TXN101837,2023-11-24,Transfer,75507.49,Internet Banking,Success,653.0,Salaried,224095.16,Yes,donaldchen@example.com,307.892.6251x743,False
1356,CUST11806,2698333179,Molly Maldonado,46.0,Other,Lucknow,MG Road Branch,Fixed Deposit,414218.68,TXN101806,2022-06-18,ATM Withdrawal,156266.26,POS,Success,597.0,Retired,1588886.44,No,emilycurtis@example.com,947.705.0707,False
1357,CUST11454,1592921738,Michael Gomez,71.0,Male,Ahmedabad,MG Road Branch,Salary,322195.41,TXN101454,2025-02-22,Bill Payment,153010.6,Mobile App,Success,711.0,Unemployed,2211372.21,Yes,krystaltucker@example.org,(558)696-0707x228,False
1358,CUST11320,7049863894,Barry Campbell,71.0,Other,Bangalore,Banjara Hills Branch,Current,238728.62,TXN101320,2024-11-14,Deposit,20350.36,POS,Failed,664.0,Student,2103843.36,Yes,john56@example.com,751.735.3814x83747,False
1360,CUST11576,1756347070,Nicholas Garcia,41.0,Female,Delhi,MG Road Branch,Savings,480244.55,TXN101576,2025-06-11,Loan EMI,9319.1,Mobile App,Success,512.0,Business Owner,1672427.49,Yes,garyhernandez@example.net,+1-730-756-4468x5304,False
1362,CUST10680,5903276945,Michael Melendez,49.0,Male,Bangalore,Salt Lake Branch,Salary,99185.3,TXN100680,2022-07-02,Withdrawal,184133.42,Branch,Success,580.0,Unemployed,2084584.35,No,jphelps@example.net,285-562-6149x91537,False
1363,CUST11094,1574347894,Joshua Quinn,71.0,Male,Delhi,Connaught Place Branch,NRI,67322.37,TXN101094,2025-08-14,Deposit,125401.05,POS,Success,686.0,Unemployed,173127.33,Yes,amy18@example.com,846.330.0099x8433,False
1364,CUST10081,2464137110,Harold Morgan,41.0,Female,Kolkata,Anna Nagar Branch,Savings,73567.85,TXN100081,2025-06-19,Deposit,100926.72,ATM,Success,734.0,Student,1880166.62,No,mariacohen@example.net,822.917.0430x3054,False
1366,CUST11889,9559917788,Connie Tucker,58.0,Male,Lucknow,Salt Lake Branch,Salary,496596.8,TXN101889,2025-02-14,POS Purchase,151744.75,Branch,Success,836.0,Salaried,184289.84,Yes,brittanythomas@example.org,+1-335-624-3922x950,False
1367,CUST11771,4599219091,Amy Lane,34.0,Female,Jaipur,Banjara Hills Branch,Current,126880.83,TXN101771,2023-09-05,Loan EMI,60523.99,Internet Banking,Success,635.0,Retired,897998.52,Yes,david43@example.com,402.517.0470x125,False
1368,CUST10753,6608154934,Karen Arellano,57.0,Female,Hyderabad,Connaught Place Branch,Savings,294282.76,TXN100753,2022-07-30,ATM Withdrawal,43327.47,Internet Banking,Success,404.0,Self-Employed,2421120.77,No,brandiwilson@example.org,232.342.6050,False
1369,CUST11240,5219683481,Katherine Sexton,27.0,Male,Jaipur,MG Road Branch,Savings,375962.57,TXN101240,2023-08-22,Transfer,199427.8,ATM,Success,879.0,Self-Employed,2194461.49,Yes,mespinoza@example.org,407-892-3729,False
1370,CUST11525,8054199537,Andrew Green,43.0,Female,Ahmedabad,Koramangala Branch,Fixed Deposit,7373.22,TXN101525,2025-10-23,Transfer,103087.01,UPI,Success,575.0,Retired,2358876.44,No,christopher18@example.org,(201)951-5325x94795,False
1371,CUST11055,6241566716,Kyle Green,45.0,Other,Lucknow,Banjara Hills Branch,Current,246244.99,TXN101055,2024-12-01,Withdrawal,131468.97,POS,Success,591.0,Salaried,1628178.1099999999,No,eparker@example.org,001-653-952-4784x17159,False
1372,CUST10243,1485574228,Karen Perez,62.0,Other,Chennai,Andheri Branch,Savings,205094.0,TXN100243,2025-04-24,Bill Payment,160462.84,UPI,Success,688.0,Student,1892371.49,Yes,ramosmichael@example.com,(240)908-2547,False
1373,CUST11549,4289696531,Manuel Bradley,71.0,Other,Bangalore,Anna Nagar Branch,Salary,161281.15,TXN101549,2025-07-18,Deposit,136285.04,ATM,Success,333.0,Business Owner,511888.36,Yes,omcdonald@example.net,693.995.7955x192,False
1374,CUST10642,8686097927,Adam Diaz,48.0,Male,Chennai,Connaught Place Branch,Savings,476085.73,TXN100642,2025-11-01,Bill Payment,100926.72,UPI,Success,445.0,Salaried,930630.15,Yes,kwoods@example.com,+1-929-885-8567x2872,False
1375,CUST10697,9475343686,Randall Anderson,22.0,Male,Lucknow,Koramangala Branch,Savings,13896.23,TXN100697,2022-05-30,Bill Payment,152682.22,POS,Success,330.0,Self-Employed,1065303.76,No,chadwilson@example.org,(201)951-5325x94795,False
1376,CUST10210,5586143660,Cheryl Palmer,34.0,Male,Chennai,MG Road Branch,Fixed Deposit,216301.17,TXN100210,2024-05-09,Withdrawal,176916.17,Branch,Failed,659.0,Retired,1219740.58,No,jacksonstephanie@example.net,(201)951-5325x94795,False
1378,CUST10771,2700780709,Christopher Jones,47.0,Male,Delhi,Connaught Place Branch,Current,147147.58,TXN100771,2022-06-14,Withdrawal,47274.91,Internet Banking,Success,550.0,Self-Employed,2101433.69,No,oliverashley@example.net,(348)376-2303,False
1379,CUST12030,1647411821,Christina Rich,67.0,Male,Lucknow,Anna Nagar Branch,Current,248762.9,TXN102030,2023-04-04,Deposit,18498.77,POS,Failed,873.0,Salaried,613869.3,Yes,brianna31@example.org,334.545.8019x762,False
1380,CUST10436,7396672521,Jennifer Smith,32.0,Other,Delhi,MG Road Branch,Savings,367588.17,TXN100436,2022-05-20,Bill Payment,135637.58,Internet Banking,Success,634.0,Self-Employed,1012844.94,Yes,fletcherderek@example.net,001-477-271-1837x2742,False
1381,CUST11064,4996944007,Daniel Johnson,30.0,Female,Pune,Anna Nagar Branch,Fixed Deposit,270066.13,TXN101064,2022-06-12,Bill Payment,2177.74,Internet Banking,Success,380.0,Student,615641.02,No,karen81@example.org,001-239-278-1459,False
1382,CUST10975,6717516887,Courtney Tate,23.0,Male,Delhi,Kothrud Branch,Savings,386357.85,TXN100975,2022-04-27,Bill Payment,81214.65,Branch,Success,784.0,Salaried,1101289.68,No,pearsonvicki@example.org,(517)646-9029x83104,False
1383,CUST10552,1999034756,Jason Johnson,57.0,Male,Hyderabad,Connaught Place Branch,Fixed Deposit,377409.1,TXN100552,2025-06-23,Deposit,12031.61,ATM,Success,506.0,Self-Employed,1220881.64,Yes,bernardrobert@example.org,+1-843-498-5298x940,False
1384,CUST11612,5391916809,Patty Walker,32.0,Female,Ahmedabad,MG Road Branch,Current,229652.87,TXN101612,2025-04-13,Loan EMI,23125.97,Internet Banking,Success,755.0,Business Owner,2803814.76,Yes,georgecooper@example.com,6428402555,False
1385,CUST11622,3535492230,Timothy Floyd,45.0,Female,Delhi,Connaught Place Branch,Fixed Deposit,428511.13,TXN101622,2022-01-11,Bill Payment,44297.09,Internet Banking,Success,333.0,Self-Employed,495163.5,Yes,natalie40@example.net,001-329-236-3409x412,False
1386,CUST11014,3517677005,Brooke Lambert,58.0,Female,Delhi,Banjara Hills Branch,Savings,186860.36,TXN101014,2025-07-03,Withdrawal,178056.9,ATM,Success,644.0,Business Owner,1493443.92,Yes,arthurwright@example.com,842.846.3104x379,False
1387,CUST11008,8216895937,Hannah Campbell,46.0,Other,Bangalore,Andheri Branch,Current,191551.57,TXN101008,2023-01-21,Loan EMI,133188.11,UPI,Success,800.0,Business Owner,1396734.83,No,vwright@example.com,534-641-4916x9993,False
1388,CUST11275,3637929158,Daniel Rodriguez,60.0,Male,Ahmedabad,MG Road Branch,Fixed Deposit,142130.76,TXN101275,2022-03-15,Loan EMI,125874.44,Branch,Success,660.0,Salaried,1825107.32,No,blancharddaniel@example.com,001-590-616-3994x90133,False
1389,CUST11387,5254698920,Daniel Barton,64.0,Other,Hyderabad,Anna Nagar Branch,NRI,322247.16,TXN101387,2025-07-26,Bill Payment,164304.05,ATM,Failed,309.0,Unemployed,493368.94,Yes,lucas15@example.com,709.230.7968,False
1390,CUST11296,9861808974,Caitlyn Salazar,48.0,Female,Chennai,Salt Lake Branch,Fixed Deposit,243969.21,TXN101296,2022-07-14,ATM Withdrawal,8737.58,UPI,Success,895.0,Self-Employed,167880.74,Yes,tphillips@example.com,001-272-250-8423x24234,False
1392,CUST11702,1459849147,Stacy Floyd,34.0,Male,Ahmedabad,Banjara Hills Branch,Salary,246244.99,TXN101702,2024-08-13,Withdrawal,121295.39,Mobile App,Success,639.0,Business Owner,1832839.72,No,bmartin@example.net,901.700.3434x499,False
1393,CUST11512,5575251119,Hannah Campbell,57.0,Male,Bangalore,Andheri Branch,NRI,135844.65,TXN101512,2022-10-11,Withdrawal,192307.4,Branch,Success,837.0,Student,2684955.27,Yes,robertsnow@example.com,(774)990-6688x6751,False
1394,CUST10278,1240140248,Charles Delgado,34.0,Male,Jaipur,Salt Lake Branch,NRI,484468.06,TXN100278,2025-07-29,Deposit,175707.87,UPI,Success,590.0,Salaried,767291.24,No,thomasantonio@example.net,+1-445-910-1622x499,False
1395,CUST11070,5393402303,Heather Clarke,68.0,Other,Lucknow,Salt Lake Branch,Fixed Deposit,338776.38,TXN101070,2022-09-01,Bill Payment,95690.33,Mobile App,Success,808.0,Self-Employed,2715890.67,Yes,garciakelly@example.com,+1-890-828-3772x70289,False
1396,CUST11018,5261711194,Robert Kim,68.0,Female,Kolkata,Anna Nagar Branch,Savings,246244.99,TXN101018,2023-04-15,POS Purchase,55570.11,Branch,Success,665.0,Student,1735417.56,Yes,ethomas@example.net,+1-555-630-2453x012,False
1398,CUST10723,3976726439,Kathleen Robinson,46.0,Other,Pune,Banjara Hills Branch,Savings,172752.23,TXN100723,2024-11-01,Deposit,100926.72,UPI,Success,535.0,Student,2390966.8,Yes,tsmith@example.net,(654)796-9192,False
1399,CUST10941,5586999381,Adam Holland,50.0,Male,Lucknow,Andheri Branch,Current,311605.18,TXN100941,2024-04-26,Loan EMI,125143.42,Internet Banking,Success,716.0,Salaried,2294257.21,Yes,kerry11@example.net,640.978.5169,False
1400,CUST10787,1126978869,Eric Garcia,57.0,Other,Delhi,Banjara Hills Branch,NRI,212923.05,TXN100787,2022-02-17,Loan EMI,194672.75,POS,Success,540.0,Student,2775352.4,Yes,mcneilchristina@example.org,(367)614-9498,False
1401,CUST11825,2621826009,Robert Petty,24.0,Other,Ahmedabad,Andheri Branch,Salary,404056.05,TXN101825,2023-09-19,Bill Payment,195350.3,ATM,Success,570.0,Unemployed,1942979.16,No,aowens@example.org,925.570.4430,False
1402,CUST11324,7798241428,Michael Gardner,46.0,Male,Jaipur,Banjara Hills Branch,Fixed Deposit,160939.67,TXN101324,2025-12-25,POS Purchase,69738.47,POS,Success,830.0,Unemployed,466811.36,Yes,michaelallen@example.org,001-398-924-2662,False
1403,CUST11978,4189023927,Timothy Hansen,23.0,Male,Pune,MG Road Branch,Salary,125636.56,TXN101978,2025-12-12,Bill Payment,73166.68,POS,Success,577.0,Student,1313802.85,No,david31@example.org,486.205.7767x7192,False
1404,CUST11400,6552184869,Michael Ellis,66.0,Other,Kolkata,Koramangala Branch,Fixed Deposit,385447.88,TXN101400,2024-08-17,Withdrawal,7383.86,Mobile App,Success,327.0,Student,730186.48,No,brennanmichelle@example.com,001-501-649-7110,False
1405,CUST11831,9872029928,Emily Coleman,44.0,Male,Mumbai,Kothrud Branch,Current,16107.3,TXN101831,2025-01-22,POS Purchase,169118.82,Branch,Success,606.0,Salaried,1577861.03,Yes,walldaniel@example.net,999-794-4261x84553,False
1406,CUST11508,8244170064,Daniel Brandt,21.0,Male,Bangalore,Kothrud Branch,Fixed Deposit,399650.88,TXN101508,2022-07-01,POS Purchase,53108.57,Mobile App,Success,402.0,Retired,678984.48,Yes,durhamwilliam@example.net,001-390-510-1461x03927,False
1407,CUST10907,8569337115,Christopher Morris,23.0,Female,Ahmedabad,Andheri Branch,Fixed Deposit,311074.38,TXN100907,2025-02-11,Withdrawal,118789.32,ATM,Success,580.0,Student,936455.93,No,jasonbarker@example.net,+1-499-249-9197x01426,False
1408,CUST11465,3683926974,Terrance Mullins,45.0,Male,Delhi,Salt Lake Branch,Current,334621.51,TXN101465,2023-06-26,Transfer,53901.23,ATM,Success,690.0,Unemployed,2005238.1,No,bjones@example.net,9972034251,False
1410,CUST11250,1780348350,Dawn Hart,45.0,Male,Chennai,Andheri Branch,Savings,290977.22,TXN101250,2023-12-22,Loan EMI,100926.72,ATM,Success,687.0,Business Owner,2980583.86,No,scochran@example.org,001-229-828-6433x0265,False
1411,CUST10389,7348560496,Carol Wilson,43.0,Other,Mumbai,Connaught Place Branch,Savings,189134.06,TXN100389,2025-11-12,Loan EMI,155976.99,Mobile App,Success,667.0,Business Owner,2093231.85,No,rhondamoore@example.com,001-878-271-2552x137,False
1412,CUST10023,4713453204,Michael Dixon,69.0,Male,Pune,MG Road Branch,Current,246244.99,TXN100023,2023-11-12,Loan EMI,186166.64,UPI,Failed,554.0,Business Owner,603713.85,Yes,donnacampbell@example.net,+1-395-913-4332x0037,False
1413,CUST11414,8655864027,Shannon Bass,45.0,Male,Jaipur,MG Road Branch,NRI,107257.66,TXN101414,2025-02-26,Deposit,148299.52,ATM,Success,597.0,Business Owner,1904979.35,No,jeansmith@example.com,001-625-465-9950x891,False
1414,CUST10125,2282044148,Derrick Anderson,37.0,Female,Bangalore,Kothrud Branch,Salary,237300.73,TXN100125,2025-02-21,Loan EMI,144346.79,ATM,Success,856.0,Student,2702917.32,No,ryanhawkins@example.net,(810)315-8199x56046,False
1415,CUST11439,9653179571,Kyle Young,38.0,Male,Ahmedabad,Andheri Branch,Current,246244.99,TXN101439,2022-07-04,Bill Payment,165241.16,UPI,Success,528.0,Unemployed,467273.84,Yes,mcintyrebrendan@example.org,(482)401-6301x597,False
1416,CUST10774,4297864575,Mrs. Donna Rice,41.0,Female,Kolkata,MG Road Branch,NRI,297580.95,TXN100774,2024-03-26,Deposit,129133.17,Internet Banking,Success,345.0,Self-Employed,1010523.07,Yes,zbyrd@example.net,(201)951-5325x94795,False
1417,CUST10881,6035165371,Joseph Wang,65.0,Other,Lucknow,Andheri Branch,Fixed Deposit,285409.92,TXN100881,2023-02-10,Withdrawal,82287.38,Branch,Success,433.0,Student,1051211.62,Yes,fstone@example.net,422.857.7545x847,False
1418,CUST11145,6700824428,Dawn Yates,55.0,Other,Kolkata,MG Road Branch,Savings,57678.99,TXN101145,2022-10-04,ATM Withdrawal,119841.67,Internet Banking,Success,789.0,Business Owner,852230.03,No,isabella81@example.net,(804)587-7067,False
1419,CUST11167,5424175216,Frank Stephenson,70.0,Male,Lucknow,Connaught Place Branch,Current,256125.96,TXN101167,2024-11-20,Deposit,142352.55,POS,Failed,471.0,Self-Employed,495210.77,Yes,kendrahall@example.org,208.564.9426x942,False
1420,CUST10051,9343730920,Ronald Foster,50.0,Other,Ahmedabad,Kothrud Branch,Savings,297008.51,TXN100051,2024-06-03,ATM Withdrawal,64498.2,ATM,Success,534.0,Unemployed,2532482.05,Yes,knightgina@example.net,6974439533,False
1421,CUST11962,9444448824,Michael Benton,41.0,Other,Kolkata,Kothrud Branch,NRI,376945.59,TXN101962,2025-10-08,Bill Payment,100926.72,UPI,Pending,865.0,Salaried,1228487.55,No,robert19@example.net,703-405-6878x07126,False
1422,CUST11684,2561134894,Kevin Reese,48.0,Other,Hyderabad,MG Road Branch,Salary,244883.16,TXN101684,2025-11-14,Deposit,161361.59,ATM,Success,676.0,Student,2083124.61,No,icarpenter@example.org,(823)314-5968x89109,False
1423,CUST11106,5692144654,Jason Stevenson,30.0,Female,Hyderabad,Connaught Place Branch,Savings,304100.49,TXN101106,2023-02-07,Deposit,115331.01,Branch,Success,811.0,Salaried,1884787.04,Yes,hkelley@example.org,456-249-5254,False
1424,CUST10704,5851013429,Joe Page,64.0,Male,Mumbai,MG Road Branch,Fixed Deposit,251340.15,TXN100704,2025-08-24,Transfer,86331.54,ATM,Success,533.0,Salaried,2804052.62,Yes,vanessamartinez@example.net,(736)866-7776x755,False
1425,CUST10483,4465246370,Danielle Hoover MD,39.0,Female,Mumbai,Connaught Place Branch,Savings,278800.63,TXN100483,2024-09-23,Transfer,198732.88,ATM,Success,870.0,Business Owner,2704505.44,Yes,hayneswayne@example.org,592.431.2604,False
1426,CUST11346,9710886353,Larry Green,64.0,Other,Jaipur,Kothrud Branch,Current,370926.45,TXN101346,2023-06-08,Loan EMI,186663.7,Branch,Success,481.0,Business Owner,372666.57,No,alexandrawest@example.com,(770)230-2930x112,False
1427,CUST11146,5486043678,Shirley Todd,25.0,Male,Ahmedabad,Anna Nagar Branch,Fixed Deposit,339796.86,TXN101146,2022-05-07,Withdrawal,166513.18,POS,Success,597.0,Student,740353.38,No,wgomez@example.net,7257784640,False
1428,CUST10204,6330710675,Jenny Smith,52.0,Other,Chennai,Connaught Place Branch,NRI,422485.07,TXN100204,2024-03-06,Transfer,187044.45,Internet Banking,Success,625.0,Unemployed,2138235.71,Yes,johnsondustin@example.net,5342244204,False
1429,CUST10067,4566852761,Jennifer Wilson,34.0,Female,Delhi,Banjara Hills Branch,Savings,231507.35,TXN100067,2022-06-04,Withdrawal,150842.59,Internet Banking,Failed,706.0,Retired,1192458.89,No,burchgeorge@example.net,651.761.3696x816,False
1430,CUST11990,9537381761,Ronald Gordon,65.0,Other,Hyderabad,Andheri Branch,Salary,71430.7,TXN101990,2025-09-20,ATM Withdrawal,136107.36,UPI,Success,469.0,Salaried,951649.86,No,fpena@example.org,(201)951-5325x94795,False
1431,CUST10734,3694168784,Adam Burton,33.0,Male,Lucknow,Salt Lake Branch,Current,335040.55,TXN100734,2023-06-28,Bill Payment,30329.05,Internet Banking,Success,589.0,Self-Employed,715932.96,Yes,joseph58@example.com,(339)645-3546,False
1432,CUST12059,5122249031,Erika Griffin,61.0,Other,Lucknow,Koramangala Branch,Savings,465841.78,TXN102059,2022-01-05,Bill Payment,145557.88,Mobile App,Success,726.0,Salaried,366789.77,No,uburns@example.net,6789107283,False
1433,CUST10802,3246047970,Ryan Montes,33.0,Female,Delhi,Connaught Place Branch,Current,343266.91,TXN100802,2024-07-23,Withdrawal,8094.55,POS,Success,584.0,Salaried,2267864.78,Yes,gmiller@example.net,581.692.7788x51905,False
1434,CUST11788,8907024618,Kenneth Nelson,45.0,Male,Bangalore,Kothrud Branch,NRI,246244.99,TXN101788,2024-11-11,Bill Payment,145614.65,Branch,Success,543.0,Salaried,737110.22,Yes,joseph10@example.net,504-727-9749,False
1435,CUST11696,6830328486,Marcus Knight,66.0,Other,Bangalore,Kothrud Branch,Savings,461522.18,TXN101696,2024-05-05,Withdrawal,94807.57,POS,Success,725.0,Student,719419.58,No,shawdenise@example.org,+1-796-924-2657x89635,False
1436,CUST10908,2223046837,Anthony Murray,55.0,Male,Kolkata,MG Road Branch,Savings,246244.99,TXN100908,2023-10-31,POS Purchase,95446.45,Internet Banking,Success,684.0,Retired,1628178.1099999999,No,danieljenkins@example.org,+1-904-418-1359x98989,False
1437,CUST10032,3691864041,Tyler Reid,35.0,Female,Mumbai,Koramangala Branch,Current,132216.13,TXN100032,2023-10-17,POS Purchase,100926.72,Internet Banking,Success,456.0,Unemployed,759765.7,No,bzimmerman@example.org,001-684-998-7769x4531,False
1438,CUST10418,5112962480,Robert Hansen,50.0,Female,Bangalore,Kothrud Branch,Salary,299601.8,TXN100418,2024-11-13,Deposit,181693.97,ATM,Success,737.0,Business Owner,1250420.96,Yes,hendersonjames@example.org,+1-631-853-7795x9959,False
1439,CUST10882,3904211413,Kenneth Johnson,68.0,Male,Mumbai,MG Road Branch,Savings,459686.75,TXN100882,2022-04-19,Transfer,170527.56,ATM,Failed,665.0,Self-Employed,2269215.27,Yes,christinedixon@example.net,001-476-383-1608x2717,False
1440,CUST10633,9506361521,Katherine Young,66.0,Female,Delhi,Connaught Place Branch,Salary,374680.35,TXN100633,2023-12-30,Withdrawal,140546.23,Mobile App,Success,815.0,Salaried,1581204.79,Yes,nicholasrush@example.org,863-831-9422,False
1441,CUST11804,9510341894,Dr. Paul Ashley,44.0,Female,Delhi,Banjara Hills Branch,Savings,81209.81,TXN101804,2022-06-25,Transfer,193971.5,UPI,Failed,522.0,Retired,850815.42,Yes,beverlyflores@example.org,581.482.8936,False
1444,CUST11877,6485431754,Mr. Christopher Byrd,72.0,Male,Lucknow,Andheri Branch,Salary,83131.33,TXN101877,2024-08-18,POS Purchase,138797.95,Branch,Success,554.0,Retired,431032.78,Yes,sheilaanderson@example.com,737.965.5476x1727,False
1445,CUST11430,7141796260,Michael Harris,24.0,Female,Lucknow,MG Road Branch,Current,166848.12,TXN101430,2025-01-16,ATM Withdrawal,58002.73,Branch,Success,832.0,Business Owner,1964138.47,No,lestermark@example.com,(523)388-7888x76569,False
1446,CUST11880,5862199360,Daniel Wilkerson,24.0,Male,Ahmedabad,Anna Nagar Branch,Salary,473341.0,TXN101880,2023-10-27,POS Purchase,171846.93,Mobile App,Success,573.0,Unemployed,2993350.71,Yes,guerracarrie@example.net,5377191275,False
1447,CUST10078,7059376953,Brenda Thornton,73.0,Other,Pune,MG Road Branch,Salary,298207.1,TXN100078,2023-12-22,Deposit,100926.72,Branch,Success,793.0,Self-Employed,2564733.32,No,fgilbert@example.org,232-589-8614x341,False
1448,CUST10492,5221740529,Jennifer Carr,69.0,Other,Lucknow,Connaught Place Branch,Salary,146096.81,TXN100492,2025-09-27,Loan EMI,163025.09,POS,Success,686.0,Retired,2251910.12,Yes,tracie05@example.org,001-942-540-8916x4983,False
1449,CUST11629,1567130806,Johnny Scott,22.0,Other,Mumbai,Salt Lake Branch,Fixed Deposit,311162.11,TXN101629,2025-10-24,Bill Payment,4856.88,UPI,Success,737.0,Self-Employed,1105603.96,Yes,wcarrillo@example.org,001-377-852-5723x163,False
1451,CUST10533,9213620437,Leslie Young,18.0,Female,Delhi,Banjara Hills Branch,Fixed Deposit,472636.58,TXN100533,2025-04-02,Loan EMI,131078.94,Branch,Success,452.0,Student,798598.7,Yes,mitchelldawn@example.net,7742260880,False
1452,CUST10066,2893321208,Casey James,55.0,Female,Delhi,Anna Nagar Branch,Salary,159993.16,TXN100066,2024-04-30,Withdrawal,40198.92,POS,Failed,674.0,Retired,1580115.07,No,vincentwhitaker@example.com,860-860-7159,False
1453,CUST11954,1959923817,Jeffery Walker,63.0,Female,Kolkata,Kothrud Branch,Fixed Deposit,485640.77,TXN101954,2024-06-24,Loan EMI,50060.32,UPI,Success,698.0,Salaried,1716052.98,No,fernando04@example.net,669.422.5916,False
1454,CUST11436,1795048055,Sandra Washington,48.0,Female,Chennai,MG Road Branch,Current,305334.23,TXN101436,2022-04-13,ATM Withdrawal,152063.63,POS,Success,679.0,Self-Employed,1685418.45,Yes,gfowler@example.org,+1-964-758-3744x959,False
1455,CUST11285,4559822204,Mrs. Ashley Mooney,68.0,Male,Kolkata,Koramangala Branch,NRI,329686.87,TXN101285,2022-08-19,ATM Withdrawal,74529.27,Internet Banking,Failed,856.0,Student,1676988.57,No,ryan56@example.org,(458)742-2717x266,False
1456,CUST10297,6199197408,Jennifer Bryant,62.0,Other,Kolkata,Salt Lake Branch,Salary,222618.14,TXN100297,2025-03-16,Withdrawal,195855.53,UPI,Success,597.0,Unemployed,919354.95,Yes,dhanson@example.net,(687)865-3269x09738,False
1457,CUST10592,5907730882,Jeffery Thompson,54.0,Other,Hyderabad,MG Road Branch,Salary,352288.72,TXN100592,2023-05-26,ATM Withdrawal,121760.16,UPI,Success,749.0,Business Owner,2425636.36,No,donna56@example.net,(577)896-3044,False
1458,CUST11444,1046300897,Christopher White,40.0,Female,Jaipur,Banjara Hills Branch,Current,186142.66,TXN101444,2022-10-08,Bill Payment,111904.41,Mobile App,Success,778.0,Student,713901.0,No,jeff95@example.com,384.346.0789x0751,False
1459,CUST10768,4878269039,Shawn Yu,29.0,Female,Hyderabad,Andheri Branch,Fixed Deposit,271122.94,TXN100768,2022-02-14,Bill Payment,161853.81,Branch,Success,745.0,Unemployed,1288100.42,Yes,debbiebrown@example.net,9698556076,False
1460,CUST11286,1036232777,Alexander Reyes,66.0,Other,Mumbai,Banjara Hills Branch,Salary,275917.37,TXN101286,2022-04-30,Bill Payment,61895.31,ATM,Success,300.0,Salaried,2414645.52,Yes,alvarezelizabeth@example.org,341-230-6862x4087,False
1461,CUST10725,4864922819,Tracie Harrington,74.0,Female,Chennai,Andheri Branch,Savings,246244.99,TXN100725,2025-02-09,ATM Withdrawal,186028.53,UPI,Success,334.0,Student,1628178.1099999999,Yes,jeanlynch@example.org,997.905.8162x9518,False
1462,CUST11647,5558038869,Kristen Keller,21.0,Female,Bangalore,Anna Nagar Branch,Salary,199861.78,TXN101647,2024-11-08,Transfer,15215.77,Internet Banking,Success,495.0,Retired,1628178.1099999999,Yes,hullrobert@example.com,(247)671-1588x2187,False
1463,CUST11306,7671511066,Benjamin Wilson,44.0,Male,Chennai,Andheri Branch,Fixed Deposit,393092.91,TXN101306,2022-01-27,Deposit,176.34,Mobile App,Success,699.0,Unemployed,1299396.62,No,rgarrett@example.com,5679635322,False
1464,CUST10627,5611808298,Andrew Rodgers,71.0,Other,Delhi,MG Road Branch,Current,179448.33,TXN100627,2022-06-11,Withdrawal,15459.21,POS,Success,726.0,Self-Employed,2331440.46,No,gregorynichols@example.org,001-327-764-5793x8970,False
1465,CUST11377,5091830586,Krystal Watkins,72.0,Male,Hyderabad,Anna Nagar Branch,NRI,439057.13,TXN101377,2024-04-17,Loan EMI,109178.23,POS,Failed,576.0,Retired,986337.66,No,nmcintosh@example.com,+1-583-800-4837,False
1466,CUST11626,2006451779,Elizabeth Johnson,42.0,Other,Ahmedabad,Kothrud Branch,NRI,383031.67,TXN101626,2023-08-07,Transfer,75400.05,Branch,Success,550.0,Student,186618.34,Yes,hawkinsdeanna@example.net,396-264-5231,False
1467,CUST10746,8055852017,Jesse Wilson,45.0,Male,Mumbai,Anna Nagar Branch,NRI,80474.13,TXN100746,2024-09-30,POS Purchase,50031.31,Internet Banking,Success,784.0,Retired,2210642.38,Yes,dorothy09@example.com,965-734-6997x99070,False
1468,CUST11213,4660924085,Karen Wilkins,26.0,Other,Ahmedabad,Kothrud Branch,Salary,424495.68,TXN101213,2022-09-18,ATM Withdrawal,100926.72,Internet Banking,Success,498.0,Salaried,2710756.77,Yes,murphyjoseph@example.com,(360)575-6999,False
1469,CUST11864,4906234933,Jennifer Fuentes,39.0,Other,Kolkata,Banjara Hills Branch,Savings,34049.29,TXN101864,2023-03-09,Loan EMI,100926.72,Branch,Success,468.0,Salaried,2726507.61,No,mitchell67@example.net,765.476.6647x608,False
1470,CUST10252,9086117171,John Dillon,50.0,Female,Pune,Connaught Place Branch,Salary,195924.35,TXN100252,2023-12-04,Transfer,90596.5,Internet Banking,Success,824.0,Business Owner,2552762.13,No,bjones@example.net,585-770-8620x959,False
1471,CUST10477,3790611308,Megan Macias,45.0,Other,Jaipur,Connaught Place Branch,Savings,146963.52,TXN100477,2024-08-07,Withdrawal,94824.12,Mobile App,Success,456.0,Unemployed,2152404.6,No,gregoryrichardson@example.org,650.967.6251x53814,False
1472,CUST12058,9097131480,Riley Hurst,42.0,Female,Ahmedabad,Kothrud Branch,Savings,413109.05,TXN102058,2023-12-01,POS Purchase,112095.51,UPI,Success,366.0,Retired,2616118.29,No,stevenskaren@example.org,735-466-8303x2536,False
1474,CUST10983,9141495500,Taylor Martinez,59.0,Male,Kolkata,Andheri Branch,Fixed Deposit,246244.99,TXN100983,2022-05-16,Deposit,6324.33,ATM,Success,809.0,Student,2026238.93,No,matthewwood@example.net,001-409-759-4815x269,False
1475,CUST10980,3211441979,Michelle Barrett,49.0,Other,Delhi,Koramangala Branch,Savings,193663.71,TXN100980,2023-11-25,ATM Withdrawal,32603.16,Branch,Success,667.0,Retired,1023236.46,No,mbaker@example.net,532-247-2505x83334,False
1476,CUST10707,1244313440,Paul Elliott,21.0,Male,Ahmedabad,Andheri Branch,Salary,17078.31,TXN100707,2023-12-18,POS Purchase,131059.03,Internet Banking,Pending,432.0,Retired,1283783.16,Yes,danielleandrews@example.org,(265)373-2759,False
1477,CUST10488,2864326250,Joshua King,43.0,Male,Delhi,MG Road Branch,NRI,486193.88,TXN100488,2024-05-08,Bill Payment,100926.72,UPI,Success,597.0,Unemployed,2266687.88,No,patricia71@example.com,476-688-0294,False
1478,CUST10274,8694264068,Jay Austin,42.0,Female,Delhi,MG Road Branch,Savings,490197.84,TXN100274,2023-10-26,Deposit,140762.06,POS,Success,580.0,Unemployed,900450.8,Yes,vaughnrebecca@example.com,+1-271-481-2982x6657,False
1479,CUST12076,5783183968,Jill Reyes,44.0,Other,Pune,MG Road Branch,Fixed Deposit,144375.16,TXN102076,2025-12-16,Transfer,61467.28,UPI,Success,447.0,Salaried,1197799.9,Yes,floydsamantha@example.org,+1-598-475-5798,False
1480,CUST11929,4082858906,Mary Terry,45.0,Male,Delhi,Connaught Place Branch,Fixed Deposit,127208.21,TXN101929,2022-08-27,ATM Withdrawal,125576.89,POS,Success,818.0,Self-Employed,1053062.86,Yes,paulahurst@example.net,001-598-829-3055x77979,False
1481,CUST10964,3146309825,Catherine Brown,69.0,Male,Bangalore,Anna Nagar Branch,NRI,497330.87,TXN100964,2023-09-04,Deposit,120898.93,Branch,Success,597.0,Business Owner,218046.17,No,dorisarmstrong@example.org,234.851.1009,False
1482,CUST10878,9536201853,Andrea Smith,26.0,Other,Kolkata,Connaught Place Branch,Fixed Deposit,207676.03,TXN100878,2024-05-05,Bill Payment,146703.19,Branch,Pending,774.0,Business Owner,1112733.8,No,timothy83@example.net,+1-968-421-4448x8966,False
1483,CUST11620,4643521573,Melissa Anderson,38.0,Other,Jaipur,Andheri Branch,NRI,246244.99,TXN101620,2022-04-05,Transfer,4100.15,Internet Banking,Success,701.0,Self-Employed,2728739.98,Yes,douglas07@example.net,001-988-621-6511x92145,False
1484,CUST11131,9281022257,Ryan Powell,75.0,Female,Hyderabad,Andheri Branch,Current,246244.99,TXN101131,2024-07-13,Transfer,104413.16,UPI,Failed,884.0,Student,2921679.59,No,antoniothompson@example.org,(690)439-2202x69801,False
1485,CUST11598,2242655074,Samuel Phillips,25.0,Male,Jaipur,Kothrud Branch,Salary,155142.46,TXN101598,2024-09-19,ATM Withdrawal,100926.72,POS,Success,746.0,Student,2570029.51,No,lynnholmes@example.com,+1-619-921-4749,False
1486,CUST10412,1812009356,Peter Stephenson,45.0,Male,Jaipur,Banjara Hills Branch,Fixed Deposit,287245.83,TXN100412,2025-09-04,ATM Withdrawal,157375.53,Branch,Success,842.0,Retired,1418980.47,No,brandonhull@example.net,550.563.5190x361,False
1487,CUST11819,8722894648,Jonathon Walker,55.0,Male,Jaipur,Salt Lake Branch,Fixed Deposit,197911.14,TXN101819,2023-05-27,Transfer,199642.96,Branch,Success,545.0,Business Owner,2655695.69,No,michael94@example.com,886-681-7341x88079,False
1488,CUST11673,2050149115,Jennifer Flores,73.0,Other,Pune,Kothrud Branch,Current,246244.99,TXN101673,2025-06-21,POS Purchase,58078.67,Internet Banking,Success,597.0,Salaried,2278938.71,Yes,wesleyfoster@example.net,502-630-8996x46924,False
1489,CUST11902,2446606165,Kyle Mckinney,44.0,Female,Pune,MG Road Branch,NRI,399524.24,TXN101902,2023-01-04,Withdrawal,100926.72,Branch,Success,600.0,Business Owner,1534855.4,Yes,josephjones@example.org,(452)376-2520,False
1490,CUST10668,2978664640,Steven Scott,26.0,Female,Delhi,Salt Lake Branch,Fixed Deposit,332458.8,TXN100668,2024-12-04,POS Purchase,48142.66,Branch,Success,587.0,Business Owner,2352035.33,No,dingram@example.net,458-341-5608,False
1491,CUST11263,2593375387,Chad Johnson,74.0,Male,Hyderabad,Andheri Branch,Current,246244.99,TXN101263,2022-11-19,ATM Withdrawal,148185.29,Mobile App,Failed,597.0,Business Owner,1453929.99,Yes,jesse92@example.org,+1-620-556-2019x01134,False
1492,CUST10150,6817280229,Jeanette Walters,68.0,Other,Mumbai,Banjara Hills Branch,Fixed Deposit,226793.86,TXN100150,2023-05-14,ATM Withdrawal,45210.16,UPI,Success,382.0,Unemployed,2976272.91,Yes,collinssamuel@example.org,6314617990,False
1493,CUST10645,2359422830,Sylvia Escobar,27.0,Female,Delhi,Kothrud Branch,Salary,52371.47,TXN100645,2025-10-12,Bill Payment,100926.72,UPI,Success,761.0,Self-Employed,1957735.2,Yes,alexandrabrown@example.org,399.577.1805,False
1495,CUST10219,2802141793,Amanda Juarez,44.0,Male,Delhi,Anna Nagar Branch,Savings,279155.3,TXN100219,2022-07-26,Loan EMI,57254.27,POS,Failed,720.0,Business Owner,1241673.9,No,bryanwood@example.org,+1-438-856-7700x51844,False
1496,CUST10240,3884642366,Eddie Adams,25.0,Other,Delhi,Andheri Branch,Savings,246244.99,TXN100240,2022-06-03,ATM Withdrawal,144729.07,ATM,Success,767.0,Business Owner,902756.31,Yes,cnelson@example.com,001-498-876-2202x3413,False
1497,CUST11132,9639472848,Debra Poole,29.0,Male,Chennai,Koramangala Branch,NRI,18645.28,TXN101132,2024-08-29,Transfer,94681.39,Mobile App,Success,484.0,Self-Employed,1233712.23,Yes,hendersonanthony@example.org,670.531.6370x500,False
1498,CUST11217,3090995743,Chad Carroll,50.0,Male,Kolkata,Salt Lake Branch,NRI,246244.99,TXN101217,2024-05-05,Loan EMI,193944.01,Branch,Success,341.0,Student,816523.46,No,wilkinsonrussell@example.org,8033638564,False
1499,CUST10793,7885901965,Raymond Costa,33.0,Male,Ahmedabad,Anna Nagar Branch,NRI,418127.1,TXN100793,2022-11-23,Withdrawal,92469.34,Mobile App,Success,333.0,Unemployed,2079086.27,No,jasoncook@example.net,001-684-986-8999x3607,False
1500,CUST10192,6629404082,Sandra Dudley,23.0,Other,Ahmedabad,MG Road Branch,Salary,96338.93,TXN100192,2025-02-28,Loan EMI,60816.67,POS,Success,597.0,Retired,2919794.57,Yes,jade42@example.org,+1-373-975-3001,False
1501,CUST10334,3262584884,Luke Robinson,34.0,Male,Chennai,Koramangala Branch,Current,393540.19,TXN100334,2025-06-19,Transfer,10664.4,UPI,Failed,368.0,Student,2032062.55,No,christopher09@example.net,998.334.3018,False
1502,CUST11528,6389177633,Luke Carpenter,45.0,Female,Chennai,MG Road Branch,Savings,190139.49,TXN101528,2024-07-03,Transfer,104227.85,Branch,Success,435.0,Business Owner,2097386.05,No,osmith@example.org,+1-813-269-4126x410,False
1503,CUST11532,9641972357,Taylor Wallace,67.0,Female,Mumbai,Kothrud Branch,NRI,239819.42,TXN101532,2025-03-25,Bill Payment,27029.15,ATM,Success,456.0,Retired,915869.57,Yes,rodrigueznicole@example.com,396-600-4902,False
1504,CUST10963,8534483048,James Ellis,53.0,Other,Pune,Kothrud Branch,NRI,173737.42,TXN100963,2025-05-25,POS Purchase,100926.72,UPI,Success,557.0,Retired,2820079.81,Yes,matthewsmith@example.org,+1-350-917-3654x2624,False
1505,CUST11959,4332646924,Mary Hart,54.0,Female,Pune,Connaught Place Branch,Savings,354440.96,TXN101959,2025-03-10,Deposit,129027.72,Branch,Success,591.0,Retired,1809818.45,No,samanthafaulkner@example.org,001-811-828-1779x036,False
1506,CUST11527,6680745031,Craig Baker,75.0,Female,Ahmedabad,Salt Lake Branch,Salary,161924.71,TXN101527,2025-09-24,POS Purchase,189407.04,ATM,Success,667.0,Student,1153385.43,Yes,kathryn64@example.com,522.975.7940x7403,False
1509,CUST11988,9710524597,Pamela Wyatt,29.0,Male,Kolkata,MG Road Branch,Current,170747.87,TXN101988,2023-08-15,POS Purchase,94737.39,UPI,Success,535.0,Unemployed,2095631.52,Yes,michaeljennings@example.com,(201)951-5325x94795,False
1510,CUST11869,3690729228,Heather Hudson,64.0,Male,Delhi,Koramangala Branch,Savings,298710.78,TXN101869,2024-05-08,ATM Withdrawal,70899.62,Internet Banking,Success,430.0,Business Owner,2655096.22,No,cooperjoshua@example.com,+1-574-957-8351x798,False
1511,CUST10583,3189353138,Sandra Johnson,19.0,Other,Lucknow,Kothrud Branch,Salary,345331.56,TXN100583,2022-07-13,Loan EMI,118596.16,Branch,Success,744.0,Business Owner,1778555.83,Yes,veronicaanderson@example.net,(365)226-8341x5599,False
1512,CUST11077,7580737343,Carl Anderson,42.0,Other,Delhi,Salt Lake Branch,NRI,246099.17,TXN101077,2022-11-12,Loan EMI,166825.91,ATM,Success,500.0,Student,2983446.93,Yes,kristin04@example.org,+1-323-219-0577x2044,False
1513,CUST11658,1628898562,Jeffrey Robinson,45.0,Other,Delhi,Andheri Branch,Current,144077.66,TXN101658,2023-08-18,Bill Payment,100926.72,UPI,Pending,657.0,Unemployed,2027143.5,No,david85@example.net,(328)237-2372x2593,False
1514,CUST10840,3512463846,Eduardo Hall,74.0,Other,Ahmedabad,Koramangala Branch,Current,259033.85,TXN100840,2022-07-01,ATM Withdrawal,120683.05,POS,Failed,547.0,Student,1559415.63,No,bcooper@example.net,(463)322-3998,False
1515,CUST10628,4193557045,Charles Davila,65.0,Other,Hyderabad,Kothrud Branch,Fixed Deposit,359891.5,TXN100628,2024-06-28,Loan EMI,128987.19,Mobile App,Success,459.0,Salaried,2661297.86,Yes,reyestina@example.org,546-260-2416x13944,False
1516,CUST10324,9304405028,Melissa Garcia,75.0,Female,Jaipur,Banjara Hills Branch,Salary,203233.36,TXN100324,2025-07-20,Bill Payment,165239.69,ATM,Success,876.0,Retired,759695.19,No,jallen@example.org,001-963-225-4310x742,False
1518,CUST11161,5437560815,Rose Francis,56.0,Other,Kolkata,Andheri Branch,Salary,310185.12,TXN101161,2023-04-15,Transfer,169561.7,ATM,Success,406.0,Retired,347002.2,No,maysedward@example.com,001-229-610-8450x786,False
1519,CUST10779,7271729065,Geoffrey Austin,21.0,Other,Delhi,Koramangala Branch,Fixed Deposit,165418.18,TXN100779,2023-08-30,Loan EMI,163842.91,POS,Success,597.0,Business Owner,1338621.67,No,bjones@example.net,791.977.6808x98126,False
1521,CUST10940,1917237744,Wendy Bryant,60.0,Female,Ahmedabad,Kothrud Branch,Current,45018.74,TXN100940,2024-03-05,POS Purchase,126697.64,POS,Failed,372.0,Self-Employed,2051184.69,Yes,amoon@example.com,859-667-1500x666,False
1522,CUST10438,9550041076,Kyle Williams,74.0,Male,Pune,Kothrud Branch,Salary,425701.52,TXN100438,2024-06-25,Bill Payment,7244.42,Internet Banking,Success,610.0,Unemployed,617811.1,No,pwang@example.com,331.506.0053,False
1523,CUST10120,9533188043,Debra Sanders,53.0,Female,Delhi,Connaught Place Branch,NRI,252106.87,TXN100120,2024-10-21,Deposit,100926.72,Internet Banking,Success,785.0,Retired,1452417.39,Yes,susan79@example.org,001-234-410-1666x870,False
1524,CUST11569,8833588689,Samuel Williams,31.0,Male,Delhi,MG Road Branch,Salary,2051.82,TXN101569,2023-10-22,Transfer,48809.85,Branch,Success,735.0,Salaried,1614423.42,Yes,kperkins@example.net,(526)754-3475x91604,False
1525,CUST11945,8042650940,Pamela Morrison,30.0,Female,Kolkata,Connaught Place Branch,NRI,52937.65,TXN101945,2024-06-09,Loan EMI,114646.83,POS,Success,414.0,Student,2171973.02,Yes,vargaspamela@example.net,001-349-651-6599,False
1526,CUST11366,2367263176,Kurt Montgomery,60.0,Other,Delhi,Banjara Hills Branch,Salary,161511.67,TXN101366,2022-10-17,Loan EMI,114687.56,ATM,Success,318.0,Self-Employed,1628178.1099999999,Yes,brooksjames@example.com,250-502-0268x387,False
1527,CUST11027,4105648029,Linda Stewart,23.0,Female,Delhi,Anna Nagar Branch,Savings,342417.98,TXN101027,2024-09-11,Loan EMI,19697.21,POS,Success,358.0,Unemployed,2283144.47,Yes,josephchavez@example.com,(201)951-5325x94795,False
1528,CUST11254,6251628992,James Ward,31.0,Male,Kolkata,Kothrud Branch,Savings,85519.36,TXN101254,2023-12-18,Deposit,32344.32,Internet Banking,Success,597.0,Student,1004172.54,Yes,donald60@example.org,+1-763-872-6319,False
1529,CUST11590,3855911777,Amber Rodriguez,60.0,Male,Delhi,Salt Lake Branch,Fixed Deposit,357895.67,TXN101590,2025-03-07,Bill Payment,17731.82,Branch,Success,326.0,Student,1628178.1099999999,Yes,anthony20@example.com,4252497239,False
1530,CUST11381,8735364294,Victoria Kelly,59.0,Male,Mumbai,Anna Nagar Branch,NRI,243994.1,TXN101381,2023-02-05,POS Purchase,110108.73,POS,Success,555.0,Salaried,2592947.41,No,tranamanda@example.org,8615735631,False
1531,CUST10077,9259157845,Courtney Hayes,22.0,Male,Mumbai,Anna Nagar Branch,Fixed Deposit,43765.04,TXN100077,2024-02-03,Loan EMI,26066.58,Mobile App,Success,875.0,Retired,1089491.05,Yes,sarah60@example.com,653.961.5305x15220,False
1532,CUST11054,4005092365,Carolyn Silva,45.0,Female,Delhi,Salt Lake Branch,Savings,225876.66,TXN101054,2024-05-05,Deposit,128405.09,Internet Banking,Success,616.0,Student,2837639.81,Yes,george52@example.net,216-218-5759x17105,False
1533,CUST10901,7083157218,Evelyn Novak,18.0,Female,Delhi,Banjara Hills Branch,Salary,340449.07,TXN100901,2024-05-28,POS Purchase,24413.39,Internet Banking,Success,649.0,Unemployed,1214060.88,Yes,michael84@example.com,736-921-3009x6258,False
1534,CUST10372,7980242272,Joseph Thomas,63.0,Other,Pune,Salt Lake Branch,Fixed Deposit,270284.99,TXN100372,2025-09-18,Withdrawal,95000.54,Internet Banking,Success,668.0,Student,589661.78,Yes,edwardstiffany@example.com,956-444-9485x625,False
1535,CUST11205,2338676330,Brittany Fisher,43.0,Male,Delhi,Connaught Place Branch,Fixed Deposit,333873.42,TXN101205,2023-01-02,Loan EMI,1743.85,UPI,Success,678.0,Business Owner,1633883.14,Yes,msmith@example.com,358-950-1530,False
1536,CUST11667,2245962508,Anthony Henry,20.0,Male,Delhi,MG Road Branch,NRI,192517.1,TXN101667,2022-04-12,Deposit,60873.63,UPI,Success,317.0,Business Owner,395146.93,Yes,brownjoanna@example.org,8279366325,False
1537,CUST10950,1777838906,Gregory Hart,41.0,Other,Chennai,Anna Nagar Branch,Salary,49268.12,TXN100950,2025-01-01,Transfer,25528.05,Mobile App,Failed,733.0,Self-Employed,263821.54,Yes,bjones@example.net,+1-927-211-5261x053,False
1538,CUST10942,9034461003,Luis Richardson,67.0,Female,Chennai,Connaught Place Branch,Salary,246244.99,TXN100942,2025-05-26,Loan EMI,173393.74,UPI,Failed,790.0,Retired,2855755.53,No,russellkelley@example.com,(201)951-5325x94795,False
1539,CUST10578,8974804213,Jacob Carson,64.0,Female,Hyderabad,Andheri Branch,Savings,271711.17,TXN100578,2023-11-23,Bill Payment,135595.84,ATM,Success,700.0,Salaried,1654356.64,No,bjones@example.com,(605)295-5657,False
1540,CUST10820,1896820343,Rodney Young,37.0,Male,Pune,Koramangala Branch,Current,467832.64,TXN100820,2023-03-21,Loan EMI,71101.19,Internet Banking,Failed,750.0,Salaried,2527348.14,No,oconnorjames@example.org,224.370.7392,False
1541,CUST11694,7663043297,Tyler Hanson,71.0,Other,Pune,Andheri Branch,Salary,51059.8,TXN101694,2022-04-15,POS Purchase,72727.3,Internet Banking,Success,867.0,Unemployed,2079156.66,No,elizabeth32@example.org,001-610-291-2944x3141,False
1542,CUST11719,1938073909,Ryan Barrett PhD,36.0,Other,Mumbai,Anna Nagar Branch,Fixed Deposit,205128.46,TXN101719,2022-07-18,ATM Withdrawal,59673.15,UPI,Success,683.0,Self-Employed,992236.53,Yes,brooke45@example.net,666.994.9471x553,False
1543,CUST12056,9911594202,Steven Buchanan,65.0,Male,Chennai,Koramangala Branch,NRI,246244.99,TXN102056,2023-08-01,Deposit,139785.23,Branch,Success,551.0,Business Owner,2183854.08,Yes,paulwhitaker@example.com,+1-975-303-1049,False
1544,CUST11591,6233206426,William Jackson,32.0,Other,Mumbai,MG Road Branch,Savings,477745.94,TXN101591,2022-08-09,Withdrawal,70013.37,POS,Success,710.0,Unemployed,853660.76,No,ndiaz@example.net,747.453.9659x7442,False
1545,CUST10887,4933868190,Trevor Bautista,49.0,Female,Delhi,MG Road Branch,Current,348760.02,TXN100887,2023-06-23,Bill Payment,199230.98,ATM,Success,769.0,Unemployed,378695.93,Yes,davidjohnson@example.net,001-912-956-0832x00487,False
1546,CUST10969,9089712772,Thomas Floyd,66.0,Female,Pune,MG Road Branch,NRI,246244.99,TXN100969,2025-03-05,POS Purchase,13504.47,Internet Banking,Failed,686.0,Business Owner,2032756.35,No,rsharp@example.com,001-716-711-8638,False
1547,CUST11846,1651549487,Samuel Conway,42.0,Other,Lucknow,Connaught Place Branch,Salary,250989.51,TXN101846,2023-07-04,ATM Withdrawal,4994.59,Internet Banking,Success,819.0,Business Owner,2876419.04,No,haascheryl@example.org,414-885-0275x908,False
1548,CUST10786,8185419951,Sarah Garcia,34.0,Female,Chennai,Anna Nagar Branch,Fixed Deposit,278469.5,TXN100786,2023-12-09,Deposit,100926.72,POS,Success,598.0,Business Owner,1628178.1099999999,No,hoganalan@example.net,(371)220-0720x24559,False
1549,CUST11782,5825386725,Ashley Davis,52.0,Male,Pune,Andheri Branch,Current,341942.11,TXN101782,2025-07-20,Loan EMI,99869.31,UPI,Success,690.0,Retired,1770170.14,No,khayden@example.org,553.203.1387,False
1550,CUST11942,4077215032,Sherry Harris,49.0,Other,Pune,Connaught Place Branch,Fixed Deposit,159754.81,TXN101942,2022-11-18,POS Purchase,146287.22,ATM,Success,393.0,Unemployed,2171717.46,Yes,collinsdiana@example.com,607-302-6406x26067,False
1551,CUST11861,3119185275,Joshua Porter,75.0,Male,Jaipur,Connaught Place Branch,Fixed Deposit,265128.9,TXN101861,2025-08-12,Deposit,85277.62,Mobile App,Failed,643.0,Student,2936796.25,Yes,hilltracy@example.com,814.519.8872,False
1552,CUST10302,4895849088,Dr. Linda Underwood,23.0,Male,Kolkata,Connaught Place Branch,Salary,155023.51,TXN100302,2023-08-20,ATM Withdrawal,53531.1,UPI,Success,755.0,Business Owner,2281502.17,No,amullins@example.com,272.439.5041,False
1553,CUST10690,3953969835,Robin Wallace,25.0,Male,Chennai,Andheri Branch,NRI,439349.03,TXN100690,2024-11-30,Deposit,49478.86,Mobile App,Success,817.0,Student,1263534.6,Yes,mcconnellpamela@example.org,741-952-9821x7392,False
1554,CUST10813,5672946587,Mathew Cole,33.0,Female,Lucknow,Koramangala Branch,NRI,263168.88,TXN100813,2023-08-20,ATM Withdrawal,4419.27,Mobile App,Failed,621.0,Business Owner,2729544.96,No,mary64@example.org,637.720.3763x8821,False
1555,CUST11062,9142048856,Thomas Watson,46.0,Female,Lucknow,Koramangala Branch,Fixed Deposit,76967.7,TXN101062,2024-07-08,Withdrawal,145217.94,Branch,Success,440.0,Business Owner,205468.08,Yes,tmurphy@example.net,(982)381-9022x179,False
1556,CUST11378,4564261658,Melissa Miller,60.0,Other,Lucknow,MG Road Branch,Current,177610.84,TXN101378,2022-03-16,Bill Payment,194994.7,Mobile App,Success,610.0,Retired,1762032.12,No,barbara22@example.net,+1-612-270-6593x410,False
1557,CUST11522,9301251045,Christopher Thomas,32.0,Female,Chennai,MG Road Branch,Savings,87138.51,TXN101522,2024-07-11,Bill Payment,148275.44,Internet Banking,Success,597.0,Retired,2920681.82,No,bjones@example.net,+1-663-713-7371,False
1558,CUST10237,3676343517,Michelle Brock,56.0,Male,Mumbai,MG Road Branch,Savings,343323.62,TXN100237,2024-05-03,Bill Payment,76081.74,POS,Success,456.0,Student,2131297.28,Yes,bjones@example.net,001-627-202-6728x8574,False
1559,CUST11116,1139083858,David Parrish,21.0,Other,Chennai,Banjara Hills Branch,Fixed Deposit,478077.48,TXN101116,2025-03-01,Loan EMI,127985.74,ATM,Success,615.0,Retired,334914.8,No,bjones@example.net,(721)969-0696,False
1560,CUST11565,4494196944,Ashley Bailey,25.0,Other,Delhi,Connaught Place Branch,Fixed Deposit,374561.99,TXN101565,2024-02-17,Withdrawal,13343.55,POS,Success,665.0,Unemployed,2728098.32,No,hunterfrank@example.org,(589)260-0834x7612,False
1561,CUST10500,4253932355,Michael Gutierrez,54.0,Other,Bangalore,Kothrud Branch,NRI,447916.46,TXN100500,2022-09-04,ATM Withdrawal,187239.55,Internet Banking,Pending,581.0,Self-Employed,849067.08,No,bjones@example.net,+1-378-887-8836,False
1562,CUST11914,1091561503,Thomas Fields,35.0,Female,Hyderabad,Salt Lake Branch,Fixed Deposit,297720.79,TXN101914,2025-02-23,Bill Payment,154990.74,UPI,Success,831.0,Student,924128.05,No,amandawarren@example.net,935.287.2729x9335,False
1563,CUST11080,2692504896,Joseph Howell,26.0,Female,Lucknow,Koramangala Branch,Current,317342.12,TXN101080,2025-07-22,Withdrawal,136720.94,UPI,Success,597.0,Student,1628178.1099999999,Yes,leepatrick@example.com,963-407-0286,False
1564,CUST11327,1356483054,Adrienne Moon,64.0,Male,Chennai,Connaught Place Branch,NRI,248902.63,TXN101327,2024-06-08,Loan EMI,100926.72,Mobile App,Success,803.0,Student,377391.15,No,umartinez@example.org,+1-473-782-7777x1184,False
1565,CUST10795,6855643596,Joseph Williams,63.0,Other,Ahmedabad,Salt Lake Branch,Savings,47329.62,TXN100795,2023-06-22,Loan EMI,165054.46,Mobile App,Success,675.0,Student,2021130.45,Yes,aallen@example.com,2149886084,False
1567,CUST11768,8474849787,Sean Nelson,63.0,Male,Delhi,Salt Lake Branch,Salary,488865.14,TXN101768,2025-04-15,Transfer,100926.72,UPI,Success,582.0,Unemployed,617603.11,Yes,jessica51@example.com,470-879-4321x83024,False
1569,CUST10991,3817938939,James Reed,18.0,Other,Pune,Anna Nagar Branch,Salary,321655.71,TXN100991,2024-09-09,Deposit,19937.01,UPI,Success,473.0,Unemployed,983102.39,No,aprilmyers@example.net,7925973525,False
1570,CUST11581,5125063457,John Moore,41.0,Male,Jaipur,MG Road Branch,NRI,457641.8,TXN101581,2024-05-02,Transfer,100926.72,Branch,Success,678.0,Self-Employed,860258.74,No,dwilliams@example.net,(228)737-7427,False
1571,CUST10935,2069630090,Pamela George,42.0,Other,Delhi,Salt Lake Branch,Savings,147649.7,TXN100935,2023-04-03,Transfer,173119.84,POS,Success,534.0,Unemployed,1417299.28,Yes,victoria57@example.net,001-827-614-7246x301,False
1572,CUST10388,2915048861,Luke Martinez,75.0,Female,Delhi,MG Road Branch,Savings,330625.95,TXN100388,2023-06-30,Withdrawal,140026.04,Branch,Success,827.0,Unemployed,1628178.1099999999,No,tomchaney@example.com,001-308-242-8910x77119,False
1574,CUST10391,4850269395,Randy Robbins,58.0,Other,Kolkata,Kothrud Branch,Savings,442033.15,TXN100391,2024-06-15,ATM Withdrawal,100926.72,Mobile App,Success,544.0,Student,1257987.47,No,millerleroy@example.org,(706)202-9084x66845,False
1575,CUST10744,6472001976,Rebecca Kelley,30.0,Male,Hyderabad,Kothrud Branch,Fixed Deposit,142075.52,TXN100744,2022-07-10,Withdrawal,193378.92,POS,Success,591.0,Unemployed,1669631.13,Yes,zmills@example.org,001-356-913-7230,False
1576,CUST10353,7971780517,Heather Levine,26.0,Other,Lucknow,Kothrud Branch,NRI,363238.3,TXN100353,2024-10-16,Bill Payment,161605.67,POS,Success,597.0,Self-Employed,154505.61,Yes,bryan90@example.org,(259)505-6165x565,False
1577,CUST11218,4993724986,Jerome Edwards,23.0,Other,Jaipur,Salt Lake Branch,Salary,177643.6,TXN101218,2023-09-13,POS Purchase,57423.6,ATM,Success,337.0,Student,2901140.11,No,nbrewer@example.org,239.797.9849x14986,False
1578,CUST10236,8782516473,Scott Lopez,19.0,Male,Bangalore,Andheri Branch,Current,365708.69,TXN100236,2025-04-22,POS Purchase,33838.5,ATM,Success,338.0,Student,2648150.79,No,joel79@example.com,(427)563-6556x472,False
1579,CUST11975,9907271295,Shannon Smith,59.0,Male,Bangalore,Connaught Place Branch,NRI,366019.33,TXN101975,2022-05-29,ATM Withdrawal,119273.93,POS,Failed,450.0,Student,156966.71,No,gabriel94@example.org,(459)579-9903,False
1580,CUST10481,3012051673,Victoria Wilson,74.0,Female,Pune,Salt Lake Branch,Salary,396966.2,TXN100481,2022-11-28,POS Purchase,41481.36,UPI,Success,794.0,Self-Employed,643879.65,Yes,zpierce@example.net,001-725-268-6211x022,False
1581,CUST10568,9700231170,Greg Hull,45.0,Other,Hyderabad,Connaught Place Branch,Salary,223218.63,TXN100568,2025-11-06,ATM Withdrawal,173977.12,POS,Success,492.0,Salaried,2960617.01,No,jessechapman@example.org,(789)700-3010x27240,False
1582,CUST11141,4908462150,Joe Chapman,41.0,Female,Hyderabad,Kothrud Branch,Current,127402.28,TXN101141,2025-06-16,Deposit,85812.1,UPI,Success,497.0,Unemployed,974083.68,Yes,ernest06@example.org,+1-841-993-7591x922,False
1583,CUST11943,9405229760,Zachary Francis,74.0,Male,Chennai,Anna Nagar Branch,NRI,148305.16,TXN101943,2025-01-06,Loan EMI,51223.77,Internet Banking,Success,477.0,Self-Employed,2116732.85,Yes,kevin87@example.com,(916)548-3427,False
1584,CUST10101,3019214800,Gary Kennedy,45.0,Female,Kolkata,Koramangala Branch,Savings,175332.41,TXN100101,2022-05-19,Transfer,48263.13,UPI,Success,895.0,Unemployed,2306534.94,Yes,adampierce@example.org,(877)434-5401x93802,False
1585,CUST11726,5335396510,William Baker,22.0,Female,Bangalore,Banjara Hills Branch,Fixed Deposit,430093.13,TXN101726,2022-07-13,Bill Payment,100926.72,Mobile App,Success,772.0,Business Owner,2523488.67,No,oalvarez@example.com,583.730.6144,False
1586,CUST11809,4042396694,Christine Barker,58.0,Female,Bangalore,Salt Lake Branch,NRI,232729.06,TXN101809,2024-10-05,Deposit,67290.31,Branch,Success,478.0,Self-Employed,2218883.36,No,mccalljane@example.org,5968745136,False
1587,CUST10121,7928074841,Ryan Newman,28.0,Female,Lucknow,Koramangala Branch,NRI,246244.99,TXN100121,2024-11-09,POS Purchase,97994.84,POS,Success,317.0,Business Owner,1094032.84,Yes,ariel18@example.org,239.474.0148,False
1588,CUST11389,9831475386,Tracy Frost,32.0,Female,Delhi,Salt Lake Branch,Savings,246244.99,TXN101389,2025-02-05,ATM Withdrawal,102421.54,POS,Success,458.0,Self-Employed,2697208.24,No,emorales@example.org,439.373.6707,False
1589,CUST11999,5632219493,Kathryn Miller,29.0,Female,Kolkata,MG Road Branch,Salary,168789.24,TXN101999,2022-10-23,POS Purchase,166444.34,Internet Banking,Success,738.0,Retired,2770526.22,No,uandrews@example.com,312-798-2492x202,False
1590,CUST11025,3308830426,James Flores,34.0,Female,Kolkata,Andheri Branch,Current,17229.37,TXN101025,2024-10-01,Loan EMI,167588.39,Internet Banking,Success,597.0,Unemployed,1963310.75,Yes,brittany63@example.org,001-908-733-4447x0488,False
1591,CUST11087,1374250708,Brian Andrews,67.0,Female,Delhi,Kothrud Branch,Fixed Deposit,246244.99,TXN101087,2022-09-07,ATM Withdrawal,118367.37,Branch,Success,434.0,Student,169170.6,No,floressarah@example.net,626-986-4986,False
1592,CUST11273,3701200744,Elizabeth Mejia,39.0,Other,Mumbai,Andheri Branch,Current,154912.24,TXN101273,2022-03-24,Loan EMI,191159.29,UPI,Success,597.0,Retired,952980.15,No,pwhite@example.com,(392)964-5633,False
1593,CUST11478,2720902231,Rhonda Livingston,54.0,Other,Chennai,Banjara Hills Branch,Fixed Deposit,264643.8,TXN101478,2022-01-09,Deposit,94797.92,ATM,Success,302.0,Student,1904707.99,No,santiagochristopher@example.com,001-635-512-8962x20682,False
1594,CUST10927,5047104149,Bob Lane,65.0,Male,Kolkata,Kothrud Branch,Savings,246244.99,TXN100927,2024-02-04,POS Purchase,187388.77,POS,Success,702.0,Self-Employed,1794505.38,No,scott04@example.com,(264)526-1212,False
1595,CUST10516,9412993371,Anthony Jacobson,71.0,Male,Kolkata,Connaught Place Branch,Savings,386753.48,TXN100516,2025-06-22,Bill Payment,152831.51,UPI,Success,427.0,Salaried,2927397.9,Yes,wpeterson@example.com,(735)867-7826,False
1596,CUST11595,3586522663,Nicholas Craig,33.0,Female,Delhi,Anna Nagar Branch,Current,125197.56,TXN101595,2023-11-06,Transfer,110725.77,Internet Banking,Pending,514.0,Business Owner,712823.06,No,vscott@example.org,001-599-786-3245,False
1597,CUST10224,3925621610,Cassandra Valenzuela,33.0,Female,Ahmedabad,Kothrud Branch,Current,480062.79,TXN100224,2024-08-29,POS Purchase,110289.18,ATM,Success,564.0,Unemployed,2517980.07,Yes,richamanda@example.org,772-298-0686,False
1598,CUST11872,9639436133,Scott Copeland,22.0,Other,Hyderabad,Andheri Branch,NRI,397578.53,TXN101872,2023-03-22,Transfer,122183.35,UPI,Success,613.0,Self-Employed,600056.69,Yes,dburch@example.org,(479)290-1027x19095,False
1599,CUST10614,6561533151,Shawn Harding,21.0,Other,Chennai,Banjara Hills Branch,Current,246244.99,TXN100614,2023-07-27,Withdrawal,51234.64,Mobile App,Success,897.0,Salaried,2209416.25,No,mary32@example.com,5645242956,False
1600,CUST10844,8634866023,Maria Thomas,60.0,Male,Bangalore,Andheri Branch,Savings,313413.24,TXN100844,2023-11-05,Deposit,58490.75,Branch,Success,767.0,Business Owner,1171978.46,No,traceyguerra@example.com,001-901-434-8087x3543,False
1601,CUST11246,1793979551,Peter Hunter,48.0,Male,Delhi,MG Road Branch,Salary,80207.27,TXN101246,2022-11-21,ATM Withdrawal,3031.04,POS,Failed,808.0,Salaried,537472.48,Yes,mistykelly@example.com,(272)492-7318x683,False
1602,CUST11759,9099916645,Brandon Cohen,37.0,Female,Kolkata,Kothrud Branch,Fixed Deposit,442501.68,TXN101759,2022-12-21,ATM Withdrawal,82724.61,Internet Banking,Success,701.0,Student,1683820.89,Yes,dramos@example.net,752-203-5191,False
1603,CUST11490,8904593563,Michelle Martinez,49.0,Male,Jaipur,Kothrud Branch,Savings,296273.34,TXN101490,2022-03-26,ATM Withdrawal,143141.96,POS,Success,394.0,Retired,2541422.69,No,janetmontes@example.com,3497379582,False
1604,CUST10053,4683935600,Roger Olson,39.0,Female,Ahmedabad,Koramangala Branch,Fixed Deposit,405850.85,TXN100053,2025-01-31,Deposit,90992.44,ATM,Success,418.0,Student,2614995.16,Yes,julie51@example.com,623-368-5160,False
1605,CUST10530,4228195145,Harry Hurst,36.0,Female,Jaipur,Banjara Hills Branch,Current,289900.92,TXN100530,2024-08-10,POS Purchase,124244.11,Branch,Success,742.0,Student,1197409.03,No,colepamela@example.net,(201)951-5325x94795,False
1606,CUST10486,8770219539,Michael Vega,39.0,Female,Jaipur,Andheri Branch,Savings,129337.89,TXN100486,2024-04-29,Transfer,125906.61,Internet Banking,Success,842.0,Student,2393564.86,Yes,markfigueroa@example.com,001-398-295-3439x6112,False
1608,CUST10819,7581454446,Katherine Gay,59.0,Other,Bangalore,Banjara Hills Branch,NRI,72065.42,TXN100819,2022-10-31,Withdrawal,61730.91,Mobile App,Success,340.0,Self-Employed,1689217.32,Yes,gclay@example.org,293.694.0655x78201,False
1609,CUST11931,1436793686,Patricia Chen,42.0,Other,Bangalore,Kothrud Branch,NRI,126318.55,TXN101931,2025-07-03,POS Purchase,64209.59,Internet Banking,Failed,620.0,Self-Employed,2734942.74,No,acoleman@example.net,(635)447-6075x12101,False
1610,CUST10156,8471762590,Monica Garcia,38.0,Female,Mumbai,Anna Nagar Branch,Savings,471194.91,TXN100156,2024-06-29,Transfer,152281.23,Branch,Success,491.0,Student,1429204.48,No,robertwoodward@example.org,001-441-803-8657x191,False
1611,CUST11367,5588801414,Emily Reed,45.0,Female,Bangalore,Koramangala Branch,Fixed Deposit,202613.48,TXN101367,2024-07-03,Transfer,75043.61,POS,Success,556.0,Business Owner,1808713.3,No,jacksonleslie@example.com,760.630.4093x467,False
1612,CUST10601,2141600678,Cynthia Murray,44.0,Female,Jaipur,Kothrud Branch,Current,159068.29,TXN100601,2024-03-29,POS Purchase,145212.61,UPI,Success,698.0,Self-Employed,462738.43,Yes,vrobertson@example.net,316-416-2028,False
1613,CUST12001,9603940861,Darren Marquez,39.0,Other,Pune,Andheri Branch,Fixed Deposit,163100.03,TXN102001,2022-05-12,ATM Withdrawal,116306.3,ATM,Success,555.0,Retired,1868010.25,Yes,kara91@example.org,+1-843-403-2502x749,False
1614,CUST10249,5304403129,Sharon Robinson,40.0,Other,Hyderabad,Banjara Hills Branch,Savings,18117.95,TXN100249,2022-12-03,Bill Payment,28132.82,UPI,Success,719.0,Salaried,874724.54,Yes,youngryan@example.org,(949)416-3009,False
1615,CUST10762,5308815905,William Fuller,35.0,Other,Kolkata,Anna Nagar Branch,Salary,230457.4,TXN100762,2025-11-27,Deposit,113259.55,Branch,Success,392.0,Self-Employed,2229218.57,Yes,elarson@example.com,(651)422-1500x1418,False
1616,CUST11466,1025210091,Benjamin Boyer,29.0,Male,Delhi,Andheri Branch,Salary,76964.68,TXN101466,2024-02-05,Withdrawal,81593.98,Mobile App,Success,459.0,Self-Employed,1456808.64,Yes,lopezvictoria@example.org,001-567-307-4215,False
1617,CUST10589,3598217672,Desiree Mccoy,44.0,Male,Kolkata,Salt Lake Branch,Fixed Deposit,8084.48,TXN100589,2025-05-21,Withdrawal,15551.04,Mobile App,Success,861.0,Student,1628178.1099999999,Yes,mannleroy@example.org,(618)953-8003x29633,False
1619,CUST10543,9569818605,Melissa Jackson,22.0,Male,Jaipur,Banjara Hills Branch,Fixed Deposit,222722.67,TXN100543,2023-06-02,Withdrawal,101237.61,Branch,Success,772.0,Student,1129424.49,No,jacksonmartin@example.com,(407)265-0241,False
1620,CUST10794,8997954847,Gary Russell,22.0,Female,Hyderabad,Anna Nagar Branch,NRI,321780.12,TXN100794,2024-12-29,ATM Withdrawal,4792.84,Branch,Success,361.0,Business Owner,2463237.82,Yes,wellsnatalie@example.com,+1-693-859-3744x039,False
1621,CUST11142,7083352473,Daryl Olson,72.0,Male,Ahmedabad,Kothrud Branch,Savings,385061.93,TXN101142,2022-09-17,ATM Withdrawal,51775.44,Branch,Success,859.0,Unemployed,269218.07,Yes,jenniferanderson@example.com,875-328-6461x209,False
1622,CUST11681,9803778762,Amanda Savage,32.0,Other,Chennai,Andheri Branch,NRI,94069.36,TXN101681,2022-09-10,Deposit,146230.73,Internet Banking,Success,313.0,Salaried,1984676.12,No,blake03@example.com,+1-817-875-8856x27480,False
1623,CUST10629,1688692817,John Hodges,43.0,Female,Delhi,Koramangala Branch,NRI,248445.58,TXN100629,2025-12-23,Withdrawal,84762.87,Internet Banking,Success,394.0,Retired,1226046.8,Yes,shill@example.org,(201)951-5325x94795,False
1624,CUST10151,5696548897,Michael Miles,42.0,Other,Jaipur,Kothrud Branch,Savings,316557.78,TXN100151,2025-12-10,Withdrawal,100926.72,Branch,Success,639.0,Retired,2935388.29,Yes,tylerreed@example.net,001-642-352-4105x6481,False
1625,CUST12038,1254542151,Timothy Hudson,49.0,Male,Kolkata,MG Road Branch,Savings,287898.88,TXN102038,2022-05-15,Transfer,131210.07,POS,Success,555.0,Self-Employed,766177.53,Yes,groberts@example.com,250-986-2953x223,False
1626,CUST10292,9916475897,Michael Reynolds,29.0,Female,Kolkata,Banjara Hills Branch,Current,246244.99,TXN100292,2023-07-06,Withdrawal,189426.27,UPI,Failed,494.0,Student,2250769.91,Yes,vbradley@example.net,001-332-919-7199x758,False
1627,CUST11564,5811641694,Julie Mata,36.0,Male,Lucknow,Andheri Branch,Current,118883.18,TXN101564,2023-12-19,Deposit,91611.35,Branch,Failed,744.0,Business Owner,549320.61,No,usawyer@example.net,916-208-9589,False
1628,CUST10382,8920947409,Robert Jensen,57.0,Other,Hyderabad,Banjara Hills Branch,Salary,129879.35,TXN100382,2022-07-21,Transfer,130885.94,Branch,Success,547.0,Unemployed,2064886.08,Yes,fballard@example.org,(403)510-3037,False
1629,CUST10687,6816218289,Laura Rush,47.0,Female,Pune,Kothrud Branch,Savings,455841.94,TXN100687,2022-02-24,Loan EMI,84212.68,Internet Banking,Success,609.0,Self-Employed,1803918.89,No,yballard@example.net,625.821.4526x4712,False
1631,CUST11225,8976812339,Carolyn Harrison MD,43.0,Other,Lucknow,Salt Lake Branch,Savings,212608.55,TXN101225,2023-07-29,Withdrawal,15861.78,ATM,Success,322.0,Retired,2138562.87,Yes,williamsalexandria@example.com,468.424.0516x65451,False
1632,CUST11621,2901046408,Emma Brown,24.0,Female,Hyderabad,Andheri Branch,NRI,65111.45,TXN101621,2022-09-26,Deposit,60441.99,Branch,Success,481.0,Salaried,1173670.41,Yes,billyroman@example.org,769.547.3088x2403,False
1633,CUST10898,5078647432,Kristy Tate,73.0,Male,Kolkata,Salt Lake Branch,Current,196706.22,TXN100898,2022-01-29,Bill Payment,158285.45,UPI,Failed,454.0,Retired,2846222.36,Yes,yrichardson@example.com,+1-915-379-5546x234,False
1634,CUST12015,7802288958,Jennifer Little,58.0,Female,Pune,Kothrud Branch,Current,261459.93,TXN102015,2023-12-05,Bill Payment,121763.99,ATM,Pending,585.0,Retired,2062929.13,No,cory58@example.com,(201)951-5325x94795,False
1635,CUST10855,2419629493,Tara Jones,54.0,Other,Pune,Andheri Branch,NRI,489990.17,TXN100855,2025-04-16,Transfer,172553.68,POS,Success,666.0,Retired,491097.64,Yes,andrew88@example.com,733-437-3125,False
1636,CUST11072,9542146097,Amanda Brooks,24.0,Other,Hyderabad,Salt Lake Branch,NRI,246244.99,TXN101072,2022-05-30,POS Purchase,130277.77,Internet Banking,Success,884.0,Self-Employed,1083068.75,No,johnsonelizabeth@example.net,5278304276,False
1637,CUST10555,1539280391,John Wall,29.0,Other,Jaipur,Connaught Place Branch,Current,251249.4,TXN100555,2024-05-22,ATM Withdrawal,93441.5,Internet Banking,Success,550.0,Student,652841.19,Yes,hmyers@example.com,(472)438-4979x1620,False
1638,CUST11765,1337933926,Robert White,21.0,Other,Bangalore,Koramangala Branch,NRI,246244.99,TXN101765,2025-09-25,Transfer,164903.14,Branch,Success,813.0,Retired,1835972.7,No,zjenkins@example.org,(233)861-6558,False
1639,CUST11951,6689216022,Holly Perry,50.0,Other,Delhi,Andheri Branch,Fixed Deposit,219887.3,TXN101951,2025-01-17,POS Purchase,107683.66,Branch,Success,384.0,Student,1628178.1099999999,Yes,amiller@example.com,+1-694-809-3636,False
1641,CUST10892,5311464848,Christopher Martinez,68.0,Other,Bangalore,Connaught Place Branch,Savings,357074.48,TXN100892,2024-03-03,Transfer,125109.08,Internet Banking,Success,502.0,Unemployed,1628178.1099999999,Yes,griffinjennifer@example.net,001-787-533-9304x9366,False
1642,CUST12032,6120431130,Michael Jackson,43.0,Other,Bangalore,Anna Nagar Branch,Fixed Deposit,479346.0,TXN102032,2023-04-24,Loan EMI,86236.07,UPI,Success,355.0,Business Owner,2925327.82,Yes,jjones@example.net,308-994-3748x126,False
1643,CUST10536,3520952914,Gary Salazar,54.0,Male,Delhi,Andheri Branch,Salary,281936.4,TXN100536,2025-05-19,POS Purchase,114797.05,Branch,Pending,509.0,Student,331571.36,No,knelson@example.org,001-371-525-2967,False
1644,CUST11365,2668628610,Joshua Sanders,45.0,Male,Chennai,Koramangala Branch,Current,246244.99,TXN101365,2022-09-01,Deposit,100926.72,Internet Banking,Pending,597.0,Salaried,1641665.41,Yes,buchananscott@example.net,967.610.5298x770,False
1645,CUST10616,4133092725,Robert Hogan,59.0,Female,Chennai,Koramangala Branch,Current,442052.79,TXN100616,2024-03-18,ATM Withdrawal,121584.02,Mobile App,Success,736.0,Self-Employed,1446818.86,No,matthewschmitt@example.net,001-941-483-4374x0182,False
1646,CUST10155,6907413963,Katherine Barton,29.0,Other,Lucknow,Salt Lake Branch,Savings,384944.54,TXN100155,2023-08-28,Loan EMI,49327.63,Mobile App,Success,457.0,Student,2178279.89,Yes,jessicapayne@example.org,(206)803-8505,False
1647,CUST11194,7725447662,Jeffrey Burke,73.0,Male,Chennai,Andheri Branch,Fixed Deposit,378571.01,TXN101194,2025-12-03,Deposit,15834.03,Mobile App,Success,487.0,Business Owner,2904845.37,No,jennifercooper@example.com,(230)839-7440,False
1648,CUST12075,6871797310,Miranda Cantu,58.0,Male,Delhi,Banjara Hills Branch,Fixed Deposit,444880.25,TXN102075,2025-07-05,Deposit,53912.97,Internet Banking,Success,836.0,Unemployed,1978895.19,No,ellisonjohn@example.net,525-674-7774x37212,False
1649,CUST11983,4414062980,Nicole Mathis,22.0,Other,Pune,Salt Lake Branch,Salary,499725.76,TXN101983,2025-03-28,Loan EMI,73568.06,Mobile App,Success,896.0,Retired,694088.26,Yes,walleramy@example.net,001-831-293-4650x2758,False
1651,CUST12055,7897886806,Brittney Rivera,63.0,Male,Chennai,MG Road Branch,Savings,219702.79,TXN102055,2024-08-10,POS Purchase,193192.85,Mobile App,Success,590.0,Unemployed,2019922.54,No,denisehancock@example.com,935.936.7577,False
1652,CUST10323,4204511084,Danielle Murphy,67.0,Other,Lucknow,Banjara Hills Branch,Fixed Deposit,349787.96,TXN100323,2024-05-24,Deposit,33403.52,Internet Banking,Success,597.0,Business Owner,2023965.86,No,bjones@example.net,001-806-900-7806,False
1653,CUST11789,4983488971,Kevin Wilson,71.0,Other,Chennai,Anna Nagar Branch,Savings,398679.01,TXN101789,2023-02-01,POS Purchase,76469.0,ATM,Success,583.0,Unemployed,2296723.3,Yes,rodriguezalicia@example.org,589.669.9132x93575,False
1654,CUST11283,8068453617,Anthony Carlson,29.0,Other,Hyderabad,Andheri Branch,Savings,212889.55,TXN101283,2022-06-05,Transfer,132665.9,POS,Success,864.0,Business Owner,426723.72,Yes,lchurch@example.com,968-645-5252,False
1655,CUST10083,1033015788,Kelly Owen,37.0,Male,Delhi,Koramangala Branch,Salary,160701.79,TXN100083,2022-01-16,Bill Payment,149415.47,Internet Banking,Success,845.0,Unemployed,805815.54,No,mmiller@example.org,+1-845-411-5447,False
1656,CUST10513,7934038104,Kelly Nash,61.0,Other,Ahmedabad,MG Road Branch,Fixed Deposit,318687.97,TXN100513,2025-08-24,Deposit,170779.27,ATM,Success,716.0,Student,496895.43,No,paulford@example.org,(877)787-1121x663,False
1657,CUST11489,4102576612,Andrew Rodriguez,39.0,Other,Pune,Andheri Branch,Current,23024.35,TXN101489,2023-01-24,POS Purchase,197091.45,ATM,Success,321.0,Retired,2737466.72,Yes,ecrawford@example.net,(309)425-1920,False
1658,CUST11764,8117727496,Kurt Hernandez,41.0,Male,Kolkata,Andheri Branch,Current,431784.19,TXN101764,2022-09-24,Bill Payment,85995.97,Mobile App,Success,313.0,Salaried,891650.94,Yes,danielpierce@example.com,453-971-4732x0431,False
1659,CUST11715,4236149857,Laura Murray,57.0,Female,Hyderabad,Banjara Hills Branch,Salary,467043.77,TXN101715,2024-05-10,POS Purchase,94548.56,POS,Success,646.0,Student,2494702.37,Yes,paulwhite@example.org,001-661-502-3726,False
1660,CUST11575,1082005169,Cory Mccann,73.0,Female,Pune,Connaught Place Branch,Current,423646.3,TXN101575,2024-11-29,Withdrawal,25788.56,Internet Banking,Success,332.0,Business Owner,811505.47,Yes,sharon59@example.com,861.721.8939x1270,False
1661,CUST10930,9353172844,Brittany Marquez,60.0,Female,Chennai,Koramangala Branch,Salary,190812.39,TXN100930,2023-03-03,Transfer,85733.35,POS,Failed,342.0,Unemployed,1550300.39,Yes,imitchell@example.net,001-579-817-7633x42720,False
1663,CUST11358,4899205837,David Wright,45.0,Other,Hyderabad,Koramangala Branch,Fixed Deposit,125703.04,TXN101358,2024-11-12,ATM Withdrawal,46182.72,UPI,Success,390.0,Retired,462176.06,Yes,cuevasdonald@example.org,+1-357-956-2641x26084,False
1664,CUST10011,8357059814,Heather Jenkins,43.0,Other,Kolkata,Kothrud Branch,NRI,223000.5,TXN100011,2023-05-23,Withdrawal,12851.98,Mobile App,Success,535.0,Retired,777619.55,Yes,bjones@example.net,4658133387,False
1665,CUST11495,7769804832,Jennifer Gomez,18.0,Female,Bangalore,MG Road Branch,Current,373265.35,TXN101495,2022-05-31,ATM Withdrawal,106947.38,Mobile App,Success,797.0,Retired,2735565.5,Yes,timothyanderson@example.org,(262)325-4920x3693,False
1666,CUST10832,2889197205,Kara Gilmore,65.0,Other,Jaipur,Banjara Hills Branch,Salary,498326.28,TXN100832,2023-01-17,Transfer,68229.55,Branch,Success,767.0,Unemployed,425034.72,No,zacharygray@example.org,616.843.2126x94289,False
1667,CUST10033,7045593274,John Bishop,52.0,Female,Delhi,MG Road Branch,Current,246244.99,TXN100033,2024-03-08,Loan EMI,116836.68,UPI,Success,597.0,Student,1509392.24,No,frogers@example.com,(273)554-5494,False
1668,CUST11746,7676462557,Rebecca Mullen,39.0,Male,Ahmedabad,Koramangala Branch,Current,166713.04,TXN101746,2022-02-14,POS Purchase,172400.67,Internet Banking,Pending,872.0,Unemployed,2724747.32,No,qgay@example.org,757.266.8089,False
1669,CUST10414,2225124755,Patricia Harvey,29.0,Other,Delhi,Andheri Branch,Current,54043.25,TXN100414,2023-10-11,POS Purchase,25338.38,ATM,Success,510.0,Retired,2165332.99,No,garrettbeth@example.org,6068512070,False
1670,CUST10581,5707489159,Harold Wagner,48.0,Male,Chennai,Anna Nagar Branch,NRI,323299.39,TXN100581,2025-04-30,Bill Payment,193946.91,Branch,Success,550.0,Salaried,488587.24,No,denise93@example.com,(339)328-3692x94455,False
1671,CUST11407,2349781978,Jeremiah Fisher,61.0,Other,Kolkata,Salt Lake Branch,Fixed Deposit,24175.37,TXN101407,2024-08-28,POS Purchase,119095.98,Branch,Success,647.0,Business Owner,875869.49,No,vklein@example.org,431.874.4577x626,False
1672,CUST11793,8729545019,Colton Anderson,42.0,Other,Delhi,Andheri Branch,Salary,386020.68,TXN101793,2025-09-18,POS Purchase,132726.76,Internet Banking,Success,468.0,Unemployed,1679085.81,Yes,cynthia12@example.org,(224)717-5616,False
1673,CUST11721,5128714209,Cynthia Ballard,18.0,Male,Hyderabad,Connaught Place Branch,Fixed Deposit,339870.26,TXN101721,2025-08-05,Withdrawal,80342.83,Internet Banking,Success,380.0,Student,1793461.44,Yes,joshua07@example.net,5534833856,False
1674,CUST10108,1487258103,Aaron Robinson,65.0,Male,Ahmedabad,Salt Lake Branch,NRI,54469.3,TXN100108,2023-06-18,ATM Withdrawal,89282.31,POS,Success,802.0,Self-Employed,1628178.1099999999,Yes,williamsmelvin@example.org,+1-801-770-4622,False
1675,CUST10615,2899169638,Curtis Krause,45.0,Female,Bangalore,Salt Lake Branch,Current,220258.23,TXN100615,2024-06-07,Transfer,29709.42,Branch,Success,485.0,Student,677329.86,Yes,heidi41@example.com,(595)858-7209x628,False
1676,CUST11046,8857999487,Joshua Nelson,58.0,Male,Kolkata,Connaught Place Branch,Fixed Deposit,467474.13,TXN101046,2024-05-27,Bill Payment,193259.26,UPI,Success,398.0,Salaried,2277077.3,No,michael13@example.org,(201)951-5325x94795,False
1677,CUST11403,9132533231,Angel Summers,29.0,Other,Jaipur,Koramangala Branch,Savings,221590.91,TXN101403,2024-05-27,Transfer,27264.54,Branch,Success,686.0,Unemployed,739592.11,No,rachel86@example.org,789.925.7140x2503,False
1678,CUST11015,7581977205,Kimberly Johnson,49.0,Male,Pune,MG Road Branch,Savings,47112.17,TXN101015,2022-10-08,Withdrawal,82176.52,Mobile App,Success,722.0,Retired,2988474.75,Yes,jennifer29@example.com,(690)521-7741x7430,False
1679,CUST10090,5976777081,Mark Pierce,41.0,Female,Pune,Salt Lake Branch,Salary,337843.35,TXN100090,2022-04-18,Loan EMI,126195.77,ATM,Success,396.0,Retired,2083381.13,No,colleenmendez@example.org,629.592.2995x90010,False
1680,CUST11968,6130602887,Brooke Chang,37.0,Female,Kolkata,Koramangala Branch,Fixed Deposit,398593.69,TXN101968,2022-08-16,Loan EMI,32065.48,POS,Success,395.0,Unemployed,570303.56,Yes,efoster@example.com,572.803.7344,False
1681,CUST10602,4404676254,Sergio Wilson,26.0,Male,Kolkata,MG Road Branch,Current,21280.12,TXN100602,2023-12-02,Bill Payment,195288.88,UPI,Success,791.0,Business Owner,954336.6,Yes,osimpson@example.net,728.466.0416x4485,False
1682,CUST11238,6153545415,Joshua Wagner,20.0,Male,Chennai,Kothrud Branch,Savings,73765.31,TXN101238,2022-07-24,Transfer,128978.99,POS,Success,871.0,Unemployed,1746628.89,Yes,hjenkins@example.org,(307)461-2396,False
1684,CUST10134,4272162158,Matthew Foster,61.0,Other,Mumbai,Kothrud Branch,NRI,350401.89,TXN100134,2022-06-09,POS Purchase,22486.15,POS,Failed,507.0,Retired,1679481.45,Yes,shannonjordan@example.org,001-933-341-9182x553,False
1685,CUST11371,9888191285,Clinton Williams,29.0,Other,Kolkata,Banjara Hills Branch,NRI,4038.95,TXN101371,2025-09-25,Loan EMI,178456.24,Mobile App,Failed,362.0,Student,1864602.87,Yes,bjones@example.net,307.416.3485x0895,False
1686,CUST10556,6596774914,Mary Jackson,54.0,Female,Bangalore,Koramangala Branch,Fixed Deposit,35408.07,TXN100556,2024-01-07,Bill Payment,75574.61,Branch,Success,817.0,Retired,2244545.1,Yes,thomasroberts@example.net,897-854-6617,False
1687,CUST11032,7949648358,Karen Decker,68.0,Male,Lucknow,Andheri Branch,Current,27579.83,TXN101032,2023-07-03,Loan EMI,9444.97,Mobile App,Failed,558.0,Retired,504153.7,Yes,kimberly66@example.com,(441)496-2342x1926,False
1688,CUST11856,3134869452,Steven Branch,70.0,Other,Mumbai,Koramangala Branch,Current,401810.71,TXN101856,2025-03-08,Transfer,159450.85,Internet Banking,Success,415.0,Student,2759783.39,No,moorejohn@example.org,+1-557-489-5915,False
1689,CUST10321,8111389362,Nathan Chen,74.0,Male,Ahmedabad,MG Road Branch,Salary,276800.04,TXN100321,2024-05-01,Loan EMI,73845.28,UPI,Success,572.0,Retired,265861.48,Yes,james20@example.net,001-704-521-7762,False
1690,CUST10256,3853978147,Kristin Reese,42.0,Female,Pune,Banjara Hills Branch,NRI,22170.11,TXN100256,2023-05-30,Withdrawal,124131.31,Branch,Success,597.0,Retired,1707853.14,Yes,emily61@example.org,(786)785-2897,False
1691,CUST11212,9403354762,David White,54.0,Other,Bangalore,MG Road Branch,Current,366538.24,TXN101212,2022-01-27,Withdrawal,7271.33,Internet Banking,Pending,583.0,Unemployed,2133253.87,Yes,kingvictoria@example.org,(493)232-8442x34719,False
1692,CUST12013,8627643441,Jonathan White,32.0,Other,Delhi,Andheri Branch,NRI,168917.42,TXN102013,2024-07-06,Deposit,62468.88,Branch,Success,342.0,Unemployed,2917232.07,No,wwright@example.org,(201)951-5325x94795,False
1693,CUST10635,6761334796,Ronald Hines,68.0,Male,Kolkata,Koramangala Branch,Salary,309852.74,TXN100635,2024-06-01,Deposit,178141.45,UPI,Success,597.0,Retired,1628178.1099999999,Yes,francesgarcia@example.net,+1-866-263-0932x9981,False
1694,CUST10553,9063079139,Aaron Aguirre,26.0,Female,Kolkata,MG Road Branch,NRI,394848.78,TXN100553,2024-04-29,ATM Withdrawal,162551.47,Mobile App,Success,639.0,Business Owner,840409.6,Yes,fcombs@example.org,215-591-4975x019,False
1695,CUST11329,2604895370,Dylan Robinson,58.0,Other,Kolkata,MG Road Branch,Fixed Deposit,480398.33,TXN101329,2022-01-25,Loan EMI,167235.1,ATM,Success,704.0,Salaried,2276467.09,Yes,baileydonna@example.net,+1-877-719-6199x71659,False
1696,CUST11056,7914927480,Dylan Valenzuela,39.0,Male,Jaipur,Andheri Branch,Fixed Deposit,293208.63,TXN101056,2024-01-05,POS Purchase,135327.01,Branch,Success,395.0,Retired,1239936.58,No,benjaminhall@example.net,+1-303-531-8361,False
1697,CUST11802,8502753037,Lisa Dennis,24.0,Female,Kolkata,Koramangala Branch,Salary,205498.58,TXN101802,2022-02-02,Transfer,49047.43,Internet Banking,Failed,341.0,Retired,2688013.18,No,bbowman@example.net,(674)208-7721x0752,False
1698,CUST10797,1601385551,Carlos Curry,51.0,Other,Delhi,Connaught Place Branch,Salary,279587.41,TXN100797,2023-08-20,Transfer,188961.14,Internet Banking,Success,612.0,Student,2182274.69,No,gary44@example.com,(363)325-1448,False
1699,CUST11921,4397451816,Jennifer Goodwin,75.0,Female,Lucknow,Salt Lake Branch,Fixed Deposit,468298.92,TXN101921,2024-05-31,Deposit,73089.99,POS,Success,597.0,Self-Employed,2500556.1,No,rachelguerrero@example.com,(799)587-2473,False
1700,CUST11265,8990165764,Jonathan Evans,42.0,Other,Chennai,Andheri Branch,Savings,321549.74,TXN101265,2024-09-24,Bill Payment,177859.25,Mobile App,Success,492.0,Salaried,1010979.51,No,chelsea60@example.org,898-966-3420x953,False
1701,CUST11981,9564196735,Melissa Davis,23.0,Male,Lucknow,Kothrud Branch,Current,270606.72,TXN101981,2022-11-14,Bill Payment,104514.41,POS,Success,450.0,Student,2107999.62,Yes,leslie75@example.org,(274)348-8252x699,False
1702,CUST10175,4719780110,Jessica Osborn DDS,33.0,Male,Kolkata,Connaught Place Branch,Fixed Deposit,242176.66,TXN100175,2025-03-28,ATM Withdrawal,53779.99,Branch,Success,377.0,Unemployed,2414606.1,Yes,luis11@example.com,+1-868-354-8709,False
1703,CUST10767,3041010654,Lisa Watson,47.0,Other,Kolkata,Banjara Hills Branch,NRI,185844.63,TXN100767,2025-04-20,Deposit,64508.29,Mobile App,Success,308.0,Self-Employed,1351012.12,No,burkeholly@example.com,(663)535-5643,False
1704,CUST10246,1710404224,Marcus Lopez,66.0,Female,Kolkata,Connaught Place Branch,Salary,484923.25,TXN100246,2022-04-14,POS Purchase,44580.17,Branch,Success,540.0,Salaried,1458419.6,No,hernandeztara@example.org,(201)951-5325x94795,False
1705,CUST11081,5013802920,Timothy Maxwell,39.0,Female,Delhi,Koramangala Branch,Savings,340656.98,TXN101081,2023-11-03,Withdrawal,106631.4,ATM,Success,794.0,Self-Employed,2754768.47,No,wheelerkimberly@example.org,(962)919-5368x9005,False
1706,CUST11655,9889003328,Kevin Jimenez,41.0,Other,Chennai,Andheri Branch,Salary,58519.87,TXN101655,2024-11-26,Transfer,188680.39,Branch,Success,544.0,Salaried,1628178.1099999999,No,adam03@example.com,622-702-6269x30326,False
1708,CUST12012,1745109233,Kelly Reese,59.0,Male,Delhi,Kothrud Branch,Savings,23247.01,TXN102012,2023-11-09,Withdrawal,67964.39,ATM,Success,781.0,Self-Employed,323552.54,Yes,lisa75@example.com,+1-843-307-2188x771,False
1709,CUST10146,4183654731,Megan Jones,19.0,Female,Jaipur,Salt Lake Branch,Salary,71967.76,TXN100146,2023-11-07,Withdrawal,75998.96,Internet Banking,Success,645.0,Business Owner,2325577.78,No,bishopfrank@example.com,001-732-869-7311x2196,False
1710,CUST10091,5940815822,Jennifer Fowler,23.0,Other,Delhi,Banjara Hills Branch,Salary,483686.74,TXN100091,2025-12-01,ATM Withdrawal,78422.0,POS,Success,386.0,Business Owner,1742927.9,No,ismall@example.com,+1-947-536-4710x2767,False
1711,CUST11703,7995259572,Kimberly Kelly,30.0,Other,Jaipur,Connaught Place Branch,Salary,120609.45,TXN101703,2025-06-13,Transfer,45043.52,Mobile App,Failed,460.0,Unemployed,2946768.7,No,usims@example.net,681.578.6021x59927,False
1712,CUST11417,7396288520,Samantha Smith,57.0,Other,Lucknow,Banjara Hills Branch,Savings,223585.0,TXN101417,2022-01-02,POS Purchase,171839.54,Branch,Success,302.0,Student,2282323.51,No,catherine41@example.org,(201)951-5325x94795,False
1713,CUST10683,5361936136,Ronald Park,20.0,Other,Hyderabad,Anna Nagar Branch,Savings,241625.05,TXN100683,2022-01-11,Bill Payment,70483.49,Mobile App,Success,441.0,Business Owner,2654357.97,Yes,colinlowery@example.net,(201)951-5325x94795,False
1714,CUST10311,9581187661,Lydia Howard,47.0,Other,Chennai,Banjara Hills Branch,Savings,420990.88,TXN100311,2022-10-27,Deposit,53337.39,Branch,Success,597.0,Self-Employed,697748.03,No,mccluresamuel@example.org,(603)909-3761,False
1715,CUST11384,1125875182,Scott Rivera,63.0,Female,Chennai,Koramangala Branch,NRI,370706.96,TXN101384,2024-12-17,Bill Payment,888.05,Internet Banking,Success,402.0,Unemployed,2230445.24,No,websterbrandon@example.net,+1-503-772-9545x858,False
1716,CUST10094,4090596936,Amber Campbell,46.0,Other,Hyderabad,Kothrud Branch,Current,264675.63,TXN100094,2023-09-26,Loan EMI,156884.83,Internet Banking,Success,884.0,Student,1465787.94,No,amitchell@example.org,(201)951-5325x94795,False
1717,CUST11814,8872092528,Megan Hardin,41.0,Other,Mumbai,Salt Lake Branch,Fixed Deposit,17377.21,TXN101814,2024-12-23,Loan EMI,181821.21,UPI,Success,498.0,Student,627786.17,Yes,carloshernandez@example.org,001-840-981-7028x461,False
1718,CUST10925,9424090524,Megan Martin,23.0,Other,Hyderabad,Andheri Branch,Salary,461983.13,TXN100925,2025-08-14,Bill Payment,90181.21,POS,Failed,468.0,Salaried,1128843.22,Yes,davidhernandez@example.org,001-376-477-4625x91601,False
1719,CUST12005,6575947655,John King,73.0,Female,Pune,Connaught Place Branch,Savings,246244.99,TXN102005,2022-08-04,Withdrawal,125127.39,Internet Banking,Success,314.0,Student,1701912.74,Yes,johnsonjennifer@example.com,(888)848-6573x7449,False
1720,CUST11036,4751511984,Joseph Young,29.0,Female,Bangalore,Banjara Hills Branch,Salary,269451.95,TXN101036,2023-01-18,Transfer,38374.83,UPI,Success,386.0,Student,1225222.73,No,mcconnellangela@example.org,(592)599-0076x86276,False
1721,CUST11401,5821113872,Tiffany Randolph,42.0,Female,Delhi,Connaught Place Branch,Fixed Deposit,330612.63,TXN101401,2022-05-06,Withdrawal,19585.64,ATM,Success,533.0,Retired,195445.38,Yes,zgarcia@example.com,(866)950-5188x601,False
1722,CUST10244,3096471391,Karen Smith,74.0,Female,Ahmedabad,MG Road Branch,Savings,246244.99,TXN100244,2023-10-06,Deposit,140928.41,UPI,Success,890.0,Unemployed,1760284.84,No,myates@example.org,4858368663,False
1724,CUST11112,4997329298,Brittney Huerta,63.0,Other,Lucknow,Banjara Hills Branch,Current,388505.54,TXN101112,2025-04-09,Bill Payment,100926.72,Mobile App,Success,764.0,Salaried,1628178.1099999999,Yes,gabriela90@example.net,(201)951-5325x94795,False
1725,CUST10215,6089026099,Austin Garcia,74.0,Female,Kolkata,Andheri Branch,Fixed Deposit,17531.55,TXN100215,2024-06-19,Bill Payment,52716.99,ATM,Success,454.0,Unemployed,2052285.11,Yes,wlynn@example.org,+1-431-749-1357x75949,False
1726,CUST11469,3919159013,Michelle Martinez,33.0,Female,Hyderabad,Andheri Branch,Savings,246244.99,TXN101469,2025-03-13,Bill Payment,199615.61,Internet Banking,Success,583.0,Unemployed,1290187.37,Yes,jessicatorres@example.org,(983)231-9558,False
1727,CUST11198,5103462257,Laura Daniel,59.0,Female,Lucknow,Andheri Branch,NRI,176382.96,TXN101198,2023-05-14,Transfer,137220.64,ATM,Success,670.0,Student,351385.79,Yes,robert76@example.com,(201)951-5325x94795,False
1728,CUST10999,8283864138,William Adams,70.0,Female,Delhi,Koramangala Branch,Salary,424117.18,TXN100999,2022-06-02,POS Purchase,72788.86,Branch,Success,607.0,Student,214786.87,No,knightsamantha@example.com,964-709-1969x39578,False
1729,CUST10854,9863854010,Jon Ramos,40.0,Male,Hyderabad,Koramangala Branch,Savings,355374.16,TXN100854,2024-10-02,Bill Payment,140858.35,Internet Banking,Pending,520.0,Unemployed,1438518.41,No,peter07@example.org,001-266-429-2508x1776,False
1730,CUST10426,4571581236,Emily Reyes,68.0,Other,Lucknow,Anna Nagar Branch,Fixed Deposit,227548.14,TXN100426,2022-06-06,Deposit,163778.01,Mobile App,Success,619.0,Unemployed,1183320.41,No,scottbaker@example.org,(714)288-8143x111,False
1731,CUST12043,2141383060,Alicia Curry,43.0,Male,Ahmedabad,Anna Nagar Branch,Current,14488.52,TXN102043,2023-04-12,Deposit,91500.82,ATM,Failed,888.0,Student,1520239.78,Yes,joseph35@example.net,(201)951-5325x94795,False
1732,CUST11143,9015692102,Randall Johnson,47.0,Other,Delhi,Anna Nagar Branch,Salary,35207.83,TXN101143,2023-07-09,Bill Payment,103418.47,Mobile App,Success,634.0,Retired,676417.71,No,donnasuarez@example.com,(201)951-5325x94795,False
1733,CUST11144,7986151280,Raymond Garcia,34.0,Other,Pune,Connaught Place Branch,NRI,194892.92,TXN101144,2025-06-20,POS Purchase,88097.31,POS,Success,619.0,Unemployed,2693691.12,Yes,evanselizabeth@example.org,377.597.2479x25422,False
1734,CUST11700,7093583669,Richard Fletcher,32.0,Other,Mumbai,Andheri Branch,Current,136600.49,TXN101700,2023-04-15,Loan EMI,155091.06,POS,Success,339.0,Business Owner,1580933.17,Yes,qanderson@example.net,2748144301,False
1735,CUST10227,9621492184,Jennifer Harris DDS,60.0,Female,Jaipur,Koramangala Branch,Salary,340628.63,TXN100227,2024-09-13,Deposit,67289.92,ATM,Success,583.0,Business Owner,2019940.87,No,jwhite@example.net,844.795.6213x7213,False
1736,CUST11974,9401753697,Daniel Rodriguez,61.0,Male,Delhi,MG Road Branch,Savings,99639.22,TXN101974,2023-03-04,Transfer,61902.28,Mobile App,Success,787.0,Self-Employed,2750238.8,No,belldavid@example.net,+1-542-751-1190,False
1737,CUST10001,3746317213,Allison Hill,19.0,Other,Hyderabad,Connaught Place Branch,Current,65466.65,TXN100001,2022-07-29,ATM Withdrawal,148146.52,POS,Success,732.0,Salaried,234922.08,Yes,donaldgarcia@example.net,+1-219-560-0133,False
1738,CUST11419,9351548768,Katherine Guzman,74.0,Male,Lucknow,MG Road Branch,Salary,125819.27,TXN101419,2025-03-18,Deposit,116977.08,Internet Banking,Failed,656.0,Self-Employed,854708.64,Yes,natalie90@example.net,(201)951-5325x94795,False
1739,CUST10402,6059732461,Christopher Johnson,41.0,Male,Ahmedabad,Connaught Place Branch,Salary,487655.73,TXN100402,2023-02-19,Transfer,25485.99,Branch,Success,587.0,Self-Employed,466661.42,No,patrick11@example.org,+1-824-422-4124,False
1740,CUST11429,4398250825,Sandra Baker,55.0,Male,Chennai,Koramangala Branch,NRI,238966.77,TXN101429,2022-03-26,Bill Payment,98567.23,Branch,Success,503.0,Self-Employed,2659788.69,Yes,tlogan@example.com,776-895-0904x189,False
1741,CUST11104,2534867848,William Hicks,33.0,Other,Jaipur,Salt Lake Branch,Savings,398339.49,TXN101104,2022-03-24,Withdrawal,3516.54,ATM,Success,697.0,Unemployed,383728.16,No,ypadilla@example.com,001-662-624-1976x878,False
1742,CUST10085,9444763362,David Brewer,28.0,Other,Delhi,Banjara Hills Branch,Savings,215539.45,TXN100085,2022-08-05,Withdrawal,87163.52,Branch,Success,597.0,Business Owner,2275543.76,Yes,patrick90@example.net,(775)857-1928,False
1743,CUST10163,4927323476,Kyle Johnson,24.0,Male,Kolkata,Andheri Branch,NRI,17369.83,TXN100163,2025-08-14,ATM Withdrawal,129366.38,ATM,Pending,740.0,Salaried,180061.15,No,brian78@example.com,001-493-421-3348x03965,False
1744,CUST10115,6572436051,Tonya Wilson,22.0,Other,Chennai,Andheri Branch,Fixed Deposit,204888.98,TXN100115,2024-08-09,Withdrawal,68071.5,Internet Banking,Success,626.0,Unemployed,2965866.6,No,srocha@example.net,001-636-738-5467x854,False
1745,CUST10671,1558605632,Chad Hurley,41.0,Female,Ahmedabad,Connaught Place Branch,Fixed Deposit,89916.5,TXN100671,2023-07-24,Bill Payment,32881.06,ATM,Pending,891.0,Unemployed,440883.4,No,jonesjeanette@example.net,439-891-0622x7236,False
1746,CUST11175,5803118954,Noah Phillips,51.0,Other,Ahmedabad,Anna Nagar Branch,Salary,10470.61,TXN101175,2025-04-26,Bill Payment,36162.99,Branch,Success,883.0,Student,2705857.72,Yes,kennethsandoval@example.com,769.509.1237,False
1747,CUST11766,8875029005,Danielle Nguyen,23.0,Male,Jaipur,Anna Nagar Branch,Salary,248703.12,TXN101766,2024-07-06,Loan EMI,185833.35,Branch,Success,597.0,Unemployed,1023276.07,No,edward72@example.org,+1-936-270-2751x00568,False
1748,CUST11750,1221148990,Jessica Porter,72.0,Female,Lucknow,Kothrud Branch,Savings,35800.76,TXN101750,2023-03-17,Loan EMI,104743.71,UPI,Failed,758.0,Student,1109658.69,No,bjones@example.net,588.678.2188,False
1749,CUST10764,6059488803,Heather Young,26.0,Other,Delhi,Salt Lake Branch,Current,416814.01,TXN100764,2023-07-13,Withdrawal,35463.56,Branch,Success,750.0,Business Owner,413374.37,No,spencerlevi@example.org,(663)989-0219,False
1750,CUST11393,2531187247,Francisco Rivas,45.0,Other,Mumbai,Connaught Place Branch,NRI,424100.76,TXN101393,2024-01-17,ATM Withdrawal,149726.13,Branch,Success,356.0,Unemployed,479004.22,No,kevinnguyen@example.org,+1-690-482-6110x35659,False
1751,CUST11568,2002553400,David Joseph,34.0,Female,Hyderabad,Salt Lake Branch,Savings,183764.64,TXN101568,2024-09-14,Transfer,116072.92,Internet Banking,Success,395.0,Salaried,893035.94,No,newmanthomas@example.com,001-649-699-4457,False
1752,CUST10890,4482166571,Sean Dixon,69.0,Male,Bangalore,Anna Nagar Branch,Current,183561.09,TXN100890,2022-11-12,POS Purchase,160301.34,Mobile App,Failed,597.0,Unemployed,188324.59,No,bjones@example.net,001-367-413-9719,False
1753,CUST11502,8298916163,Timothy Hall,42.0,Male,Bangalore,Salt Lake Branch,Savings,404484.34,TXN101502,2022-10-13,Transfer,108375.07,Mobile App,Success,603.0,Student,2611524.32,Yes,john30@example.org,264.712.2474,False
1754,CUST11661,5058642877,Jason Hopkins,61.0,Female,Kolkata,Connaught Place Branch,Fixed Deposit,310192.21,TXN101661,2025-11-23,Withdrawal,100926.72,Mobile App,Success,597.0,Self-Employed,2954611.84,Yes,englishdenise@example.com,455-844-2157x8379,False
1755,CUST11557,6388500844,Jean Graham,29.0,Other,Mumbai,Banjara Hills Branch,NRI,175151.97,TXN101557,2023-08-04,ATM Withdrawal,16512.1,UPI,Success,417.0,Student,331379.76,Yes,betty00@example.net,+1-944-858-0151,False
1756,CUST10626,2041518442,Bryan Burns,70.0,Male,Chennai,Andheri Branch,Savings,480836.25,TXN100626,2025-12-12,Withdrawal,75523.28,Mobile App,Success,734.0,Business Owner,304137.53,Yes,brendan95@example.com,(254)308-4245x60754,False
1757,CUST11953,8312259910,Jacqueline Lawson,62.0,Female,Kolkata,Andheri Branch,Savings,159622.42,TXN101953,2023-12-24,POS Purchase,81382.69,ATM,Success,390.0,Salaried,2089765.37,No,watkinschristopher@example.org,+1-869-574-8697x8487,False
1758,CUST11537,8463854628,Bailey Love,45.0,Other,Delhi,Connaught Place Branch,Savings,247934.43,TXN101537,2022-09-22,Loan EMI,121294.45,UPI,Success,705.0,Unemployed,1615763.42,No,btaylor@example.com,001-998-293-5464x639,False
1759,CUST11769,3970637442,Jennifer Rice,18.0,Other,Delhi,Andheri Branch,Fixed Deposit,208520.6,TXN101769,2023-08-09,Loan EMI,3518.95,ATM,Success,547.0,Retired,1674835.28,Yes,courtney51@example.net,2207411548,False
1760,CUST11097,5734127482,Charles Brown,21.0,Other,Delhi,Kothrud Branch,Savings,320937.25,TXN101097,2022-12-26,Deposit,91460.49,Branch,Success,522.0,Retired,2017878.84,Yes,piercejoseph@example.net,001-202-481-8223x8794,False
1761,CUST10953,4830617667,Molly Jones,32.0,Female,Mumbai,MG Road Branch,Current,333936.61,TXN100953,2024-06-10,POS Purchase,172186.01,Branch,Success,537.0,Salaried,2564754.3,No,martin25@example.net,(201)951-5325x94795,False
1762,CUST10808,1671680169,Eileen Taylor,67.0,Female,Delhi,Andheri Branch,NRI,329608.33,TXN100808,2023-10-29,POS Purchase,196231.82,UPI,Success,597.0,Unemployed,917742.08,No,sbartlett@example.com,891.564.9701,False
1763,CUST10259,8334436459,Charles Richardson,51.0,Male,Delhi,Anna Nagar Branch,NRI,75482.1,TXN100259,2025-01-17,POS Purchase,80713.24,ATM,Success,518.0,Unemployed,1095868.02,No,jesseshepherd@example.org,001-369-631-5727,False
1764,CUST10625,1374736832,Veronica Schmidt,41.0,Male,Bangalore,MG Road Branch,Salary,276979.11,TXN100625,2022-10-01,Deposit,11962.5,ATM,Success,442.0,Business Owner,1462106.9,No,fberg@example.org,2599438976,False
1765,CUST10827,1729028760,Karen Trujillo,24.0,Male,Kolkata,Connaught Place Branch,Savings,207040.85,TXN100827,2022-05-16,Deposit,193747.64,Branch,Pending,849.0,Student,533055.38,Yes,ibowers@example.net,(609)402-5561x844,False
1766,CUST10235,2314754322,Paul Anderson,22.0,Male,Hyderabad,Koramangala Branch,Fixed Deposit,362555.12,TXN100235,2025-05-06,POS Purchase,67600.14,UPI,Pending,650.0,Student,1173865.03,Yes,imendoza@example.org,356.727.1875x00369,False
1767,CUST10136,5388470693,David Wilson,34.0,Male,Bangalore,Anna Nagar Branch,Savings,246244.99,TXN100136,2025-12-05,Deposit,108255.64,Mobile App,Failed,370.0,Student,240444.38,No,heather86@example.com,+1-629-466-2782x827,False
1768,CUST10617,3262496662,Frank Elliott,64.0,Male,Lucknow,Anna Nagar Branch,Fixed Deposit,188915.23,TXN100617,2022-08-14,Loan EMI,2759.73,UPI,Failed,435.0,Self-Employed,2344835.23,No,morrisdaniel@example.com,6264755125,False
1769,CUST11541,3034771635,Lori Duran,46.0,Other,Jaipur,MG Road Branch,Current,441371.25,TXN101541,2023-04-12,Bill Payment,100926.72,POS,Success,738.0,Business Owner,2498177.88,No,mwoods@example.net,510.844.8177,False
1771,CUST10837,1286967409,Brandon Shelton,66.0,Female,Delhi,Andheri Branch,Fixed Deposit,410332.83,TXN100837,2023-05-12,Bill Payment,157273.25,UPI,Success,597.0,Self-Employed,2527837.73,Yes,zrobinson@example.net,830-260-1198x75617,False
1772,CUST10843,3472292817,Michael Jones,25.0,Male,Kolkata,Salt Lake Branch,Fixed Deposit,357735.95,TXN100843,2022-03-23,Transfer,129435.34,Branch,Failed,887.0,Retired,256237.28,No,corythompson@example.org,955-806-8826x917,False
1773,CUST10960,1721237600,Patricia Smith,19.0,Male,Lucknow,Anna Nagar Branch,Savings,385282.34,TXN100960,2023-07-06,Loan EMI,156639.56,POS,Success,773.0,Retired,2318451.8,Yes,smithmichael@example.org,660.389.4118,False
1774,CUST10593,4496203239,Raymond Green,37.0,Other,Mumbai,Koramangala Branch,Fixed Deposit,384142.09,TXN100593,2022-07-04,ATM Withdrawal,15941.0,UPI,Success,395.0,Self-Employed,1789652.59,Yes,robert76@example.com,404-573-5047x639,False
1775,CUST11315,2487241262,Justin Randall,63.0,Female,Mumbai,Salt Lake Branch,Savings,488636.67,TXN101315,2023-11-03,Bill Payment,73680.27,Mobile App,Success,597.0,Business Owner,2761275.29,Yes,kimlee@example.net,001-520-894-5167x6706,False
1776,CUST11526,9239159277,Kevin Smith,27.0,Other,Pune,Anna Nagar Branch,Savings,418902.4,TXN101526,2022-05-02,POS Purchase,176017.39,Branch,Success,710.0,Self-Employed,171115.69,No,shannon85@example.com,9945067148,False
1777,CUST11563,3378238228,Holly Suarez,75.0,Female,Delhi,Banjara Hills Branch,NRI,246244.99,TXN101563,2022-07-12,Bill Payment,172855.65,POS,Success,597.0,Unemployed,1017622.9,No,nguyenlaura@example.net,(275)677-9911x37983,False
1778,CUST11292,5494310712,Megan House,69.0,Male,Hyderabad,Connaught Place Branch,NRI,449067.95,TXN101292,2025-01-31,ATM Withdrawal,432.1,ATM,Success,465.0,Student,2550986.15,Yes,andrewwalker@example.com,680.537.8912x1397,False
1779,CUST11753,7375761066,Melanie Dunn,37.0,Male,Delhi,Koramangala Branch,Current,396679.42,TXN101753,2024-06-09,Deposit,94352.19,Branch,Success,471.0,Business Owner,2434381.29,Yes,tsummers@example.com,+1-592-746-8714x469,False
1780,CUST11606,8182541746,Jennifer Flores,69.0,Other,Ahmedabad,Andheri Branch,NRI,66062.89,TXN101606,2024-08-24,Bill Payment,33741.68,POS,Success,424.0,Business Owner,2630017.63,Yes,bjones@example.net,(463)756-5418x0288,False
1781,CUST10344,1211722336,David Jones,36.0,Female,Delhi,Koramangala Branch,Salary,227980.32,TXN100344,2024-05-15,Transfer,122646.2,Mobile App,Success,445.0,Student,2515196.49,No,websterkimberly@example.net,793.725.0124,False
1782,CUST11908,9958974736,Kurt Ramos,63.0,Male,Delhi,Banjara Hills Branch,Savings,219691.81,TXN101908,2025-04-17,ATM Withdrawal,495.18,ATM,Success,814.0,Business Owner,1330100.93,No,amycunningham@example.org,001-283-820-5112x134,False
1783,CUST11822,6642076202,Matthew Ball,63.0,Other,Lucknow,Salt Lake Branch,Fixed Deposit,383155.89,TXN101822,2022-05-09,ATM Withdrawal,53642.62,Mobile App,Success,311.0,Unemployed,296916.33,No,emilyadams@example.org,389.267.7888x922,False
1784,CUST10294,3636366799,Shawn Evans,66.0,Other,Chennai,Kothrud Branch,Salary,308437.07,TXN100294,2024-10-05,POS Purchase,100926.72,Branch,Success,823.0,Business Owner,1283956.57,Yes,samantha65@example.org,001-209-286-2405,False
1785,CUST10365,3020979143,Denise Miller,32.0,Male,Lucknow,Koramangala Branch,Salary,192998.84,TXN100365,2025-12-03,ATM Withdrawal,66099.07,ATM,Success,330.0,Salaried,1504702.93,No,bjones@example.net,001-961-224-8156x985,False
1786,CUST10179,9990826771,Jonathon Taylor,41.0,Female,Mumbai,Banjara Hills Branch,Current,21152.57,TXN100179,2025-07-05,Transfer,145211.37,Internet Banking,Success,393.0,Unemployed,421273.48,Yes,thompsonnancy@example.org,9308705345,False
1787,CUST10660,8396192882,Emily Lee,45.0,Female,Pune,Koramangala Branch,Salary,309570.04,TXN100660,2025-05-28,Bill Payment,85891.13,Branch,Success,365.0,Student,626659.8,Yes,marshmichael@example.com,617.500.6661x55416,False
1788,CUST10997,8081184851,Ricky Hill,44.0,Other,Delhi,Banjara Hills Branch,Fixed Deposit,38038.76,TXN100997,2022-07-16,POS Purchase,104126.81,Mobile App,Success,597.0,Student,1727717.44,No,adamcaldwell@example.org,+1-841-485-2013,False
1789,CUST10015,5161807235,Kevin Mills,66.0,Male,Delhi,Salt Lake Branch,Fixed Deposit,238086.0,TXN100015,2024-04-01,Deposit,32969.19,Mobile App,Pending,571.0,Student,962960.3,No,james53@example.com,(524)675-1079x9118,False
1790,CUST11711,1685833630,Cassandra Ross,18.0,Male,Bangalore,Andheri Branch,Salary,397027.59,TXN101711,2022-12-22,Deposit,154201.1,UPI,Success,597.0,Student,1252196.42,Yes,estone@example.com,(393)758-6134x174,False
1791,CUST11111,5217588491,Donald Mays,27.0,Other,Hyderabad,Salt Lake Branch,Current,3643.02,TXN101111,2025-04-26,Withdrawal,140140.11,ATM,Pending,658.0,Unemployed,1234412.52,Yes,kennethzuniga@example.org,317.819.7860,False
1792,CUST11395,5883178329,Lori Weaver,52.0,Female,Jaipur,Anna Nagar Branch,Current,6910.47,TXN101395,2023-09-10,Deposit,147731.11,POS,Success,376.0,Salaried,1051719.55,Yes,chelseasmith@example.net,442.542.4066,False
1793,CUST10166,5982744929,Jacqueline Mcmahon,53.0,Female,Ahmedabad,Connaught Place Branch,Fixed Deposit,313028.96,TXN100166,2023-01-17,ATM Withdrawal,131478.72,Branch,Success,502.0,Student,1837779.0,No,vwillis@example.com,622-667-5289x53926,False
1795,CUST11360,4580309341,Beth Byrd,68.0,Female,Bangalore,Koramangala Branch,NRI,246244.99,TXN101360,2024-06-14,Transfer,89837.02,Mobile App,Success,420.0,Self-Employed,1786140.14,No,ralexander@example.org,(734)338-8804,False
1796,CUST10060,3791027186,Kerry Chavez DDS,72.0,Female,Jaipur,Salt Lake Branch,Salary,246244.99,TXN100060,2024-09-26,Loan EMI,108226.15,POS,Success,594.0,Self-Employed,2278284.15,No,mcguiredanny@example.net,+1-883-767-3657x6615,False
1797,CUST10710,3374969448,Bridget Wallace,25.0,Female,Delhi,MG Road Branch,Current,347662.68,TXN100710,2025-08-24,Loan EMI,90779.91,Mobile App,Success,334.0,Business Owner,942206.89,No,taylorparker@example.com,720.795.7992x7079,False
1798,CUST10677,4784972278,Erin Carter,28.0,Other,Chennai,Banjara Hills Branch,Fixed Deposit,289495.22,TXN100677,2024-09-27,Loan EMI,49539.71,Mobile App,Success,317.0,Retired,2088131.84,No,upham@example.com,555-753-4705x742,False
1799,CUST11379,5181383940,Timothy Thomas,26.0,Male,Delhi,Koramangala Branch,Current,150337.76,TXN101379,2023-09-22,ATM Withdrawal,100926.72,UPI,Success,860.0,Self-Employed,2850301.7,Yes,millershannon@example.org,224.971.8301x81796,False
1800,CUST10781,6474778646,Sonya Simmons,47.0,Other,Lucknow,Connaught Place Branch,NRI,282379.48,TXN100781,2022-03-25,Deposit,65351.37,Mobile App,Success,403.0,Student,1611002.0,Yes,veronica30@example.org,(304)371-3727,False
1801,CUST10425,2557023069,Bradley Walton,52.0,Other,Kolkata,Andheri Branch,Savings,64159.47,TXN100425,2023-07-31,Transfer,155772.63,Branch,Success,597.0,Salaried,1628178.1099999999,Yes,sean53@example.net,8787956776,False
1802,CUST10293,4158643786,Tyler Jones,73.0,Female,Bangalore,Connaught Place Branch,Current,416644.94,TXN100293,2025-06-20,Transfer,31241.31,Mobile App,Success,380.0,Unemployed,2873972.1,No,jenningscandace@example.com,970-513-2902x27846,False
1803,CUST11066,6613944246,Ronald Edwards,55.0,Male,Delhi,Banjara Hills Branch,Savings,66129.82,TXN101066,2024-03-21,Transfer,102078.21,Mobile App,Success,591.0,Salaried,824046.4,Yes,webstersteven@example.net,5533260119,False
1805,CUST10330,7649263948,Mr. Joseph Kelley,34.0,Other,Pune,Salt Lake Branch,Current,379826.62,TXN100330,2024-09-11,POS Purchase,39661.8,Branch,Success,500.0,Retired,1905590.99,Yes,itorres@example.com,(643)975-4025,False
1807,CUST10430,3632627835,Christina Myers,45.0,Other,Mumbai,Anna Nagar Branch,NRI,380438.24,TXN100430,2024-12-19,Withdrawal,143176.54,ATM,Success,850.0,Salaried,2924702.73,Yes,glopez@example.com,001-974-212-1820,False
1808,CUST11013,5379019993,Isaac Evans,67.0,Other,Jaipur,Salt Lake Branch,NRI,167354.61,TXN101013,2024-09-12,Withdrawal,37515.0,UPI,Success,735.0,Business Owner,2133676.76,No,heather66@example.org,413-588-5034,False
1809,CUST10080,9252940807,Chelsea Barnett,40.0,Other,Delhi,Andheri Branch,NRI,326959.04,TXN100080,2022-05-23,Withdrawal,148206.76,Mobile App,Success,843.0,Self-Employed,1222154.06,No,carlos88@example.net,380.767.0654x05153,False
1810,CUST11718,8505196447,Peter Cooper,70.0,Male,Delhi,Andheri Branch,Current,342132.24,TXN101718,2023-08-15,ATM Withdrawal,76187.11,Mobile App,Success,700.0,Student,651339.95,No,bjones@example.net,(579)443-3644x7026,False
1811,CUST11053,2264470592,Jennifer Barrett,45.0,Other,Hyderabad,Connaught Place Branch,Current,444722.54,TXN101053,2022-08-10,Withdrawal,167845.32,Internet Banking,Success,597.0,Student,1628178.1099999999,Yes,ariascarlos@example.net,001-773-727-7264x88395,False
1812,CUST10938,9960923252,Andrew Johnson,29.0,Other,Bangalore,Kothrud Branch,NRI,183525.02,TXN100938,2023-06-23,Bill Payment,13410.44,UPI,Success,723.0,Salaried,1745049.76,Yes,hespinoza@example.org,+1-514-635-6140,False
1813,CUST11732,8866114553,Sabrina Sanchez,71.0,Female,Pune,Andheri Branch,Savings,408544.75,TXN101732,2023-01-09,ATM Withdrawal,37614.53,Mobile App,Success,597.0,Student,814822.26,No,qlara@example.org,001-716-578-5984x4408,False
1814,CUST10835,4349806896,Isabella Hawkins,54.0,Other,Delhi,MG Road Branch,NRI,246244.99,TXN100835,2023-04-17,ATM Withdrawal,189435.34,POS,Success,597.0,Salaried,2089131.17,Yes,mariahill@example.net,(579)505-0404,False
1815,CUST10750,7539002241,Kyle Simmons,57.0,Female,Lucknow,Andheri Branch,Current,141549.37,TXN100750,2025-11-03,Withdrawal,160572.6,UPI,Success,557.0,Student,1469208.47,No,tanyajones@example.com,530.962.6042x3597,False
1816,CUST10891,3651973404,Mark Dennis,27.0,Other,Ahmedabad,Banjara Hills Branch,Savings,304345.42,TXN100891,2022-04-26,ATM Withdrawal,27786.05,UPI,Failed,490.0,Salaried,2197025.05,Yes,clarkdavid@example.net,001-876-372-0191x116,False
1817,CUST10255,9519206782,Patrick Zamora,61.0,Female,Delhi,MG Road Branch,Salary,98020.46,TXN100255,2025-01-13,Deposit,71768.55,Branch,Success,875.0,Self-Employed,2265876.3,No,laura09@example.com,501.441.3811x38633,False
1818,CUST12009,9930278372,Derek Bishop,32.0,Other,Delhi,Kothrud Branch,Savings,395298.04,TXN102009,2022-12-10,Withdrawal,149171.14,Mobile App,Success,742.0,Student,1640419.72,No,katelynrobinson@example.org,+1-453-995-2608x853,False
1821,CUST11408,4653034521,James Medina,55.0,Other,Chennai,Connaught Place Branch,NRI,126134.35,TXN101408,2023-01-06,Bill Payment,42051.08,Branch,Success,433.0,Student,2226631.75,Yes,hicksrachel@example.net,+1-777-447-5944x348,False
1822,CUST11338,7837492049,Crystal Mclean,68.0,Male,Chennai,Salt Lake Branch,NRI,397630.33,TXN101338,2024-05-06,Bill Payment,80456.28,UPI,Success,303.0,Retired,645046.14,No,cynthiabutler@example.org,466.828.0812,False
1823,CUST11109,8558936248,Catherine Martin DVM,33.0,Male,Lucknow,Connaught Place Branch,Savings,143274.17,TXN101109,2023-01-30,Bill Payment,76087.71,Internet Banking,Success,483.0,Student,2004285.59,No,james41@example.net,(830)216-0498,False
1824,CUST11599,7403192791,Aaron Thompson,36.0,Other,Bangalore,Anna Nagar Branch,Current,274824.41,TXN101599,2022-06-13,Deposit,183598.24,Branch,Success,413.0,Unemployed,2959739.27,Yes,selenamullen@example.com,001-284-672-1461x7275,False
1826,CUST10137,9434381915,Ryan Harvey,41.0,Female,Ahmedabad,Salt Lake Branch,Fixed Deposit,35526.25,TXN100137,2025-09-17,Loan EMI,107883.09,UPI,Failed,421.0,Self-Employed,2979613.31,No,stephanie72@example.org,(588)676-7677x2190,False
1827,CUST11136,8048801143,Paul Willis,29.0,Female,Chennai,Salt Lake Branch,Salary,416718.73,TXN101136,2024-02-10,Bill Payment,109382.35,UPI,Success,739.0,Salaried,907087.38,No,chavezaaron@example.net,(440)267-5602x08019,False
1828,CUST11219,5207764721,Alexis Campbell,61.0,Female,Lucknow,Connaught Place Branch,Current,281614.21,TXN101219,2023-12-06,Deposit,60495.06,POS,Success,764.0,Self-Employed,519005.95,Yes,douglasbutler@example.com,332-323-9461x2128,False
1829,CUST10853,7293357327,Austin Rose,54.0,Male,Ahmedabad,Kothrud Branch,Fixed Deposit,293486.78,TXN100853,2022-05-13,Withdrawal,4471.93,Branch,Success,358.0,Business Owner,1508385.37,Yes,christopher91@example.net,607-662-8397x62053,False
1830,CUST11203,5494231664,Alan Hoffman,33.0,Male,Jaipur,Salt Lake Branch,NRI,122904.82,TXN101203,2022-01-29,Withdrawal,177285.37,Mobile App,Success,702.0,Student,776840.54,Yes,wbailey@example.net,744.456.6229,False
1832,CUST10724,3309042717,Renee Shields,67.0,Female,Lucknow,Andheri Branch,NRI,126440.87,TXN100724,2023-08-11,Transfer,62803.18,Mobile App,Success,817.0,Self-Employed,1791633.49,Yes,annette71@example.org,756.533.5357x485,False
1833,CUST10860,7870737796,Melissa Kim,54.0,Male,Ahmedabad,Andheri Branch,NRI,70169.13,TXN100860,2024-06-30,Deposit,124435.42,POS,Failed,423.0,Business Owner,2814842.66,Yes,odelacruz@example.net,518.928.5605,False
1834,CUST10970,8023150671,Angela Chapman,27.0,Male,Bangalore,Anna Nagar Branch,NRI,188864.22,TXN100970,2024-03-18,Withdrawal,8426.24,ATM,Success,436.0,Self-Employed,1342371.25,Yes,ashley77@example.org,001-516-388-0053x789,False
1835,CUST10497,1008958266,Thomas Johnson,53.0,Female,Mumbai,MG Road Branch,Fixed Deposit,237994.1,TXN100497,2023-09-27,POS Purchase,90502.27,ATM,Success,786.0,Unemployed,2525997.88,Yes,wcruz@example.net,736-317-2131x4519,False
1836,CUST10951,1042331617,Brandy Williams,39.0,Other,Hyderabad,Koramangala Branch,Fixed Deposit,116543.54,TXN100951,2023-03-28,POS Purchase,120752.08,Branch,Failed,662.0,Self-Employed,582353.25,No,bjones@example.net,900-874-1894x85432,False
1837,CUST10806,7983280639,Brandon Duffy,25.0,Male,Ahmedabad,MG Road Branch,Salary,446150.44,TXN100806,2024-11-09,Bill Payment,99182.8,Internet Banking,Success,742.0,Unemployed,1018226.79,No,rodriguezthomas@example.com,(468)314-2983x152,False
1838,CUST11830,9552931641,Brian Mclaughlin,60.0,Other,Ahmedabad,Salt Lake Branch,Savings,485518.73,TXN101830,2023-05-01,Loan EMI,93033.17,Internet Banking,Success,682.0,Salaried,1527071.12,No,bjones@example.net,(514)642-6735,False
1839,CUST10130,7460544248,Dana Hopkins,35.0,Male,Mumbai,Banjara Hills Branch,Current,364215.21,TXN100130,2025-08-20,Transfer,143733.7,Mobile App,Success,602.0,Retired,2072043.25,Yes,emccormick@example.com,+1-379-368-8680x589,False
1840,CUST11740,2509908694,Kayla Taylor,57.0,Other,Lucknow,Anna Nagar Branch,Current,231066.34,TXN101740,2023-10-18,Transfer,166172.06,Internet Banking,Success,632.0,Salaried,2100475.01,Yes,keith40@example.org,(201)951-5325x94795,False
1842,CUST10731,9707402483,Jason Potter,45.0,Male,Jaipur,Connaught Place Branch,Savings,241624.78,TXN100731,2022-02-22,Transfer,40668.03,POS,Success,755.0,Retired,509609.3,No,dmorales@example.net,(262)281-3721x43308,False
1843,CUST10609,4268418626,Timothy Cowan,52.0,Other,Delhi,MG Road Branch,Current,91811.9,TXN100609,2025-02-01,ATM Withdrawal,100926.72,POS,Pending,597.0,Student,1945114.22,Yes,scottfox@example.org,001-645-215-4809,False
1844,CUST11149,2762913595,Mary Reid,38.0,Female,Hyderabad,Andheri Branch,Savings,409196.64,TXN101149,2023-09-29,Transfer,84746.96,ATM,Success,753.0,Business Owner,1681926.18,Yes,katherinezhang@example.com,(486)439-4201,False
1845,CUST10196,8453283834,Sheryl Acosta,38.0,Female,Hyderabad,Connaught Place Branch,Savings,471495.12,TXN100196,2022-10-06,Loan EMI,154040.82,Mobile App,Success,468.0,Student,1628178.1099999999,No,timothyfreeman@example.com,301.845.0899x358,False
1846,CUST11251,6515134889,Chelsea Grant,18.0,Other,Chennai,MG Road Branch,Current,207536.77,TXN101251,2025-02-23,Bill Payment,79158.86,ATM,Success,745.0,Student,1292604.03,No,robertchavez@example.org,+1-466-266-1025x634,False
1847,CUST11714,2961734951,Nicholas Sampson,45.0,Male,Hyderabad,Banjara Hills Branch,Savings,396200.21,TXN101714,2025-10-06,POS Purchase,100926.72,ATM,Success,521.0,Student,168296.31,No,mcbridepatrick@example.com,890.949.9157x380,False
1848,CUST11293,3626220903,Jennifer Johnston,45.0,Female,Pune,Salt Lake Branch,Current,410430.65,TXN101293,2024-06-12,Withdrawal,171566.02,Internet Banking,Success,511.0,Retired,1886829.29,No,lisa85@example.com,859.294.0842x9069,False
1850,CUST10910,1600915071,Jocelyn Beard,24.0,Other,Delhi,Connaught Place Branch,Savings,376103.08,TXN100910,2024-01-02,Transfer,16277.69,ATM,Success,804.0,Student,1703567.44,No,bjones@example.net,957.308.2004x80675,False
1851,CUST10585,1503911634,Jordan Chapman,73.0,Other,Delhi,MG Road Branch,NRI,220852.6,TXN100585,2023-10-06,Deposit,7876.68,POS,Success,465.0,Salaried,1628178.1099999999,Yes,halltrevor@example.org,001-788-498-6456,False
1852,CUST10104,6955593943,Brandon Holden,29.0,Female,Ahmedabad,Banjara Hills Branch,NRI,246244.99,TXN100104,2022-06-19,ATM Withdrawal,84928.71,Branch,Success,484.0,Retired,987234.29,Yes,pmorris@example.org,563-274-5499x045,False
1853,CUST11618,2322051984,Alex Fields,64.0,Other,Kolkata,Connaught Place Branch,Fixed Deposit,298178.06,TXN101618,2023-11-02,POS Purchase,67640.41,Branch,Success,898.0,Salaried,1244892.24,No,ghenry@example.com,656-759-6957,False
1855,CUST10988,9285199831,Sheri Hoover,74.0,Other,Lucknow,Connaught Place Branch,Salary,416575.1,TXN100988,2023-04-02,Bill Payment,52976.87,UPI,Failed,534.0,Unemployed,2727484.23,No,rebeccaford@example.org,001-366-656-3370,False
1856,CUST11811,8058559729,Christina Sosa DDS,47.0,Female,Bangalore,Koramangala Branch,NRI,480275.33,TXN101811,2023-05-08,ATM Withdrawal,14397.72,UPI,Success,849.0,Student,530451.84,No,cynthiagardner@example.org,317.418.9935x47521,False
1857,CUST10720,3671110493,Dr. Erik Duarte Jr.,28.0,Female,Chennai,Koramangala Branch,Current,455495.69,TXN100720,2022-02-22,Deposit,121827.18,ATM,Success,820.0,Retired,2181594.68,Yes,bradgomez@example.com,756.877.7226x602,False
1858,CUST10885,9293333507,Bryan Hardy,55.0,Other,Delhi,Kothrud Branch,Savings,246244.99,TXN100885,2025-10-07,POS Purchase,68798.57,ATM,Pending,678.0,Salaried,655121.09,No,fmclaughlin@example.org,(964)330-9544,False
1859,CUST10777,5529091515,Jason Williams,45.0,Female,Mumbai,Kothrud Branch,NRI,183276.78,TXN100777,2024-08-27,ATM Withdrawal,67045.95,POS,Pending,414.0,Self-Employed,2945093.35,No,pennylivingston@example.com,(905)276-6194x588,False
1860,CUST11570,8749801054,Tamara Clark,50.0,Male,Chennai,Anna Nagar Branch,NRI,237613.75,TXN101570,2023-05-14,Deposit,62438.37,POS,Success,597.0,Salaried,862986.31,No,stephanie90@example.com,+1-396-858-5783x756,False
1861,CUST10850,6264911145,Robert Bowers,59.0,Male,Delhi,MG Road Branch,Salary,118058.5,TXN100850,2022-02-12,Loan EMI,122463.49,Branch,Success,864.0,Retired,697881.46,Yes,wgarza@example.net,+1-926-841-8696x56130,False
1862,CUST10895,4158704317,Crystal Chavez,51.0,Male,Hyderabad,Koramangala Branch,Current,27649.94,TXN100895,2022-05-09,Bill Payment,100926.72,UPI,Success,740.0,Salaried,2070999.82,No,joshuacoleman@example.com,+1-658-356-4230,False
1863,CUST10228,1809000407,Lisa Cohen,51.0,Male,Chennai,Salt Lake Branch,Salary,338781.65,TXN100228,2022-02-22,ATM Withdrawal,99499.7,ATM,Success,728.0,Student,1256583.52,Yes,martintamara@example.org,727-396-1143,False
1864,CUST10435,8409679733,Jennifer Gill,35.0,Other,Lucknow,Koramangala Branch,Fixed Deposit,174829.14,TXN100435,2025-09-27,POS Purchase,100926.72,Branch,Success,450.0,Student,457904.5,No,carneycharles@example.org,756.872.4380x70176,False
1865,CUST11326,4859945909,James Watkins,47.0,Male,Delhi,Koramangala Branch,Salary,462347.47,TXN101326,2022-07-22,Loan EMI,53211.88,Internet Banking,Success,463.0,Retired,2985504.43,Yes,jonathanjones@example.com,001-902-552-8546x1308,False
1866,CUST11300,3610609005,Joshua Hammond,46.0,Female,Ahmedabad,Andheri Branch,NRI,203062.9,TXN101300,2025-04-23,Transfer,12632.68,Branch,Success,705.0,Student,211542.01,Yes,howardjohn@example.org,(569)437-0632x5031,False
1867,CUST10127,8285000265,John Jones,26.0,Male,Lucknow,Connaught Place Branch,Current,20636.54,TXN100127,2024-12-23,Withdrawal,127607.02,Mobile App,Success,638.0,Unemployed,1628178.1099999999,Yes,sheryl79@example.net,871.724.0659,False
1868,CUST10406,1389680278,Thomas Nelson,48.0,Other,Hyderabad,Andheri Branch,Fixed Deposit,246244.99,TXN100406,2025-04-10,Deposit,195285.33,Branch,Success,715.0,Self-Employed,2401097.33,No,bjones@example.net,698.340.2891,False
1870,CUST10822,1900388247,Phillip Lewis,49.0,Other,Lucknow,Banjara Hills Branch,Salary,204639.57,TXN100822,2023-03-07,Deposit,159968.25,ATM,Success,820.0,Salaried,2842956.0,Yes,bjones@example.net,(448)588-9957,False
1871,CUST10712,8131374264,David Palmer,20.0,Other,Kolkata,MG Road Branch,NRI,376011.43,TXN100712,2023-11-20,Loan EMI,181494.54,POS,Success,328.0,Business Owner,2218490.9,No,burnsrebecca@example.org,+1-234-447-6504x7158,False
1872,CUST11790,3643117241,Stacy Jones,31.0,Other,Chennai,Connaught Place Branch,Salary,56232.87,TXN101790,2023-06-10,Loan EMI,198955.87,POS,Success,630.0,Unemployed,850791.86,Yes,nguyenvictor@example.org,(201)951-5325x94795,False
1873,CUST11708,3236574400,Jennifer Clay,53.0,Female,Jaipur,MG Road Branch,Current,371111.93,TXN101708,2023-09-27,ATM Withdrawal,100926.72,Mobile App,Success,623.0,Student,1289330.41,No,vanessa12@example.org,843-758-4981x184,False
1874,CUST11774,3738881126,Alyssa Guzman,62.0,Male,Ahmedabad,Banjara Hills Branch,Salary,437796.3,TXN101774,2025-06-23,Deposit,161778.74,POS,Success,597.0,Self-Employed,2917707.97,No,jennifer06@example.com,001-745-225-9357x076,False
1875,CUST10457,9329737841,Jeremy Wilson,46.0,Female,Delhi,Koramangala Branch,Current,342170.77,TXN100457,2023-11-02,Loan EMI,56395.38,Mobile App,Success,486.0,Student,1628178.1099999999,Yes,johnjackson@example.net,001-311-460-2564x347,False
1876,CUST11061,5528285106,Cynthia Velazquez,44.0,Male,Jaipur,Connaught Place Branch,NRI,474458.97,TXN101061,2025-08-07,Bill Payment,125414.19,Mobile App,Success,525.0,Unemployed,947430.64,Yes,frank18@example.net,(784)942-4648x84997,False
1877,CUST11164,8134243381,Jonathan Rivera,73.0,Other,Pune,Salt Lake Branch,NRI,246244.99,TXN101164,2022-11-14,Loan EMI,138135.45,Mobile App,Success,622.0,Student,1799509.24,Yes,hugheskaren@example.net,(434)428-9876x05504,False
1878,CUST10304,3355504998,Marissa Nelson,19.0,Female,Jaipur,Anna Nagar Branch,Savings,127538.39,TXN100304,2022-11-15,Deposit,130983.79,Branch,Success,553.0,Unemployed,959899.55,Yes,joseph14@example.net,001-767-239-3852,False
1879,CUST10268,5609120848,Steven Sandoval,60.0,Male,Hyderabad,Anna Nagar Branch,Current,361422.57,TXN100268,2024-09-24,Transfer,71459.81,UPI,Success,402.0,Business Owner,1915619.96,Yes,blairabigail@example.net,+1-436-539-2649x578,False
1880,CUST11859,5581970919,Dominic Bennett,35.0,Other,Ahmedabad,Andheri Branch,Savings,23054.59,TXN101859,2023-07-06,Bill Payment,83039.73,Branch,Success,318.0,Salaried,1163208.4,No,kristin37@example.org,9493174436,False
1881,CUST11558,2445987132,Kevin Gutierrez,28.0,Male,Mumbai,Anna Nagar Branch,Fixed Deposit,280094.75,TXN101558,2022-05-28,ATM Withdrawal,166834.13,ATM,Failed,401.0,Self-Employed,2395046.57,No,zacharywillis@example.com,815-305-0969,False
1882,CUST10546,5954229656,Selena Hopkins,40.0,Male,Bangalore,MG Road Branch,NRI,104164.08,TXN100546,2025-11-27,Deposit,167308.4,POS,Success,405.0,Student,2117488.13,No,michaeljohnson@example.net,001-665-731-3614x8782,False
1883,CUST10213,8132213650,Matthew Wells,45.0,Male,Mumbai,MG Road Branch,Fixed Deposit,283743.75,TXN100213,2024-10-02,Withdrawal,10948.25,Mobile App,Success,601.0,Unemployed,1931509.22,No,derekmyers@example.net,824-350-8821x0099,False
1884,CUST10897,1732519312,Tracey Reynolds,62.0,Female,Pune,Kothrud Branch,Fixed Deposit,158805.73,TXN100897,2024-04-05,Bill Payment,173743.03,Branch,Success,445.0,Unemployed,2289073.44,No,gutierrezdavid@example.com,715.854.2034x03010,False
1885,CUST11493,3912505621,Stephen Scott,48.0,Female,Delhi,Banjara Hills Branch,Salary,144614.27,TXN101493,2025-11-30,Loan EMI,100926.72,POS,Success,440.0,Unemployed,2701890.01,Yes,cynthiagonzalez@example.com,697-587-2965x7156,False
1886,CUST11223,6349478736,Loretta Bradley,30.0,Male,Bangalore,Anna Nagar Branch,Savings,351734.95,TXN101223,2024-01-20,Loan EMI,133708.8,Branch,Success,682.0,Unemployed,911167.12,No,rlee@example.net,209.472.3610,False
1887,CUST11697,6369481313,Douglas Raymond,24.0,Male,Mumbai,Banjara Hills Branch,Fixed Deposit,184148.66,TXN101697,2024-05-16,ATM Withdrawal,144396.64,UPI,Success,735.0,Student,2666465.03,Yes,michelle63@example.net,788-582-3725x4422,False
1888,CUST10917,1053087238,David Hawkins,71.0,Male,Kolkata,Connaught Place Branch,Fixed Deposit,473131.51,TXN100917,2024-03-06,ATM Withdrawal,65505.39,Branch,Success,469.0,Student,1518500.39,No,moraleskimberly@example.net,3258447241,False
1889,CUST11552,3584455732,Kristin Dixon MD,65.0,Male,Lucknow,Kothrud Branch,Fixed Deposit,307044.64,TXN101552,2025-01-06,Deposit,174748.38,Internet Banking,Success,609.0,Student,910977.37,No,laurenwilliams@example.com,+1-488-231-2736x54852,False
1890,CUST10676,2024862905,Autumn Gallagher,38.0,Other,Mumbai,Andheri Branch,Current,162738.43,TXN100676,2024-07-21,Withdrawal,192450.49,UPI,Success,642.0,Salaried,655917.9,No,betty96@example.com,(201)951-5325x94795,False
1891,CUST11290,8560651734,Kerry Anderson,55.0,Other,Lucknow,Koramangala Branch,NRI,343780.62,TXN101290,2022-07-17,ATM Withdrawal,32218.69,UPI,Success,862.0,Salaried,312487.22,No,moodysamuel@example.org,+1-357-280-9783x0280,False
1892,CUST10815,7130339652,April Benjamin,69.0,Female,Chennai,MG Road Branch,NRI,183604.55,TXN100815,2025-03-04,Bill Payment,199131.11,POS,Failed,634.0,Retired,1552226.99,No,kayla86@example.net,707-332-1464x49369,False
1893,CUST11266,1251020894,Kara Stein,32.0,Other,Kolkata,MG Road Branch,Current,76803.45,TXN101266,2025-02-19,POS Purchase,100926.72,Branch,Success,485.0,Student,2292078.39,Yes,joshuaberry@example.net,+1-752-797-3561x5266,False
1894,CUST10343,8835431320,Brenda Perez,64.0,Female,Pune,MG Road Branch,NRI,50204.73,TXN100343,2024-07-24,Loan EMI,175559.51,Internet Banking,Success,705.0,Unemployed,261867.12,No,jasonzavala@example.com,001-211-907-6031x089,False
1895,CUST10550,1188716346,Mandy Henderson,74.0,Male,Pune,Koramangala Branch,NRI,247285.89,TXN100550,2022-07-28,ATM Withdrawal,100926.72,POS,Success,397.0,Retired,1074409.73,No,orozcosamantha@example.net,629-665-9234x2683,False
1896,CUST11411,5037256210,Brittany Garner,71.0,Female,Lucknow,MG Road Branch,Current,290179.64,TXN101411,2023-01-02,Withdrawal,5966.12,Internet Banking,Success,882.0,Retired,189655.38,No,matthew85@example.net,+1-965-235-2326x60004,False
1897,CUST11215,3510675524,Edwin Mendoza,57.0,Other,Bangalore,Andheri Branch,Savings,340312.43,TXN101215,2025-08-27,Withdrawal,198134.14,Mobile App,Success,375.0,Student,1000833.22,Yes,jsmith@example.com,(201)951-5325x94795,False
1898,CUST10967,2861362966,Anthony Ashley,56.0,Female,Kolkata,Kothrud Branch,Savings,466658.48,TXN100967,2024-09-08,Deposit,70528.86,Internet Banking,Success,818.0,Self-Employed,181510.13,Yes,robertbrock@example.org,9279558214,False
1899,CUST11231,9698662000,Lisa Pitts,51.0,Other,Kolkata,Andheri Branch,Current,451993.33,TXN101231,2024-08-05,Bill Payment,100926.72,Branch,Success,631.0,Student,686655.79,No,tlee@example.org,8319977748,False
1900,CUST10296,3895250612,Justin Bridges,42.0,Other,Mumbai,Banjara Hills Branch,Salary,304452.94,TXN100296,2023-06-16,Withdrawal,109735.25,Internet Banking,Success,651.0,Business Owner,674153.97,No,mary24@example.net,(320)410-2762,False
1901,CUST10696,2734195515,Jenny Duncan,20.0,Male,Delhi,Connaught Place Branch,Savings,330956.79,TXN100696,2024-10-19,ATM Withdrawal,95308.78,Internet Banking,Pending,542.0,Salaried,1628178.1099999999,Yes,jamie46@example.net,2668643749,False
1902,CUST11453,6958025129,Andrew Reyes,66.0,Male,Delhi,Salt Lake Branch,Current,148863.36,TXN101453,2022-12-13,ATM Withdrawal,103031.7,POS,Failed,815.0,Student,2964122.55,Yes,autumn78@example.com,001-592-885-5162x159,False
1903,CUST10074,3163970710,Ryan Garcia,57.0,Male,Jaipur,Koramangala Branch,Fixed Deposit,319887.05,TXN100074,2022-03-05,Deposit,100926.72,Branch,Success,410.0,Student,2180343.75,No,stanleynancy@example.net,(296)822-2927,False
1904,CUST10606,4844452015,Joseph Newman,29.0,Male,Chennai,MG Road Branch,Salary,102048.66,TXN100606,2024-08-24,Transfer,181700.97,Mobile App,Success,558.0,Student,1186206.54,No,xrivera@example.net,+1-449-473-2033x192,False
1905,CUST10105,5638860656,Julie Moore,60.0,Female,Hyderabad,Kothrud Branch,NRI,357419.77,TXN100105,2022-12-08,ATM Withdrawal,88809.48,Branch,Success,661.0,Retired,2994729.2,No,hannah45@example.net,(201)951-5325x94795,False
1906,CUST10646,1156706071,Jeremy Alvarez,65.0,Male,Pune,Andheri Branch,NRI,185666.07,TXN100646,2023-12-14,Withdrawal,190477.76,UPI,Success,314.0,Business Owner,2469271.15,Yes,danielsjason@example.com,890-696-1739x9704,False
1907,CUST11405,8885111529,Sarah Thomas,56.0,Male,Pune,MG Road Branch,Salary,256091.3,TXN101405,2024-12-07,Bill Payment,118284.79,Internet Banking,Success,642.0,Business Owner,2365649.21,No,fburke@example.net,+1-230-548-5277x5867,False
1908,CUST10495,6208260061,Jamie Smith,48.0,Male,Delhi,Banjara Hills Branch,Savings,298808.11,TXN100495,2024-04-16,Deposit,24217.24,POS,Success,835.0,Self-Employed,485565.31,No,hinesdeanna@example.org,(731)342-9001,False
1909,CUST11041,7463438053,Alice Moran,66.0,Female,Pune,Anna Nagar Branch,Fixed Deposit,480173.67,TXN101041,2024-04-13,Loan EMI,110532.34,POS,Failed,310.0,Self-Employed,744805.13,Yes,jacquelinebennett@example.net,(486)729-5912x5734,False
1910,CUST10440,6426222971,Brian Morris,55.0,Female,Lucknow,Banjara Hills Branch,Salary,156843.81,TXN100440,2022-02-27,POS Purchase,100926.72,ATM,Success,897.0,Salaried,2330802.96,No,moralesleslie@example.com,573.814.9501,False
1911,CUST11020,9853109380,Stanley Brown,46.0,Male,Lucknow,Andheri Branch,Savings,54527.5,TXN101020,2023-02-23,Transfer,125444.76,ATM,Success,742.0,Student,2110563.82,Yes,qhendricks@example.net,+1-471-677-5461,False
1912,CUST10092,4492602049,Charles Hensley,60.0,Other,Jaipur,Anna Nagar Branch,Fixed Deposit,251786.69,TXN100092,2022-02-07,Transfer,61807.77,Internet Banking,Success,797.0,Self-Employed,795647.68,Yes,jessica56@example.org,(201)951-5325x94795,False
1913,CUST11113,6869891456,Christopher Wilson,37.0,Male,Bangalore,MG Road Branch,Salary,470463.89,TXN101113,2022-11-16,Deposit,28212.12,Branch,Failed,732.0,Student,1181194.35,Yes,jlivingston@example.net,+1-878-207-2790x37161,False
1914,CUST12034,4357468541,Douglas Franco,19.0,Male,Delhi,Koramangala Branch,NRI,180779.32,TXN102034,2022-02-26,Bill Payment,15368.8,POS,Success,700.0,Business Owner,315389.43,No,virginia81@example.net,001-505-363-5869x9021,False
1915,CUST10909,8070926279,Angela Wallace,43.0,Male,Kolkata,MG Road Branch,Salary,158627.15,TXN100909,2025-03-10,Deposit,176657.76,Mobile App,Success,435.0,Student,332052.02,Yes,simonamanda@example.net,001-448-401-8644,False
1916,CUST11475,9289056003,Heidi Nunez,45.0,Other,Mumbai,Koramangala Branch,Current,425718.07,TXN101475,2023-08-06,ATM Withdrawal,187159.94,Mobile App,Success,421.0,Salaried,731756.95,No,robert72@example.net,001-772-626-9348,False
1917,CUST11742,6333756359,Dylan Willis,42.0,Other,Delhi,Salt Lake Branch,NRI,330302.36,TXN101742,2024-05-17,POS Purchase,100926.72,Internet Banking,Success,539.0,Self-Employed,1681189.47,Yes,timothyharrison@example.org,6708455948,False
1918,CUST10103,7328203808,Julie Lee,20.0,Other,Bangalore,Koramangala Branch,Salary,430379.96,TXN100103,2022-04-08,Loan EMI,131163.49,Branch,Success,676.0,Student,2685036.57,No,riverajessica@example.net,720-354-9329x668,False
1919,CUST10239,3137772998,Michael Freeman,56.0,Other,Hyderabad,Connaught Place Branch,Salary,350235.56,TXN100239,2023-08-28,Withdrawal,7929.17,Branch,Failed,792.0,Business Owner,818340.01,Yes,ypreston@example.net,572-725-6996x1125,False
1920,CUST11973,1642813466,Thomas Fletcher,54.0,Female,Kolkata,Banjara Hills Branch,Savings,197207.59,TXN101973,2024-07-26,Loan EMI,121118.16,Branch,Success,773.0,Salaried,2765407.75,Yes,jessica43@example.com,001-893-990-8941x31985,False
1921,CUST10943,1675534486,Kelsey Fernandez,56.0,Other,Hyderabad,Kothrud Branch,Savings,213534.47,TXN100943,2022-03-05,Bill Payment,13313.48,Mobile App,Success,449.0,Unemployed,263853.36,No,kennedywanda@example.net,+1-979-815-0596x2571,False
1922,CUST11271,2257025623,Megan Porter,74.0,Female,Chennai,Kothrud Branch,Fixed Deposit,457727.37,TXN101271,2023-06-15,ATM Withdrawal,176625.41,Branch,Success,404.0,Student,1980250.37,No,longkimberly@example.net,471.803.0737,False
1923,CUST10939,1869504394,Marie Davidson,45.0,Other,Pune,MG Road Branch,Salary,25296.96,TXN100939,2022-01-25,Deposit,104936.4,Branch,Success,309.0,Business Owner,2659096.24,Yes,lawrencekari@example.com,268-523-5469x510,False
1924,CUST12065,2919927593,Jennifer Moore,69.0,Other,Ahmedabad,MG Road Branch,NRI,313914.39,TXN102065,2024-05-03,ATM Withdrawal,141024.5,Branch,Success,893.0,Self-Employed,618030.9,No,ryangardner@example.net,315-777-1291x8425,False
1925,CUST11182,1784983542,Cameron Smith,62.0,Female,Ahmedabad,Connaught Place Branch,Savings,63806.11,TXN101182,2024-05-09,Deposit,77927.74,POS,Failed,682.0,Salaried,1522190.43,Yes,princekeith@example.org,+1-676-329-1430x4913,False
1926,CUST11504,5085062361,Tina Adams,45.0,Female,Mumbai,Banjara Hills Branch,Fixed Deposit,22254.14,TXN101504,2024-12-14,Bill Payment,114437.72,ATM,Success,561.0,Business Owner,363901.94,Yes,hilledwin@example.net,+1-745-564-1199x25512,False
1927,CUST11863,9484412553,Brenda Horton,60.0,Male,Chennai,Andheri Branch,Salary,32175.05,TXN101863,2022-09-25,Deposit,23875.66,POS,Success,661.0,Self-Employed,1628178.1099999999,Yes,jennifer84@example.com,(577)315-4176x60456,False
1928,CUST11670,4122949893,Diana Washington,69.0,Female,Delhi,MG Road Branch,Current,260997.3,TXN101670,2023-04-18,Transfer,139819.11,Branch,Success,856.0,Retired,2304594.81,Yes,ynorton@example.net,+1-909-537-1645x81045,False
1929,CUST10006,6649827836,Zachary Hicks,35.0,Male,Bangalore,Banjara Hills Branch,Current,246244.99,TXN100006,2024-03-21,ATM Withdrawal,91797.43,ATM,Success,874.0,Retired,898813.58,No,camposmichelle@example.org,+1-326-691-6697x8480,False
1930,CUST10248,9376711497,Jessica Rojas,45.0,Male,Bangalore,Kothrud Branch,Salary,277876.18,TXN100248,2025-06-23,POS Purchase,100926.72,UPI,Success,763.0,Salaried,427695.51,Yes,bjones@example.net,537.764.5208x81474,False
1932,CUST10966,7385653598,Felicia Hester,47.0,Other,Ahmedabad,Banjara Hills Branch,Current,228966.15,TXN100966,2024-05-01,Deposit,49110.93,Internet Banking,Failed,403.0,Business Owner,1216001.58,No,kcook@example.net,+1-875-692-1299,False
1933,CUST10019,6344160868,Vanessa Cochran,36.0,Male,Ahmedabad,Koramangala Branch,NRI,491845.92,TXN100019,2025-09-01,POS Purchase,1614.23,POS,Success,406.0,Self-Employed,1628178.1099999999,Yes,vjohnson@example.com,(534)221-6073x37543,False
1934,CUST11431,3278071297,Matthew Williams,71.0,Other,Jaipur,Andheri Branch,Salary,348232.72,TXN101431,2025-12-26,Loan EMI,95591.3,Branch,Success,318.0,Unemployed,1597558.83,No,nicoletaylor@example.net,6119386047,False
1935,CUST10122,9503597301,Emily Ali,55.0,Female,Chennai,Kothrud Branch,Salary,483370.7,TXN100122,2025-03-30,POS Purchase,45547.27,Mobile App,Success,474.0,Retired,1942721.94,No,karenmarquez@example.com,842-493-9685,False
1936,CUST10662,2350564914,Christine Singh,18.0,Female,Chennai,Banjara Hills Branch,Current,230015.2,TXN100662,2023-10-21,Withdrawal,112350.03,Branch,Success,517.0,Retired,769770.75,No,nathan62@example.com,(928)522-5120,False
1937,CUST11948,5702919159,Andrew Mahoney,44.0,Female,Delhi,Salt Lake Branch,Current,255440.79,TXN101948,2025-04-15,Withdrawal,59178.85,Mobile App,Success,625.0,Salaried,2014461.29,No,rodneythomas@example.net,802-280-0417x70734,False
1938,CUST10275,6920691967,Steven Huang,55.0,Other,Mumbai,Koramangala Branch,Fixed Deposit,486200.42,TXN100275,2023-04-02,POS Purchase,81198.15,ATM,Success,793.0,Retired,168803.41,Yes,udavis@example.net,+1-821-811-7518x6892,False
1939,CUST10434,3905625550,Luke Reynolds,25.0,Male,Pune,Salt Lake Branch,NRI,488673.28,TXN100434,2022-12-12,Deposit,72773.81,Internet Banking,Success,713.0,Salaried,813678.47,No,lbartlett@example.net,001-316-503-2484,False
1940,CUST10812,6368048249,Stephen Brown,56.0,Other,Pune,MG Road Branch,Savings,23337.86,TXN100812,2023-12-03,Transfer,107602.25,Branch,Failed,413.0,Student,532711.49,Yes,nwarren@example.com,342-944-2607,False
1941,CUST11301,7851714074,Elizabeth Deleon,37.0,Other,Ahmedabad,Koramangala Branch,NRI,172731.38,TXN101301,2025-06-19,Loan EMI,100926.72,Branch,Success,821.0,Self-Employed,2437773.96,No,adrian20@example.com,590-919-3335,False
1942,CUST11336,4829580396,Kristin Morgan,39.0,Other,Delhi,Salt Lake Branch,Salary,16641.12,TXN101336,2024-02-04,Deposit,7542.81,UPI,Success,301.0,Self-Employed,1547682.62,Yes,madisonsimpson@example.org,(230)233-5636x9301,False
1944,CUST10261,5781905054,Michael Osborn,34.0,Other,Hyderabad,MG Road Branch,NRI,410165.08,TXN100261,2024-02-07,POS Purchase,160573.21,Branch,Success,603.0,Unemployed,698660.31,Yes,kmullins@example.net,936-246-2251,False
1945,CUST11805,8187961145,Julia Curtis,45.0,Female,Kolkata,Andheri Branch,Savings,456663.85,TXN101805,2024-03-02,Withdrawal,83386.16,Internet Banking,Failed,679.0,Student,1511423.66,No,mendozatonya@example.org,(201)951-5325x94795,False
1947,CUST10182,7185179917,James Bailey,64.0,Male,Delhi,Salt Lake Branch,NRI,341715.92,TXN100182,2023-03-21,Deposit,179323.76,Internet Banking,Success,693.0,Business Owner,2895258.83,No,jeffery48@example.net,(391)708-5899x4417,False
1948,CUST10185,7102562415,Seth Fisher,45.0,Other,Delhi,Kothrud Branch,Savings,3428.15,TXN100185,2022-05-19,Deposit,100926.72,Mobile App,Failed,707.0,Retired,966490.23,No,nathan94@example.com,370-899-9173,False
1949,CUST10407,7987099862,Bryce Taylor,63.0,Other,Chennai,Anna Nagar Branch,Fixed Deposit,446184.39,TXN100407,2023-11-13,POS Purchase,6591.2,Branch,Success,855.0,Retired,2414264.45,Yes,natalie39@example.net,254-974-3553x79502,False
1950,CUST11744,3892005700,Tara Frank,50.0,Other,Bangalore,Koramangala Branch,Fixed Deposit,91614.3,TXN101744,2023-09-07,ATM Withdrawal,103502.6,POS,Success,543.0,Business Owner,744757.81,No,bjones@example.net,8647122727,False
1951,CUST10866,1921241143,Jodi James,47.0,Male,Delhi,Banjara Hills Branch,Savings,355587.46,TXN100866,2024-10-11,Withdrawal,114250.51,POS,Success,690.0,Self-Employed,2715913.99,Yes,stuartbryan@example.net,+1-477-498-7682x99687,False
1952,CUST11631,1359866941,Kirk Campbell,36.0,Male,Lucknow,Koramangala Branch,Current,5894.59,TXN101631,2022-03-01,ATM Withdrawal,49006.0,ATM,Success,551.0,Retired,2294173.23,Yes,msanders@example.org,001-223-937-0071x580,False
1953,CUST11717,2721388556,Michael Parker,26.0,Other,Pune,Salt Lake Branch,Fixed Deposit,269670.91,TXN101717,2022-02-21,Transfer,72723.11,Internet Banking,Success,597.0,Retired,2561291.93,No,basssteven@example.com,826.309.6856,False
1954,CUST10521,7886247727,Kathy Shaffer,36.0,Female,Chennai,Andheri Branch,Savings,114880.61,TXN100521,2025-02-19,Loan EMI,10968.73,ATM,Success,505.0,Unemployed,2739225.62,Yes,melissa33@example.com,+1-861-237-1576,False
1955,CUST11890,8363874569,Stephanie Hawkins,28.0,Male,Jaipur,Anna Nagar Branch,Salary,220951.44,TXN101890,2025-07-18,Withdrawal,91647.37,ATM,Success,318.0,Student,1619930.33,Yes,murrayryan@example.net,+1-295-239-0878x34767,False
1956,CUST11004,4615676071,Joy Dorsey,49.0,Other,Bangalore,MG Road Branch,Fixed Deposit,101558.8,TXN101004,2025-09-27,Bill Payment,38534.74,POS,Success,439.0,Student,2925106.26,No,dsmith@example.org,(968)876-4486,False
1957,CUST10381,3287159563,Thomas Patrick,42.0,Other,Pune,Kothrud Branch,Salary,68300.66,TXN100381,2024-06-09,Deposit,57794.0,Branch,Success,597.0,Retired,2096197.49,Yes,jacobburgess@example.net,816-980-0610x277,False
1958,CUST11435,2694016689,Carmen Herrera,71.0,Other,Ahmedabad,MG Road Branch,Current,246244.99,TXN101435,2022-01-01,Transfer,183716.23,ATM,Success,353.0,Retired,1179723.54,Yes,wolfdaniel@example.org,(835)630-6885,False
1959,CUST11659,9527466935,Dave Ruiz,24.0,Other,Pune,Anna Nagar Branch,NRI,289194.93,TXN101659,2024-08-30,Deposit,75270.83,UPI,Success,658.0,Student,1297512.25,No,smithheather@example.com,(534)503-7043,False
1960,CUST11394,9137456001,Linda Thompson,70.0,Male,Pune,Anna Nagar Branch,Savings,237573.08,TXN101394,2022-01-20,Withdrawal,39565.11,Mobile App,Pending,597.0,Business Owner,2694445.9,Yes,johnreyes@example.com,(696)392-2953x38619,False
1961,CUST11425,8398283562,Bradley Montgomery,26.0,Female,Hyderabad,Kothrud Branch,Salary,71328.11,TXN101425,2024-11-07,ATM Withdrawal,183566.02,ATM,Success,445.0,Unemployed,222403.79,No,johnsonteresa@example.net,001-866-491-0082x2421,False
1962,CUST11613,3472651123,Molly Graves,38.0,Female,Jaipur,Banjara Hills Branch,Salary,457058.12,TXN101613,2024-02-02,POS Purchase,114454.41,UPI,Success,857.0,Business Owner,681731.55,Yes,tinaflynn@example.com,+1-604-811-6788x1596,False
1963,CUST10428,1333870589,Crystal Cummings,67.0,Female,Pune,MG Road Branch,Current,49447.78,TXN100428,2025-09-13,POS Purchase,118655.58,Branch,Success,559.0,Salaried,338804.98,Yes,thomasblack@example.net,001-777-451-5366x37780,False
1964,CUST11901,5095053279,Amy Hanson,29.0,Other,Mumbai,Banjara Hills Branch,NRI,279750.32,TXN101901,2022-03-31,Loan EMI,52515.78,POS,Failed,469.0,Retired,2665300.82,Yes,callahanamy@example.net,249.212.3216,False
1965,CUST10079,2578662692,Riley Bryant,66.0,Female,Delhi,Connaught Place Branch,Fixed Deposit,421803.36,TXN100079,2025-06-27,POS Purchase,135011.59,POS,Success,573.0,Salaried,664185.81,No,copelandvincent@example.net,7895324609,False
1966,CUST11887,4147069306,Jo Edwards,72.0,Other,Bangalore,Andheri Branch,Fixed Deposit,414684.3,TXN101887,2024-12-10,POS Purchase,111475.76,POS,Success,339.0,Business Owner,2427858.76,No,ashleyfoster@example.com,942.710.9222x51455,False
1968,CUST11010,9870374607,Brian Smith,45.0,Female,Hyderabad,Connaught Place Branch,Fixed Deposit,96466.62,TXN101010,2023-07-19,Loan EMI,95393.2,Branch,Success,791.0,Self-Employed,1398668.48,Yes,sanderson@example.org,670-875-4853,False
1970,CUST11662,2969906937,Frank Reeves,41.0,Other,Hyderabad,Kothrud Branch,Current,207773.38,TXN101662,2022-08-22,Transfer,98593.71,UPI,Success,384.0,Business Owner,255854.32,Yes,mgonzalez@example.com,(201)951-5325x94795,False
1971,CUST10608,1456836428,Sarah Moses,58.0,Other,Lucknow,Anna Nagar Branch,Savings,291213.54,TXN100608,2025-09-02,Loan EMI,38127.2,Branch,Success,401.0,Student,2834181.31,No,jennifer68@example.com,541.886.5205x7563,False
1972,CUST10231,3020939193,Destiny Obrien,73.0,Other,Lucknow,Anna Nagar Branch,Fixed Deposit,444160.16,TXN100231,2024-10-21,Deposit,173506.18,Branch,Success,723.0,Salaried,2631920.07,Yes,shawnpowell@example.org,626-681-8184x518,False
1974,CUST11884,2759130889,Andrew Brown,19.0,Female,Mumbai,Salt Lake Branch,Current,421914.82,TXN101884,2022-06-02,ATM Withdrawal,133939.48,POS,Success,742.0,Self-Employed,1050436.8,Yes,ilewis@example.com,667.975.4658x61728,False
1975,CUST10332,5921252890,Amanda Stewart,20.0,Male,Bangalore,Banjara Hills Branch,Current,377655.56,TXN100332,2022-06-25,Deposit,147929.35,Internet Banking,Failed,451.0,Business Owner,1628178.1099999999,Yes,earl78@example.org,+1-441-206-7275,False
1976,CUST11058,4223037017,Arthur White,34.0,Male,Hyderabad,Salt Lake Branch,NRI,70220.78,TXN101058,2025-04-18,Loan EMI,154640.31,POS,Success,341.0,Salaried,2522710.39,Yes,aholt@example.com,+1-535-637-8018x91567,False
1977,CUST11441,4216354126,Christina Evans,47.0,Male,Ahmedabad,Kothrud Branch,Fixed Deposit,259296.24,TXN101441,2024-09-03,Bill Payment,178864.41,Mobile App,Success,513.0,Business Owner,1872554.73,Yes,jonesmelissa@example.org,835.286.6715x544,False
1978,CUST11515,3005157584,Richard Franco,31.0,Male,Pune,MG Road Branch,Fixed Deposit,197913.59,TXN101515,2023-09-04,ATM Withdrawal,95654.59,Branch,Success,871.0,Business Owner,299225.85,No,watsonamy@example.net,(701)724-0254,False
1980,CUST11928,3602356806,James May,26.0,Male,Jaipur,Andheri Branch,Current,5600.59,TXN101928,2023-03-13,Loan EMI,16368.16,UPI,Pending,597.0,Salaried,1519972.93,Yes,meganjackson@example.net,+1-661-959-5285,False
1981,CUST11092,6514349242,April Smith,36.0,Other,Jaipur,Salt Lake Branch,Fixed Deposit,291148.92,TXN101092,2024-10-01,Withdrawal,99941.91,UPI,Pending,527.0,Student,1429662.42,No,swright@example.net,001-367-339-1900x889,False
1982,CUST11561,4825491742,Jessica White,44.0,Female,Ahmedabad,Kothrud Branch,Savings,297890.51,TXN101561,2024-02-13,Bill Payment,82801.89,Mobile App,Success,620.0,Unemployed,1273345.52,Yes,jpadilla@example.net,(260)531-7489,False
1983,CUST11102,6215109037,Nicholas Arellano,63.0,Female,Delhi,Connaught Place Branch,Current,70365.99,TXN101102,2025-10-14,Loan EMI,194418.44,Internet Banking,Success,706.0,Unemployed,2403169.38,Yes,diana27@example.com,246.701.9153,False
1985,CUST11236,3645479082,Michael Berry,75.0,Other,Lucknow,Andheri Branch,Savings,140101.35,TXN101236,2024-08-28,ATM Withdrawal,138713.87,Internet Banking,Success,530.0,Self-Employed,795915.94,No,ericksonlaura@example.com,848-970-8477x95417,False
1986,CUST10462,4478291959,Joseph Campbell,18.0,Female,Jaipur,Salt Lake Branch,Salary,488649.56,TXN100462,2025-10-06,Transfer,26491.04,POS,Success,483.0,Business Owner,634119.52,No,jacquelinekelley@example.org,(959)904-7292,False
1987,CUST10959,5935043453,Tyler Vasquez,27.0,Female,Hyderabad,Andheri Branch,Current,246244.99,TXN100959,2022-12-08,POS Purchase,13402.44,Mobile App,Success,597.0,Unemployed,2381837.12,Yes,ipadilla@example.com,+1-680-559-5031x006,False
1988,CUST11663,1188361043,Megan Holmes,43.0,Other,Delhi,Salt Lake Branch,Savings,10518.65,TXN101663,2022-03-08,Withdrawal,80295.08,POS,Success,513.0,Unemployed,895714.42,No,ericamiller@example.com,7327198596,False
1989,CUST10560,8252006746,Vicki Stokes,62.0,Male,Pune,Salt Lake Branch,Current,117388.2,TXN100560,2022-03-12,Loan EMI,72314.79,UPI,Success,451.0,Business Owner,1875491.56,Yes,bjones@example.net,(461)709-4101x7590,False
1990,CUST10847,8041391590,Holly Cruz,38.0,Other,Ahmedabad,Andheri Branch,Fixed Deposit,246244.99,TXN100847,2025-12-19,Bill Payment,70151.25,Branch,Failed,463.0,Self-Employed,1069865.37,Yes,dylancunningham@example.com,4845993231,False
1991,CUST12024,2345763945,Jeanette Odonnell,45.0,Male,Delhi,Andheri Branch,Savings,146181.56,TXN102024,2024-02-06,Bill Payment,59114.47,ATM,Success,361.0,Self-Employed,265026.54,Yes,jennifer50@example.net,(361)434-0973,False
1992,CUST10691,6583130018,Kimberly Price,48.0,Male,Bangalore,Koramangala Branch,NRI,339066.83,TXN100691,2025-09-09,POS Purchase,24683.15,Internet Banking,Success,489.0,Self-Employed,2482867.79,Yes,qraymond@example.net,253-752-3736,False
1993,CUST12049,6186857522,Amy Reyes,69.0,Other,Bangalore,Banjara Hills Branch,Savings,470862.04,TXN102049,2023-10-28,Loan EMI,135852.08,Branch,Success,899.0,Student,887117.61,Yes,feliciathompson@example.com,920.625.4616,False
1994,CUST11520,5627341088,Kelly Doyle,56.0,Other,Delhi,Salt Lake Branch,Savings,292585.04,TXN101520,2025-06-24,Transfer,162782.83,Mobile App,Failed,512.0,Self-Employed,2497106.26,No,curtis82@example.net,4515666081,False
1997,CUST11760,7424832732,Jennifer Burton,68.0,Other,Kolkata,Koramangala Branch,Salary,323281.93,TXN101760,2023-08-08,Loan EMI,100511.96,ATM,Success,597.0,Self-Employed,1421456.61,No,jeffreykoch@example.net,408-914-3229x87663,False
1998,CUST10437,4264911503,Cassandra Martinez,60.0,Other,Delhi,Kothrud Branch,Current,143249.28,TXN100437,2024-10-16,Bill Payment,100983.71,POS,Success,853.0,Retired,200360.62,Yes,qjackson@example.org,+1-842-675-2308x37081,False
1999,CUST10491,3170137829,Teresa Ramirez,64.0,Other,Kolkata,Koramangala Branch,NRI,174009.04,TXN100491,2022-04-08,Loan EMI,130209.94,Mobile App,Success,886.0,Unemployed,164858.18,No,josephgibbs@example.net,338.610.5955,False
2001,CUST11854,9380325483,Anthony Rasmussen,53.0,Other,Ahmedabad,Salt Lake Branch,Savings,337761.46,TXN101854,2022-03-28,Withdrawal,144435.24,Branch,Success,555.0,Salaried,2763601.55,Yes,bailey16@example.net,259-682-4378x047,False
2003,CUST11630,1649264282,Craig Jimenez,61.0,Female,Mumbai,Banjara Hills Branch,NRI,73432.74,TXN101630,2022-10-10,Bill Payment,163756.15,POS,Success,824.0,Business Owner,1330142.45,No,davisteresa@example.net,001-905-270-3996x3066,False
2004,CUST11388,9410423930,Jessica Stanley,39.0,Other,Kolkata,Andheri Branch,Savings,246244.99,TXN101388,2022-12-07,POS Purchase,105720.48,Branch,Success,303.0,Student,1628178.1099999999,No,nicole98@example.com,(940)589-9217,False
2006,CUST10070,9381721143,Andrew Wood,45.0,Other,Kolkata,Connaught Place Branch,Fixed Deposit,219571.41,TXN100070,2023-04-29,Loan EMI,72569.07,UPI,Success,667.0,Salaried,1628178.1099999999,Yes,chase19@example.net,267.998.0793x59782,False
2007,CUST11573,5347526439,Tonya Spears,20.0,Male,Delhi,Connaught Place Branch,Savings,88434.84,TXN101573,2024-10-25,Bill Payment,174862.03,UPI,Success,597.0,Unemployed,1628178.1099999999,No,kedwards@example.com,255.514.9724,False
2008,CUST10809,6598997195,Melissa Ray,27.0,Female,Kolkata,Banjara Hills Branch,Salary,222102.48,TXN100809,2024-05-21,POS Purchase,78738.76,Branch,Success,713.0,Salaried,2910737.87,No,coffeyjohn@example.net,3332016234,False
2010,CUST11899,2193913719,Melissa Smith,46.0,Other,Lucknow,Salt Lake Branch,Salary,495136.66,TXN101899,2024-04-26,Loan EMI,100926.72,POS,Success,499.0,Business Owner,434361.87,No,vaughndiana@example.net,001-917-365-3244x83438,False
2011,CUST10012,1252860896,Joel Baxter,22.0,Male,Kolkata,Anna Nagar Branch,NRI,115192.34,TXN100012,2025-10-02,Bill Payment,42886.65,Internet Banking,Success,884.0,Retired,1497112.42,No,ramosmichelle@example.net,908-501-3267,False
2012,CUST10145,6619630925,Ruth Mcneil,41.0,Other,Ahmedabad,Kothrud Branch,Savings,400422.39,TXN100145,2024-08-19,Loan EMI,167954.25,Internet Banking,Success,597.0,Salaried,1753195.47,Yes,ebenson@example.org,861.411.5542,False
2013,CUST10918,5027928464,Andre Lee,22.0,Other,Mumbai,MG Road Branch,Savings,307734.75,TXN100918,2022-01-23,Transfer,186035.38,ATM,Success,881.0,Self-Employed,427113.11,No,joshua96@example.com,277-218-2498,False
2014,CUST11542,9828858554,Teresa Montes,74.0,Other,Hyderabad,Kothrud Branch,Fixed Deposit,288367.11,TXN101542,2025-12-11,Transfer,14166.73,Branch,Success,621.0,Business Owner,727196.38,Yes,ijones@example.org,888-622-0631,False
2015,CUST11452,8978424374,Claire Mcmillan,54.0,Other,Hyderabad,Anna Nagar Branch,NRI,3153.07,TXN101452,2024-11-14,Bill Payment,101641.65,POS,Success,523.0,Retired,2315793.39,Yes,jennifer60@example.org,203.396.1017x590,False
2016,CUST10640,6793644432,Angela Nolan,47.0,Other,Jaipur,Kothrud Branch,Savings,38340.39,TXN100640,2022-08-10,Bill Payment,153654.92,Internet Banking,Success,366.0,Business Owner,1125907.1,No,wgoodwin@example.com,247-557-4949x02284,False
2017,CUST10177,6204862411,Melanie Morales,35.0,Female,Hyderabad,Banjara Hills Branch,NRI,286856.49,TXN100177,2025-03-05,Loan EMI,97093.31,ATM,Failed,597.0,Salaried,433788.01,No,vpreston@example.net,607.945.0544,False
2018,CUST10995,3296988157,Frederick Molina,48.0,Other,Delhi,MG Road Branch,Salary,426020.64,TXN100995,2024-06-04,Deposit,161464.64,Branch,Success,494.0,Retired,1966844.31,Yes,dustinpetty@example.org,001-422-428-0194x425,False
2019,CUST10441,2634550216,Kyle Bird,45.0,Female,Kolkata,Salt Lake Branch,Salary,23506.87,TXN100441,2023-05-16,Withdrawal,46962.69,ATM,Success,367.0,Business Owner,476243.2,Yes,marquezkylie@example.net,(741)995-6252,False
2020,CUST11839,5001757953,Samuel Vargas,39.0,Other,Ahmedabad,Anna Nagar Branch,Fixed Deposit,464118.28,TXN101839,2022-06-16,Loan EMI,97212.19,Mobile App,Success,653.0,Student,1628178.1099999999,Yes,ashley45@example.com,+1-659-457-8127x317,False
2021,CUST10522,2466954340,Rachael Romero,60.0,Female,Ahmedabad,Banjara Hills Branch,NRI,280878.94,TXN100522,2023-11-19,POS Purchase,59961.34,ATM,Success,765.0,Salaried,1563402.42,Yes,nichole44@example.com,+1-830-560-0025x89552,False
2022,CUST11069,2880899340,Robert Brown,66.0,Female,Bangalore,Connaught Place Branch,Savings,423278.42,TXN101069,2022-12-29,POS Purchase,136322.27,ATM,Success,646.0,Self-Employed,1781412.29,No,simsamy@example.com,554-973-1566,False
2024,CUST11713,8329064643,Danny Rodriguez,59.0,Female,Pune,Kothrud Branch,Current,18317.35,TXN101713,2022-02-17,Transfer,25923.84,ATM,Success,402.0,Salaried,2904592.26,Yes,alicia04@example.com,(236)347-9214,False
2025,CUST11005,6530469438,Jerome Cole,33.0,Other,Mumbai,Salt Lake Branch,Salary,322410.5,TXN101005,2024-10-16,Deposit,195564.28,Branch,Success,559.0,Unemployed,515344.45,Yes,nicole16@example.org,(956)504-5006x3553,False
2026,CUST11256,4201163852,Veronica Decker,37.0,Other,Hyderabad,Anna Nagar Branch,Salary,304053.29,TXN101256,2024-03-21,POS Purchase,185604.21,POS,Success,548.0,Unemployed,2842537.46,No,kimberly48@example.com,622.788.3904x7331,False
2027,CUST11235,8971223923,Samantha Underwood,68.0,Male,Kolkata,Andheri Branch,Salary,483011.91,TXN101235,2023-12-23,Loan EMI,178655.6,UPI,Success,540.0,Student,631581.48,No,robert89@example.org,(201)951-5325x94795,False
2028,CUST11665,7745052966,Kevin Ramsey,48.0,Other,Mumbai,Koramangala Branch,Fixed Deposit,117445.32,TXN101665,2025-12-26,POS Purchase,184829.23,UPI,Success,597.0,Student,2520500.05,Yes,zamoraaaron@example.net,924-627-6221x55963,False
2029,CUST10144,4904100195,Mario Barber,31.0,Male,Mumbai,Kothrud Branch,Current,346291.27,TXN100144,2025-12-12,Withdrawal,79356.58,Internet Banking,Success,589.0,Student,1478813.81,No,rubendavis@example.org,2372129387,False
2030,CUST10754,3033266894,Deborah Moreno,28.0,Male,Bangalore,Connaught Place Branch,Savings,464421.29,TXN100754,2025-06-13,Withdrawal,28709.5,Branch,Failed,631.0,Salaried,2703467.02,Yes,nicole25@example.org,433.477.7312x6881,False
2031,CUST10520,1798534963,Jake Tran,26.0,Male,Chennai,Andheri Branch,Salary,290183.76,TXN100520,2024-11-16,ATM Withdrawal,150887.01,ATM,Success,854.0,Self-Employed,570115.83,No,amyjames@example.net,001-964-391-1110x961,False
2033,CUST11323,1703197090,Kerry Marquez,63.0,Male,Jaipur,Salt Lake Branch,NRI,246244.99,TXN101323,2023-08-12,Withdrawal,130127.69,Branch,Success,826.0,Student,1628178.1099999999,No,elizabethmoore@example.org,705.805.8353x4581,False
2034,CUST10823,5326129844,Jessica Carr,69.0,Female,Pune,Anna Nagar Branch,Salary,176998.18,TXN100823,2023-09-27,Loan EMI,13107.85,UPI,Success,386.0,Student,1984208.57,No,qramirez@example.net,303.464.6871,False
2035,CUST11972,1151894319,Ronnie Franklin,51.0,Other,Bangalore,Salt Lake Branch,NRI,185399.98,TXN101972,2025-09-15,Loan EMI,167037.47,Branch,Failed,876.0,Salaried,673663.85,Yes,amack@example.org,7196007388,False
2036,CUST11791,7741113591,Christopher Barr,37.0,Male,Lucknow,Anna Nagar Branch,Salary,227098.73,TXN101791,2025-02-27,ATM Withdrawal,9603.54,ATM,Success,751.0,Self-Employed,1748263.62,No,rivasmatthew@example.com,(592)623-9407x1734,False
2037,CUST10429,4240768756,Bethany Harding,68.0,Male,Lucknow,Connaught Place Branch,NRI,450093.31,TXN100429,2023-01-14,ATM Withdrawal,70339.16,Mobile App,Success,584.0,Retired,1141334.14,Yes,porterdonna@example.com,736-866-8459x09022,False
2038,CUST12010,2671596829,Donna Grimes,45.0,Other,Kolkata,Andheri Branch,Fixed Deposit,67732.7,TXN102010,2024-08-05,ATM Withdrawal,75774.87,Mobile App,Success,597.0,Salaried,1591584.07,No,millerchristine@example.net,247.854.7377x0499,False
2039,CUST10613,9811211199,John Huff,33.0,Male,Jaipur,Anna Nagar Branch,Savings,246244.99,TXN100613,2025-07-19,POS Purchase,194445.11,ATM,Success,862.0,Business Owner,2207926.83,No,knightsteven@example.org,(201)951-5325x94795,False
2040,CUST11506,3506219232,Travis Shannon,45.0,Other,Ahmedabad,Anna Nagar Branch,NRI,466455.79,TXN101506,2022-06-13,Loan EMI,128615.01,POS,Success,844.0,Student,1388972.6,No,oreynolds@example.org,524.763.0616x21856,False
2041,CUST11784,3114311975,Jennifer Bond,66.0,Male,Jaipur,Kothrud Branch,Savings,350246.89,TXN101784,2022-11-20,Withdrawal,6149.58,UPI,Success,573.0,Retired,1117860.9,No,kellyrichardson@example.com,992.822.9317,False
2042,CUST11033,8444402398,Clayton Torres,72.0,Other,Delhi,Kothrud Branch,Fixed Deposit,439629.26,TXN101033,2023-05-25,POS Purchase,38811.55,UPI,Success,841.0,Unemployed,332872.88,No,williamsfrank@example.com,+1-931-947-8911,False
2043,CUST10157,1443639751,Keith Graham,23.0,Female,Jaipur,Anna Nagar Branch,NRI,297012.12,TXN100157,2023-10-27,Loan EMI,77078.32,ATM,Success,386.0,Unemployed,2718237.73,Yes,joelgreen@example.com,(455)974-3132x9121,False
2044,CUST10540,2183009989,Timothy Miller,18.0,Male,Ahmedabad,Anna Nagar Branch,Fixed Deposit,300448.54,TXN100540,2023-05-21,POS Purchase,65811.85,POS,Failed,771.0,Student,1791978.34,Yes,zlewis@example.net,(885)407-4510x66343,False
2045,CUST11531,2766143133,Julie Villanueva,29.0,Male,Kolkata,MG Road Branch,NRI,303789.08,TXN101531,2024-12-31,Withdrawal,6127.84,POS,Success,584.0,Unemployed,347114.92,No,bjones@example.net,570.517.7375x949,False
2046,CUST11461,3194737792,Teresa Green,45.0,Male,Bangalore,Kothrud Branch,Savings,246244.99,TXN101461,2022-04-22,POS Purchase,195466.44,Branch,Success,343.0,Student,2657531.18,Yes,gabrielshah@example.com,+1-583-833-5401x12728,False
2047,CUST12047,5259180144,Gerald Martin,49.0,Female,Mumbai,Koramangala Branch,Savings,95194.32,TXN102047,2025-10-17,Transfer,126395.07,ATM,Success,646.0,Retired,1159391.1,No,barrettadriana@example.com,(811)548-4603,False
2048,CUST11291,7108510082,Ashley Roberts,19.0,Other,Delhi,MG Road Branch,Savings,-2281.76,TXN101291,2023-02-07,ATM Withdrawal,32300.67,ATM,Success,705.0,Self-Employed,2637959.3,Yes,john19@example.com,001-428-314-4786x74280,False
2049,CUST11851,4039625454,Jeffrey Morgan,61.0,Male,Pune,Banjara Hills Branch,Current,91318.24,TXN101851,2024-06-15,POS Purchase,175996.95,ATM,Success,597.0,Salaried,539139.47,No,robertshannah@example.org,538-645-0462x1764,False
2050,CUST12006,6991878065,Aaron Taylor,22.0,Female,Hyderabad,Banjara Hills Branch,NRI,430191.88,TXN102006,2023-11-10,POS Purchase,80297.91,Internet Banking,Success,633.0,Unemployed,2525135.0,Yes,dgray@example.com,541.420.8180x3689,False
2051,CUST11186,7065030776,Joseph Armstrong,45.0,Other,Hyderabad,Koramangala Branch,Fixed Deposit,381825.51,TXN101186,2024-04-26,Loan EMI,146553.86,POS,Success,827.0,Self-Employed,2935602.0,Yes,whernandez@example.net,001-540-943-4741x2531,False
2052,CUST11007,3799687315,Linda Ball,63.0,Male,Chennai,Salt Lake Branch,Savings,167385.28,TXN101007,2024-07-04,Withdrawal,29440.16,UPI,Success,677.0,Business Owner,2935162.52,No,michealrodriguez@example.net,(676)736-4315,False
2053,CUST10561,2092158809,Jerry Anderson,56.0,Other,Delhi,MG Road Branch,Savings,384340.95,TXN100561,2025-08-12,ATM Withdrawal,183380.73,Branch,Success,382.0,Retired,2743355.07,No,jameshenry@example.net,433-226-8319x0130,False
2054,CUST10911,4534096467,Catherine Lopez,70.0,Male,Ahmedabad,Andheri Branch,Savings,380195.86,TXN100911,2023-06-19,Withdrawal,47891.11,UPI,Success,324.0,Salaried,1982272.29,Yes,evansrichard@example.net,+1-812-987-9429x68827,False
2055,CUST11312,2401265666,Charles Smith,24.0,Male,Jaipur,Connaught Place Branch,Salary,-1916.15,TXN101312,2022-06-17,Withdrawal,57529.6,UPI,Success,404.0,Student,2149322.83,Yes,klane@example.com,568-751-2062x76729,False
2056,CUST12050,2549243415,William Newman,52.0,Male,Mumbai,Connaught Place Branch,Fixed Deposit,246244.99,TXN102050,2023-06-16,Loan EMI,178323.34,Mobile App,Success,840.0,Unemployed,867851.1,No,meyerkathleen@example.net,(736)913-9594x59211,False
2057,CUST10270,2543980627,Jennifer Jenkins,61.0,Other,Kolkata,Kothrud Branch,Fixed Deposit,219905.78,TXN100270,2023-09-18,Bill Payment,110356.78,Internet Banking,Success,383.0,Business Owner,2597333.92,Yes,oreese@example.net,523-512-2099x499,False
2058,CUST11994,9705079171,David Bennett,57.0,Other,Jaipur,Salt Lake Branch,Current,87241.96,TXN101994,2024-02-05,Loan EMI,100926.72,Internet Banking,Pending,411.0,Salaried,1628178.1099999999,Yes,tracimaddox@example.net,455-441-4085x796,False
2059,CUST10266,3723205427,Matthew Alvarado,37.0,Other,Kolkata,MG Road Branch,NRI,436757.3,TXN100266,2022-10-17,Deposit,8402.54,POS,Success,850.0,Retired,2848891.26,No,michelle04@example.net,(936)281-5798x1238,False
2060,CUST10915,2686343515,Beth Shaw,59.0,Female,Ahmedabad,MG Road Branch,Fixed Deposit,299700.77,TXN100915,2025-08-27,ATM Withdrawal,102385.43,Branch,Success,415.0,Salaried,1254238.38,Yes,josephross@example.net,339.806.2467x28799,False
2062,CUST10874,3391665989,Deborah Bradford,27.0,Other,Delhi,MG Road Branch,Savings,340805.23,TXN100874,2024-04-19,POS Purchase,106878.04,POS,Success,629.0,Business Owner,259525.56,Yes,campbellkayla@example.org,9522769819,False
2063,CUST10476,7943866175,Tara Taylor,62.0,Other,Pune,Koramangala Branch,Savings,246244.99,TXN100476,2022-01-29,Withdrawal,22426.9,Mobile App,Success,492.0,Salaried,746304.02,Yes,rrobertson@example.net,001-216-909-3068x538,False
2064,CUST11653,1609998192,Teresa Walker,47.0,Other,Ahmedabad,Banjara Hills Branch,NRI,16873.75,TXN101653,2025-10-27,Transfer,107908.2,ATM,Failed,738.0,Retired,1628178.1099999999,Yes,jimenezmary@example.net,8989348492,False
2065,CUST11961,6292514615,Katherine Williams,67.0,Female,Kolkata,Anna Nagar Branch,Fixed Deposit,10651.25,TXN101961,2023-06-15,Withdrawal,68209.47,UPI,Failed,514.0,Retired,1619815.37,Yes,elizabethburke@example.org,675.735.3132,False
2066,CUST10046,7311011808,Frank Lopez,46.0,Female,Delhi,MG Road Branch,Salary,470237.12,TXN100046,2024-09-05,Deposit,164432.02,Branch,Success,890.0,Unemployed,2106385.4,Yes,ashleyhall@example.com,7573662702,False
2068,CUST10289,5136298935,Craig Chang,47.0,Female,Lucknow,MG Road Branch,Salary,83392.57,TXN100289,2024-11-02,Deposit,111748.21,POS,Success,419.0,Retired,2876621.65,No,beltrankatelyn@example.com,001-521-571-7477,False
2069,CUST11949,2785427960,Ashley Davis,64.0,Other,Bangalore,Anna Nagar Branch,Salary,417410.92,TXN101949,2025-12-21,Transfer,100926.72,UPI,Success,466.0,Self-Employed,2032877.91,Yes,alexander79@example.net,(716)645-7527,False
2070,CUST10576,4595818171,Todd Hill,49.0,Other,Ahmedabad,Andheri Branch,NRI,138113.38,TXN100576,2025-09-24,Loan EMI,160268.29,UPI,Success,627.0,Business Owner,1581777.28,Yes,bjones@example.net,001-944-772-3229x03102,False
2071,CUST10851,7789894969,Ronald Khan,58.0,Other,Pune,Koramangala Branch,Salary,400730.17,TXN100851,2023-06-24,Bill Payment,100926.72,Internet Banking,Success,665.0,Salaried,2880559.61,Yes,lindsayedwards@example.com,001-214-434-6823x94840,False
2072,CUST10912,3055971791,Amber Williams,20.0,Male,Bangalore,Andheri Branch,Current,247794.86,TXN100912,2023-10-24,Bill Payment,151204.82,UPI,Success,822.0,Business Owner,1552847.7,No,jerome14@example.org,001-461-956-0783,False
2073,CUST11255,8959971863,Madeline Kelly,57.0,Female,Jaipur,Banjara Hills Branch,NRI,193702.82,TXN101255,2023-07-31,Bill Payment,131508.95,Internet Banking,Success,638.0,Business Owner,2642778.15,No,danielletucker@example.com,(741)349-0038x5025,False
2074,CUST11834,3932075585,Richard Carson,25.0,Other,Mumbai,Banjara Hills Branch,NRI,284803.43,TXN101834,2023-01-20,Bill Payment,198694.34,Internet Banking,Success,775.0,Salaried,1628178.1099999999,Yes,michaelramirez@example.net,677.874.4496x4930,False
2076,CUST11736,5418588710,Curtis Beck,62.0,Male,Mumbai,Kothrud Branch,Current,351839.27,TXN101736,2022-01-23,ATM Withdrawal,100926.72,ATM,Success,475.0,Unemployed,636597.62,No,hollychang@example.net,(682)904-8109x3054,False
2077,CUST10933,2763544042,Tina Green,18.0,Other,Delhi,MG Road Branch,NRI,246244.99,TXN100933,2024-10-25,Withdrawal,92662.84,UPI,Success,848.0,Unemployed,2214343.14,No,ibrown@example.org,+1-351-279-9378,False
2078,CUST11101,4113979181,Nichole Thompson,29.0,Female,Lucknow,Kothrud Branch,Savings,89331.34,TXN101101,2022-12-24,Bill Payment,14023.0,Mobile App,Success,779.0,Retired,2745390.92,Yes,ashleybranch@example.net,(515)612-0485x07665,False
2079,CUST11208,2862876997,Taylor Abbott,67.0,Other,Jaipur,Salt Lake Branch,Current,265442.93,TXN101208,2023-11-12,POS Purchase,110142.69,UPI,Success,620.0,Retired,2286430.28,No,bcarpenter@example.com,(218)733-5974x8768,False
2080,CUST11844,2662224154,Adam Gray,72.0,Female,Hyderabad,Andheri Branch,Fixed Deposit,20989.51,TXN101844,2025-05-02,Loan EMI,169749.57,ATM,Success,606.0,Student,1328636.17,Yes,kalexander@example.org,734-986-9653x715,False
2081,CUST11849,2535839044,Diane Jones,26.0,Other,Lucknow,Salt Lake Branch,Current,89652.83,TXN101849,2022-03-08,Bill Payment,107950.86,UPI,Failed,594.0,Self-Employed,617295.84,Yes,alexander41@example.org,9077886758,False
2082,CUST11695,6551484064,Kimberly Tyler,23.0,Female,Pune,MG Road Branch,NRI,411017.56,TXN101695,2025-07-05,Deposit,116940.83,ATM,Success,788.0,Unemployed,2720349.71,No,josephmeadows@example.org,+1-577-398-2402x11682,False
2083,CUST10086,1722124509,Donald Horne,50.0,Other,Mumbai,Connaught Place Branch,Salary,172305.37,TXN100086,2025-08-14,Loan EMI,29580.58,Mobile App,Success,502.0,Self-Employed,1866837.11,Yes,fitzgeraldvictor@example.com,+1-514-347-3947,False
2084,CUST10470,3809184791,Nicholas Henderson,25.0,Female,Delhi,Salt Lake Branch,Salary,451385.81,TXN100470,2025-05-20,Withdrawal,71840.9,Mobile App,Success,824.0,Self-Employed,1545425.65,No,jorge26@example.com,746-428-3143,False
2085,CUST10234,3292578829,Sara Kelly,64.0,Female,Delhi,Banjara Hills Branch,NRI,246244.99,TXN100234,2025-10-17,Deposit,125356.05,Internet Banking,Success,652.0,Business Owner,517452.78,No,wilsonchristian@example.net,490.680.7595x7947,False
2087,CUST11712,8031612664,Robert Peters,32.0,Female,Chennai,Connaught Place Branch,NRI,280496.84,TXN101712,2025-09-29,ATM Withdrawal,17236.44,UPI,Success,551.0,Unemployed,1234070.5,Yes,harold72@example.org,299.307.6150,False
2088,CUST10183,4397648387,Margaret Hensley MD,33.0,Female,Mumbai,Connaught Place Branch,NRI,298504.53,TXN100183,2025-05-29,Transfer,155804.98,UPI,Success,608.0,Self-Employed,1625585.01,Yes,jacob83@example.org,+1-565-720-7446x660,False
2089,CUST10989,6990674403,Maria Williams,18.0,Other,Bangalore,MG Road Branch,Current,475764.34,TXN100989,2024-07-09,Withdrawal,100926.72,Branch,Success,377.0,Business Owner,1675484.26,No,lisa78@example.org,4554800027,False
2090,CUST11001,5505758721,Keith Gibson,37.0,Other,Jaipur,Anna Nagar Branch,NRI,246244.99,TXN101001,2025-11-15,POS Purchase,100926.72,POS,Success,597.0,Student,2294060.5,Yes,knightalexandra@example.org,426-977-3192,False
2091,CUST11642,3706431447,Chelsea Mcgee,60.0,Male,Jaipur,Salt Lake Branch,Current,-2806.13,TXN101642,2022-05-18,Withdrawal,176662.01,Internet Banking,Success,350.0,Unemployed,2076283.75,No,chess@example.org,001-762-679-5951x429,False
2092,CUST11357,9078155834,Peter Davila,66.0,Other,Hyderabad,Salt Lake Branch,Salary,236879.6,TXN101357,2024-05-26,Loan EMI,175767.7,POS,Success,429.0,Self-Employed,1471285.56,Yes,richardsmario@example.org,345.855.3706x2728,False
2093,CUST11463,9719602743,Larry Smith,72.0,Male,Ahmedabad,Andheri Branch,NRI,251359.39,TXN101463,2025-04-01,Transfer,190284.32,Internet Banking,Success,778.0,Unemployed,935488.74,Yes,spena@example.org,+1-262-617-2048x8868,False
2094,CUST10050,3781569954,Megan Moore,35.0,Male,Mumbai,MG Road Branch,Current,246244.99,TXN100050,2025-05-03,ATM Withdrawal,164856.85,Branch,Success,779.0,Unemployed,1016659.89,No,llandry@example.com,+1-664-674-3671x3695,False
2095,CUST11259,4271406666,Kimberly Hanna,48.0,Female,Hyderabad,Banjara Hills Branch,Current,246244.99,TXN101259,2025-12-24,Loan EMI,82589.07,ATM,Success,899.0,Student,2598559.0,Yes,collinsbrandi@example.com,314-236-7862,False
2096,CUST10487,8738537544,Susan Pena,44.0,Female,Ahmedabad,Banjara Hills Branch,Savings,218502.24,TXN100487,2022-01-21,ATM Withdrawal,161259.06,Mobile App,Success,622.0,Student,2948543.03,Yes,jamesgriffin@example.org,289-454-7382,False
2098,CUST11909,4403267241,Sarah Ferguson,69.0,Female,Ahmedabad,Anna Nagar Branch,Salary,328593.98,TXN101909,2024-10-27,Bill Payment,105337.09,Mobile App,Success,597.0,Business Owner,2456574.02,No,bjones@example.net,(201)951-5325x94795,False
2099,CUST10107,6868336102,Joseph Wilson,42.0,Other,Chennai,Andheri Branch,Fixed Deposit,474155.88,TXN100107,2024-02-01,Bill Payment,100926.72,POS,Success,675.0,Student,1045998.51,No,jenniferburns@example.net,207.828.6790x874,False
2100,CUST10444,3301389619,Donna Johnson,36.0,Female,Chennai,Koramangala Branch,NRI,198023.81,TXN100444,2023-04-08,POS Purchase,148590.46,Mobile App,Success,892.0,Salaried,1836814.27,No,matthew38@example.org,+1-233-496-8527x01713,False
2101,CUST11955,7744989038,Todd Anderson,20.0,Male,Kolkata,Andheri Branch,Current,53724.28,TXN101955,2023-02-25,Withdrawal,75814.19,Branch,Success,684.0,Salaried,172122.84,Yes,richard01@example.com,(731)591-9863x7085,False
2103,CUST11763,4387725726,Marc Davis,59.0,Other,Chennai,Koramangala Branch,Savings,397135.92,TXN101763,2024-02-03,Bill Payment,71445.82,POS,Success,597.0,Unemployed,1628178.1099999999,Yes,phamjason@example.net,204.807.7513,False
2104,CUST10727,1194294443,Kari Edwards,65.0,Female,Ahmedabad,Salt Lake Branch,Fixed Deposit,369052.23,TXN100727,2024-06-11,Transfer,151544.13,UPI,Success,487.0,Unemployed,2332973.78,Yes,madisonbrewer@example.net,+1-614-603-8843x660,False
2105,CUST11857,6625159548,Catherine Rowe,25.0,Female,Chennai,Connaught Place Branch,Current,378922.06,TXN101857,2025-01-14,POS Purchase,101336.35,Branch,Success,631.0,Salaried,2149513.88,Yes,lsmith@example.net,001-305-578-3690x3034,False
2106,CUST10030,7418301077,Alex Hernandez,45.0,Male,Chennai,Anna Nagar Branch,Fixed Deposit,105514.77,TXN100030,2025-11-26,POS Purchase,100926.72,POS,Success,424.0,Student,530016.45,No,thomaswilson@example.org,645.829.9124x190,False
2107,CUST10170,3383331379,Candace Jones,49.0,Female,Delhi,Andheri Branch,Salary,420202.53,TXN100170,2025-06-22,Deposit,173111.17,Mobile App,Success,597.0,Student,2896912.9,No,morgantricia@example.com,001-806-629-6201x533,False
2108,CUST11002,9065795118,Megan Johnson,23.0,Other,Kolkata,Koramangala Branch,Savings,64130.28,TXN101002,2022-07-13,POS Purchase,851.69,Branch,Success,669.0,Student,1694598.58,No,heather88@example.net,(201)951-5325x94795,False
2109,CUST10198,9454213661,Donald Hunter,43.0,Other,Chennai,Koramangala Branch,Salary,409145.26,TXN100198,2022-12-23,Deposit,190421.72,Branch,Success,863.0,Self-Employed,419967.04,Yes,ppowell@example.org,(201)951-5325x94795,False
2110,CUST10496,9551366213,John Hart,45.0,Other,Ahmedabad,MG Road Branch,Current,66780.6,TXN100496,2025-04-22,Bill Payment,9777.78,ATM,Failed,520.0,Self-Employed,2484506.45,No,tochoa@example.com,323.808.4810x0184,False
2111,CUST12027,4870531044,Robert Mathews,41.0,Other,Delhi,Banjara Hills Branch,Fixed Deposit,283695.43,TXN102027,2025-04-08,POS Purchase,12273.07,Mobile App,Success,789.0,Retired,2752329.75,Yes,vphillips@example.com,(761)951-0705,False
2112,CUST10648,6933769301,Philip Chambers,72.0,Other,Pune,Koramangala Branch,NRI,468640.27,TXN100648,2022-07-23,Deposit,161197.66,Mobile App,Success,316.0,Retired,2807615.74,Yes,schaeferscott@example.net,+1-682-531-3348x45871,False
2113,CUST10045,6065662867,Janet Weeks,18.0,Other,Jaipur,Andheri Branch,Salary,17985.43,TXN100045,2022-04-22,POS Purchase,58462.72,Internet Banking,Success,802.0,Salaried,2637251.24,No,michellehill@example.com,784-804-4997x27875,False
2114,CUST10374,7227899138,William Hoffman,40.0,Male,Delhi,Salt Lake Branch,NRI,-1247.85,TXN100374,2024-10-17,Loan EMI,100926.72,UPI,Success,720.0,Retired,1792604.21,Yes,uvasquez@example.org,551-234-2284,False
2115,CUST10679,2970319532,Scott Washington,70.0,Female,Hyderabad,Banjara Hills Branch,NRI,386135.78,TXN100679,2025-05-05,Bill Payment,22596.58,Branch,Success,321.0,Self-Employed,2939116.7,Yes,linda52@example.org,301-539-4884x88269,False
2116,CUST10567,9118141883,Anthony Ayala,38.0,Male,Kolkata,Salt Lake Branch,Fixed Deposit,303458.57,TXN100567,2023-12-31,Loan EMI,66084.54,Mobile App,Success,711.0,Unemployed,2530950.3,Yes,amandadalton@example.net,+1-308-770-6626x68217,False
2117,CUST10461,1368244826,Michael Bennett DVM,48.0,Male,Kolkata,Salt Lake Branch,Current,355234.65,TXN100461,2025-12-21,Bill Payment,147234.02,ATM,Success,870.0,Salaried,1628178.1099999999,Yes,eric33@example.net,001-702-876-4208x6567,False
2118,CUST11933,5614450641,Donald Sanchez,68.0,Male,Bangalore,MG Road Branch,Fixed Deposit,125039.49,TXN101933,2025-05-24,ATM Withdrawal,103971.46,ATM,Success,790.0,Salaried,2546596.76,No,lgallagher@example.com,7764557374,False
2119,CUST11156,9093857039,Joshua Smith,39.0,Male,Pune,Banjara Hills Branch,NRI,363395.6,TXN101156,2024-12-26,Deposit,92267.79,ATM,Pending,472.0,Business Owner,2952693.05,Yes,hufftroy@example.net,(201)951-5325x94795,False
2120,CUST10040,4037867512,Ricky Larson,45.0,Male,Jaipur,Koramangala Branch,NRI,403140.61,TXN100040,2025-01-07,Loan EMI,100926.72,Branch,Success,574.0,Business Owner,2577382.51,Yes,scott74@example.net,(248)387-7190x6594,False
2121,CUST10974,7836268717,Olivia Gordon,69.0,Female,Mumbai,Andheri Branch,NRI,107930.73,TXN100974,2023-03-25,Withdrawal,92896.3,Internet Banking,Failed,855.0,Retired,1184529.79,No,drogers@example.com,863-300-5937x775,False
2122,CUST11787,2464864695,Michael Brooks,63.0,Other,Chennai,Koramangala Branch,Savings,315454.98,TXN101787,2025-04-11,POS Purchase,100926.72,Branch,Pending,597.0,Self-Employed,250539.9,No,victoria29@example.com,(201)951-5325x94795,False
2123,CUST11499,9457545697,Cynthia Nguyen,20.0,Male,Lucknow,Salt Lake Branch,Savings,62189.21,TXN101499,2024-08-07,Transfer,183450.43,Branch,Failed,629.0,Business Owner,2462262.73,Yes,cortezdouglas@example.net,6906064761,False
2124,CUST11836,7485589887,Jamie Aguilar,41.0,Female,Jaipur,MG Road Branch,Current,246244.99,TXN101836,2025-05-20,Withdrawal,39837.41,ATM,Success,815.0,Business Owner,697553.78,Yes,davidblackwell@example.com,2723545396,False
2125,CUST11841,7220049096,Debra Johnson,53.0,Female,Mumbai,Kothrud Branch,Fixed Deposit,226040.07,TXN101841,2025-09-28,Bill Payment,171548.84,Mobile App,Success,529.0,Business Owner,1075102.6,No,tiffany46@example.com,+1-451-412-8638x11050,False
2127,CUST10828,6632552759,Robert Burke,48.0,Female,Delhi,Banjara Hills Branch,NRI,246244.99,TXN100828,2025-06-10,ATM Withdrawal,143277.24,Branch,Success,884.0,Self-Employed,508623.98,Yes,hmitchell@example.org,(224)889-0567,False
2128,CUST11936,7479902789,Patrick Harrison,22.0,Other,Chennai,Andheri Branch,NRI,246244.99,TXN101936,2025-09-09,POS Purchase,117907.98,Branch,Success,532.0,Unemployed,1447812.83,Yes,jeffrey85@example.org,001-639-476-3529x461,False
2129,CUST12045,8314533521,Amy Smith,75.0,Male,Mumbai,Salt Lake Branch,NRI,187510.62,TXN102045,2022-07-28,Transfer,77372.76,Mobile App,Failed,684.0,Salaried,404578.99,Yes,williamwright@example.com,+1-726-501-8777,False
2130,CUST10310,1095051435,Jennifer Chen,24.0,Female,Hyderabad,Andheri Branch,Fixed Deposit,362189.07,TXN100310,2023-04-22,Deposit,30179.2,Branch,Success,730.0,Business Owner,2389317.22,No,diazmelissa@example.com,674-832-8063,False
2131,CUST10277,8195055602,Dawn Ellis,48.0,Male,Lucknow,Andheri Branch,Fixed Deposit,6335.25,TXN100277,2022-03-30,Withdrawal,114718.63,Internet Banking,Success,824.0,Salaried,2688773.36,Yes,astephens@example.net,633.597.7671x9903,False
2132,CUST10637,2517706056,Steven Clark,22.0,Male,Ahmedabad,Koramangala Branch,Fixed Deposit,489134.3,TXN100637,2024-06-24,ATM Withdrawal,100926.72,Mobile App,Pending,799.0,Salaried,1628178.1099999999,No,rstevens@example.net,232.278.1952x371,False
2133,CUST10655,5771414558,Gene Jones,56.0,Male,Mumbai,Andheri Branch,Salary,127307.31,TXN100655,2023-01-05,Deposit,15522.42,Branch,Failed,512.0,Student,436914.4,Yes,cunninghamterri@example.org,+1-828-619-7931,False
2134,CUST10623,6972579708,Jeffrey Morgan,64.0,Female,Delhi,Anna Nagar Branch,NRI,210863.85,TXN100623,2023-07-25,Withdrawal,18134.88,Internet Banking,Success,694.0,Business Owner,1628178.1099999999,No,ronaldmitchell@example.com,+1-870-246-2268x17151,False
2135,CUST11860,7748047713,Mallory Abbott,34.0,Female,Delhi,MG Road Branch,Current,433199.19,TXN101860,2024-03-26,Deposit,96282.23,ATM,Success,855.0,Self-Employed,724740.09,No,sallen@example.com,(321)457-7405x45866,False
2136,CUST10845,5147171454,Daniel Brewer,35.0,Female,Chennai,Banjara Hills Branch,Fixed Deposit,348047.74,TXN100845,2025-07-24,Transfer,153733.8,Internet Banking,Success,860.0,Unemployed,1067361.28,No,brownelizabeth@example.com,001-409-208-5991x449,False
2137,CUST10394,5712834281,Heather Williams,45.0,Other,Lucknow,Anna Nagar Branch,Savings,52660.74,TXN100394,2025-05-03,Loan EMI,123144.92,Mobile App,Success,597.0,Business Owner,2462834.93,No,westashley@example.org,453.899.8935x449,False
2138,CUST10350,9729229346,Anthony Jones,54.0,Other,Hyderabad,Banjara Hills Branch,Savings,19760.84,TXN100350,2024-05-03,Withdrawal,32308.98,ATM,Success,886.0,Retired,1628178.1099999999,No,stantonpatrick@example.net,624-799-1187x73477,False
2139,CUST10785,7851463947,Bailey Young,52.0,Female,Ahmedabad,MG Road Branch,Salary,167000.97,TXN100785,2023-12-11,Loan EMI,88904.39,Branch,Failed,810.0,Self-Employed,1666885.04,Yes,zreilly@example.net,466.734.3925,False
2140,CUST10048,3667292043,Cynthia Cohen,57.0,Other,Mumbai,Connaught Place Branch,Current,128646.29,TXN100048,2022-06-16,Withdrawal,48011.04,POS,Success,302.0,Student,1628178.1099999999,No,wendy16@example.org,001-517-824-0050x45562,False
2141,CUST11979,4530100567,Amy Moore,59.0,Female,Hyderabad,Kothrud Branch,Current,345861.12,TXN101979,2023-06-11,Loan EMI,199864.79,Internet Banking,Success,522.0,Student,1717820.06,No,cflores@example.com,2588923036,False
2142,CUST11656,4514075410,Timothy Farley,45.0,Other,Lucknow,Kothrud Branch,Current,442430.55,TXN101656,2022-01-17,ATM Withdrawal,91363.16,Internet Banking,Success,470.0,Student,1628178.1099999999,No,johncarr@example.net,001-607-940-6351x68522,False
2143,CUST12070,9559907383,Jeffrey Chapman,66.0,Female,Chennai,Salt Lake Branch,Current,164180.75,TXN102070,2024-06-05,POS Purchase,68598.77,UPI,Success,776.0,Student,2272200.19,No,xschmidt@example.net,+1-566-536-4653,False
2144,CUST10403,7264548783,Tyrone White,28.0,Female,Bangalore,Koramangala Branch,NRI,74178.0,TXN100403,2025-07-30,POS Purchase,181120.34,POS,Pending,535.0,Salaried,1323334.01,No,evanscorey@example.org,(854)361-0339x93788,False
2145,CUST11108,1229795618,Kevin Roberts,56.0,Other,Mumbai,Anna Nagar Branch,Savings,188203.94,TXN101108,2022-08-03,Withdrawal,182661.39,Mobile App,Success,332.0,Student,537562.3,No,jenniferrice@example.com,001-368-306-6405,False
2146,CUST11155,8739161742,Matthew Price,46.0,Male,Pune,Koramangala Branch,Current,317490.0,TXN101155,2024-05-20,Deposit,29497.59,Mobile App,Failed,354.0,Self-Employed,1656971.38,Yes,thomas60@example.com,001-734-794-2904x617,False
2147,CUST11440,8672962113,Brianna Warren,25.0,Male,Lucknow,Koramangala Branch,Salary,354838.4,TXN101440,2024-06-10,Transfer,27486.52,Internet Banking,Success,698.0,Business Owner,936662.09,No,kevinbates@example.org,666.280.9846x0180,False
2149,CUST12002,6560290300,Cynthia Hall,56.0,Other,Pune,Banjara Hills Branch,Fixed Deposit,55008.36,TXN102002,2022-05-24,Transfer,81947.42,Branch,Success,435.0,Unemployed,2776548.11,Yes,kenneth37@example.net,(554)539-9942x8580,False
2150,CUST10990,9660128991,Cody Ford,73.0,Other,Hyderabad,MG Road Branch,Fixed Deposit,494378.54,TXN100990,2023-03-14,POS Purchase,132274.65,ATM,Success,540.0,Student,1748150.94,No,davidjohnson@example.com,291.536.8172,False
2151,CUST11866,3976844517,Kathryn Ferrell,29.0,Female,Lucknow,Kothrud Branch,Fixed Deposit,113995.39,TXN101866,2025-08-15,Bill Payment,141670.6,Branch,Success,564.0,Student,695117.65,No,vward@example.com,(420)961-8506,False
2152,CUST11311,5328959389,Emily Potter,33.0,Male,Hyderabad,Kothrud Branch,Savings,125603.0,TXN101311,2023-09-22,Bill Payment,100926.72,Branch,Success,633.0,Business Owner,1852270.01,No,qmadden@example.net,284.696.2249x451,False
2153,CUST10034,8884394611,Nathan Freeman,52.0,Other,Jaipur,Connaught Place Branch,Fixed Deposit,246244.99,TXN100034,2024-06-11,Bill Payment,100926.72,ATM,Success,714.0,Unemployed,620377.48,No,hannahbrewer@example.com,701.843.6349x578,False
2154,CUST10788,1530402737,Joel Phelps,43.0,Male,Delhi,Anna Nagar Branch,NRI,141121.23,TXN100788,2022-11-22,Loan EMI,155516.06,UPI,Pending,863.0,Student,1153270.17,Yes,dawngraves@example.org,693.840.6527x7584,False
2155,CUST11044,1969992961,Rebecca Boone,43.0,Other,Ahmedabad,Banjara Hills Branch,Savings,291211.33,TXN101044,2024-04-14,Withdrawal,34161.61,UPI,Success,520.0,Retired,1865599.06,Yes,jenkinsjohn@example.com,653.769.8816x49804,False
2156,CUST10482,7896639483,Cynthia Gregory,24.0,Female,Delhi,Koramangala Branch,Current,100763.64,TXN100482,2022-04-07,Deposit,71789.41,ATM,Success,462.0,Self-Employed,1628178.1099999999,Yes,russell90@example.com,344.671.6392x8234,False
2157,CUST11244,6864241036,Rebecca Rosales,22.0,Female,Hyderabad,Kothrud Branch,Savings,177573.72,TXN101244,2023-05-30,POS Purchase,14590.66,Internet Banking,Failed,368.0,Business Owner,396462.17,No,richardmooney@example.org,568-691-0977x97802,False
2158,CUST10932,5667893397,Crystal Abbott,34.0,Other,Mumbai,Anna Nagar Branch,Current,360760.71,TXN100932,2025-07-16,Deposit,90964.51,UPI,Success,780.0,Salaried,1070186.64,No,alexander18@example.org,001-667-678-4816x524,False
2160,CUST11249,7100385148,Adam Martin,33.0,Other,Delhi,Koramangala Branch,Current,53220.51,TXN101249,2022-07-07,ATM Withdrawal,154004.18,ATM,Success,597.0,Retired,2065523.45,No,chasebeck@example.com,001-881-241-3447,False
2161,CUST10760,5535691593,Sherri Little,58.0,Other,Chennai,Banjara Hills Branch,Savings,428234.6,TXN100760,2023-07-23,Loan EMI,38876.77,POS,Success,640.0,Unemployed,2567455.57,No,carlyschultz@example.com,(775)436-7497,False
2162,CUST10093,1665484476,Sharon Barnes,36.0,Male,Jaipur,MG Road Branch,Salary,437578.35,TXN100093,2025-06-19,Withdrawal,100926.72,Internet Banking,Success,469.0,Unemployed,1397369.2,No,lisapeck@example.net,(201)951-5325x94795,False
2163,CUST11176,2016822993,Juan Adams,19.0,Male,Delhi,Salt Lake Branch,Salary,224548.82,TXN101176,2025-07-16,POS Purchase,115483.58,Internet Banking,Success,609.0,Salaried,1726893.66,Yes,tsullivan@example.org,796.470.2436,False
2164,CUST11416,5500086353,Shawn Patel,67.0,Other,Pune,MG Road Branch,Current,414374.81,TXN101416,2024-05-09,Bill Payment,79056.81,ATM,Success,764.0,Self-Employed,1628178.1099999999,No,fjohnson@example.com,933.689.1478x524,False
2165,CUST11342,7033153366,Cathy Reynolds,66.0,Female,Ahmedabad,MG Road Branch,Salary,42618.01,TXN101342,2022-01-18,POS Purchase,2540.65,Mobile App,Failed,657.0,Self-Employed,1611055.59,No,srobertson@example.net,4932761652,False
2166,CUST11473,7505878523,Paul Porter,63.0,Female,Ahmedabad,Andheri Branch,Salary,457764.09,TXN101473,2024-06-07,Deposit,100926.72,Internet Banking,Success,476.0,Salaried,1628178.1099999999,No,virginia51@example.org,884-280-9473x1815,False
2167,CUST11608,1137223267,Erin Williams,35.0,Male,Chennai,Koramangala Branch,Fixed Deposit,300696.47,TXN101608,2022-08-26,Withdrawal,74636.49,Mobile App,Success,552.0,Business Owner,2050989.44,No,santiagomary@example.org,+1-888-671-2320x366,False
2168,CUST10765,7780448400,David Russell,40.0,Other,Jaipur,Kothrud Branch,Current,13549.2,TXN100765,2025-04-13,Bill Payment,31183.06,POS,Success,744.0,Business Owner,1991122.75,No,stephenmartin@example.org,(201)951-5325x94795,False
2169,CUST11374,6405425950,Jane Frank,42.0,Other,Chennai,Koramangala Branch,Current,446385.99,TXN101374,2024-06-19,Bill Payment,197515.77,UPI,Success,325.0,Salaried,1922811.8,No,shelbywatson@example.com,471.438.8740,False
2170,CUST11952,5163411930,Gloria Andrade,19.0,Female,Kolkata,MG Road Branch,NRI,232798.36,TXN101952,2025-01-18,Bill Payment,13528.02,ATM,Success,434.0,Self-Employed,1886083.78,Yes,david61@example.org,739.356.3224,False
2171,CUST11729,5788541816,Tracy Blankenship,32.0,Other,Bangalore,Salt Lake Branch,Savings,400176.87,TXN101729,2023-05-11,Deposit,94067.78,POS,Success,892.0,Salaried,2299791.98,Yes,tyronemcconnell@example.com,(201)951-5325x94795,False
2172,CUST10258,5319212967,Kelly Holder,47.0,Other,Delhi,MG Road Branch,Current,463957.26,TXN100258,2025-05-07,Deposit,100926.72,UPI,Success,597.0,Student,2401238.32,No,adam33@example.com,2489889921,False
2173,CUST10945,7310716144,Rachel Ward,23.0,Other,Ahmedabad,Banjara Hills Branch,NRI,256083.78,TXN100945,2025-07-17,Deposit,50356.01,Branch,Failed,595.0,Retired,1613526.04,No,teresa17@example.com,441.627.4692x118,False
2174,CUST11220,2655024161,Dylan Cantu,45.0,Male,Mumbai,Koramangala Branch,Current,124141.84,TXN101220,2024-04-21,ATM Withdrawal,100926.72,UPI,Success,868.0,Unemployed,1063600.02,Yes,johnsmith@example.org,(976)622-3984,False
2175,CUST11162,7187079018,Heidi Mullins,50.0,Female,Jaipur,Anna Nagar Branch,Fixed Deposit,169396.89,TXN101162,2022-12-19,Transfer,50857.82,UPI,Pending,567.0,Business Owner,1368367.81,Yes,cjohnson@example.org,001-937-546-9833x067,False
2176,CUST10773,2664617282,Anthony Moore,38.0,Male,Pune,Banjara Hills Branch,Salary,246244.99,TXN100773,2024-05-19,POS Purchase,78800.38,Mobile App,Success,900.0,Salaried,781828.03,Yes,johnlynch@example.com,001-247-337-2132,False
2177,CUST11487,3924755144,Roger Hall,55.0,Female,Pune,Andheri Branch,Savings,115466.44,TXN101487,2024-02-01,Loan EMI,108820.43,Branch,Success,585.0,Student,2920490.29,Yes,ibrown@example.com,883-230-9587x2383,False
2178,CUST10313,7325737564,Charles Valdez,61.0,Female,Kolkata,Andheri Branch,Savings,371085.91,TXN100313,2025-01-30,POS Purchase,24472.2,Branch,Success,503.0,Business Owner,2679430.79,Yes,nmeadows@example.org,420.320.4179,False
2179,CUST10291,5270048042,Miguel Rodriguez,61.0,Other,Bangalore,Banjara Hills Branch,Fixed Deposit,477500.07,TXN100291,2024-11-23,POS Purchase,1994.15,ATM,Success,597.0,Student,2070039.06,No,bjones@example.net,001-363-793-8276,False
2181,CUST10184,8506931282,Courtney Nichols,36.0,Other,Chennai,Connaught Place Branch,Fixed Deposit,189872.22,TXN100184,2023-05-09,Bill Payment,127634.56,Mobile App,Success,312.0,Business Owner,2811684.54,Yes,qknox@example.com,542.782.4172x48251,False
2182,CUST11177,7750140985,Stephanie Parker,45.0,Male,Ahmedabad,Banjara Hills Branch,Salary,252800.86,TXN101177,2022-08-30,Bill Payment,97357.25,ATM,Success,441.0,Student,995873.9,Yes,michael64@example.net,001-718-975-4036x48821,False
2183,CUST11350,2344275311,Matthew Kemp,21.0,Male,Ahmedabad,Connaught Place Branch,Current,163436.87,TXN101350,2025-02-27,Deposit,5248.07,Branch,Success,772.0,Salaried,690093.69,Yes,ggomez@example.org,+1-848-834-8358x62673,False
2184,CUST11100,6440771216,Amy Guzman,25.0,Female,Ahmedabad,Kothrud Branch,Current,76588.65,TXN101100,2024-03-16,Transfer,100926.72,Mobile App,Success,567.0,Business Owner,1628178.1099999999,No,briansimmons@example.org,2123838271,False
2186,CUST11920,7554344012,Keith Woods,72.0,Female,Bangalore,Andheri Branch,Fixed Deposit,327720.8,TXN101920,2024-03-05,POS Purchase,90674.34,Mobile App,Success,380.0,Self-Employed,929416.8,Yes,garrett18@example.net,001-342-346-3815x129,False
2187,CUST11457,7918101230,Kayla Mccann,28.0,Female,Lucknow,Koramangala Branch,Current,10254.55,TXN101457,2025-11-25,POS Purchase,107135.67,UPI,Success,389.0,Unemployed,2347585.74,No,howard63@example.net,494.512.8866x9112,False
2188,CUST11093,2775021744,Jared Smith,65.0,Male,Delhi,Banjara Hills Branch,NRI,492318.94,TXN101093,2025-12-12,Withdrawal,183852.26,ATM,Success,371.0,Retired,772550.12,Yes,cruzkaren@example.net,(932)273-7989,False
2189,CUST12023,7976167764,William Hall,28.0,Other,Kolkata,Andheri Branch,Salary,67423.15,TXN102023,2022-05-07,Bill Payment,178849.3,POS,Success,812.0,Student,2358299.81,Yes,floreskyle@example.com,572-856-0467x820,False
2190,CUST10905,6700342356,Zachary Jones,70.0,Other,Ahmedabad,Andheri Branch,Salary,478117.15,TXN100905,2024-09-19,Transfer,120973.97,POS,Success,492.0,Retired,1874482.02,No,bobbybishop@example.net,5943976987,False
2191,CUST10367,7583092079,Nicholas Green,45.0,Other,Pune,Connaught Place Branch,NRI,118063.99,TXN100367,2022-11-22,Bill Payment,76794.1,ATM,Success,741.0,Student,1766551.9,No,lauren31@example.com,(926)569-3008x931,False
2192,CUST10346,4420882289,Ashley Davenport,63.0,Other,Delhi,Anna Nagar Branch,Savings,351644.49,TXN100346,2025-07-22,Transfer,100926.72,UPI,Success,823.0,Retired,2856798.58,No,gcoleman@example.org,(715)917-1827x54801,False
2193,CUST11373,7988541887,Brian Lopez,22.0,Female,Delhi,Andheri Branch,Savings,325706.3,TXN101373,2023-06-26,POS Purchase,143080.26,Mobile App,Success,739.0,Student,2291575.78,Yes,pjimenez@example.com,418.886.2639x561,False
2194,CUST11640,5883121540,Tina Schmitt,25.0,Other,Hyderabad,MG Road Branch,Fixed Deposit,7234.81,TXN101640,2023-04-17,ATM Withdrawal,122212.28,Internet Banking,Success,763.0,Retired,2089807.74,Yes,emarsh@example.com,+1-221-573-6838x50957,False
2195,CUST10920,9298062261,Kirsten Collins,29.0,Other,Mumbai,Anna Nagar Branch,Current,224898.51,TXN100920,2025-04-02,ATM Withdrawal,111511.09,ATM,Success,876.0,Student,330358.95,Yes,sbradley@example.org,759-545-0119x29207,False
2196,CUST10212,9131344493,Kimberly May,63.0,Male,Pune,Andheri Branch,NRI,444325.4,TXN100212,2022-11-18,Deposit,20296.5,Internet Banking,Pending,719.0,Unemployed,1729220.43,No,avilabrenda@example.net,958-814-4914,False
2197,CUST11604,8101342499,Andrew Mann,43.0,Female,Chennai,Koramangala Branch,Fixed Deposit,436352.2,TXN101604,2024-09-02,Deposit,132684.2,Mobile App,Success,581.0,Salaried,2540671.84,Yes,treid@example.org,403.672.7186,False
2198,CUST10538,6952369916,James Freeman,31.0,Male,Hyderabad,Anna Nagar Branch,Fixed Deposit,24013.86,TXN100538,2024-11-27,Deposit,34406.55,Branch,Success,413.0,Self-Employed,1678891.1,No,jason98@example.net,847-528-1235x67983,False
2199,CUST11221,9758687253,Steve Walsh,65.0,Female,Lucknow,Anna Nagar Branch,NRI,464804.1,TXN101221,2022-10-30,ATM Withdrawal,48058.41,ATM,Failed,386.0,Unemployed,1862237.63,No,raymond78@example.net,718.688.2237x8870,False
2200,CUST10176,8515344013,Charles Matthews,62.0,Other,Ahmedabad,Kothrud Branch,Salary,288887.55,TXN100176,2022-07-10,ATM Withdrawal,194431.45,UPI,Success,666.0,Salaried,2417682.09,No,bjones@example.net,885-464-6799x7024,False
